datasheet_id|name|line|line_in_wargear|dice|name|description|range|type|A|BS_WS|S|AP|D
1|Warboss|1|1||Kombi-rokkit - Busta Rokkit||24|Ranged|1|5|10|-2|3
1|Warboss|2|2||Kombi-rokkit - Shoota|LETHAL HITS: non-MONSTER/VEHICLE, Rapid Fire 1|18|Ranged|2|5|4|0|1
1|Warboss|3|1||Kombi-skorcha - Shoota|LETHAL HITS: non-MONSTER/VEHICLE, Rapid Fire 1|18|Ranged|2|5|4|0|1
1|Warboss|4|2||Kombi-skorcha - Skorcha|BLAST 1, Torrent|12|Ranged|3|-|5|0|1
1|Warboss|5|1||Kustom Shoota|LETHAL HITS: non-MONSTER/VEHICLE, Rapid Fire 2|18|Ranged|4|5|4|0|1
1|Warboss|6|1||Kustom Choppa|CLEAVE 2|Melee|Melee|6|2|7|-2|2
1|Warboss|7|1||Power Klaw||Melee|Melee|6|2|12|-2|2
2|Warboss in Mega Armour|1|1||Big Shoota|LETHAL HITS: non-MONSTER/VEHICLE, Rapid Fire 2|36|Ranged|3|4|5|0|1
2|Warboss in Mega Armour|2|1||’Uge Choppa|CLEAVE 2|Melee|Melee|5|2|12|-2|3
3|Warboss on Warbike|1|1||Dual Dakkagun|ASSAULT, LETHAL HITS: non-MONSTER/VEHICLE|18|Ranged|6|5|5|0|1
3|Warboss on Warbike|2|1||Killsaw||Melee|Melee|6|3|12|-2|3
3|Warboss on Warbike|3|1||Power Klaw||Melee|Melee|6|2|12|-2|2
3|Warboss on Warbike|4|1||Big Choppa|CLEAVE 2|Melee|Melee|6|2|9|-1|2
4|Weirdboy|1|1||Power Vomit|BLAST 1, Hazardous, PSYCHIC, Torrent|12|Ranged|3|-|5|-3|2
4|Weirdboy|2|1||Copper Staff|PSYCHIC|Melee|Melee|3|3|8|-1|2
6|Big Mek in Mega Armour|1|1||Kombi-weapon - Shoota|LETHAL HITS: non-MONSTER/VEHICLE, Rapid Fire 1|18|Ranged|2|4|4|0|1
6|Big Mek in Mega Armour|2|2||Kombi-weapon - Kill Shot||24|Ranged|1|4|10|-2|3
6|Big Mek in Mega Armour|3|3||Kombi-weapon - Point Blank|BLAST 1, Torrent|12|Ranged|3|-|5|0|1
6|Big Mek in Mega Armour|4|1||Kustom Mega-blasta|Hazardous|24|Ranged|3|4|9|-2|3
6|Big Mek in Mega Armour|5|1||Kustom Shoota - Aimed|LETHAL HITS: non-MONSTER/VEHICLE, Rapid Fire 2|18|Ranged|4|4|4|0|1
6|Big Mek in Mega Armour|6|2||Kustom Shoota - Point Blank|CLOSE-QUARTERS, Torrent|6|Ranged|D3+3|-|4|0|1
6|Big Mek in Mega Armour|7|1||Tellyport Blasta|BLAST 1|12|Ranged|6|4|9|-2|3
6|Big Mek in Mega Armour|8|1||Killsaw||Melee|Melee|3|4|10|-2|3
6|Big Mek in Mega Armour|9|1||Power Klaw||Melee|Melee|3|3|10|-2|2
8|Ghazghkull Thraka|1|1||Mork’s Roar - Aimed|LETHAL HITS: non-MONSTER/VEHICLE, Rapid Fire 4|36|Ranged|12|5|6|-1|1
8|Ghazghkull Thraka|2|2||Mork’s Roar - Point Blank|CLOSE-QUARTERS, Torrent|9|Ranged|2D6+2|-|6|-1|1
8|Ghazghkull Thraka|3|1||Adamantine ’Eadbutt|Devastating Wounds, Extra Attacks, Precision|Melee|Melee|1|2|14|-2|D3+3
8|Ghazghkull Thraka|4|1||Gork’s Klaw|CLEAVE 2, Devastating Wounds|Melee|Melee|7|2|14|-3|4
9|Kaptin Badrukk|1|1||Da Rippa - Standard|Heavy, Sustained Hits 1|24|Ranged|3|5|7|-2|2
9|Kaptin Badrukk|2|2||Da Rippa - Supercharge|Hazardous, Heavy, Sustained Hits 1|24|Ranged|3|5|8|-3|3
9|Kaptin Badrukk|3|1||Slugga|CLOSE-QUARTERS, LETHAL HITS: non-MONSTER/VEHICLE|12|Ranged|1|5|4|0|1
9|Kaptin Badrukk|4|1||Choppa||Melee|Melee|3|3|5|-1|1
10|Boss Zagstruk|1|1||Slugga|CLOSE-QUARTERS, LETHAL HITS: non-MONSTER/VEHICLE|12|Ranged|1|5|4|0|1
10|Boss Zagstruk|2|1||Da Vulcha's Klaws and Choppa||Melee|Melee|6|2|8|-2|2
11|Boss Snikrot|1|1||Slugga|CLOSE-QUARTERS, LETHAL HITS: non-MONSTER/VEHICLE, Precision|12|Ranged|1|5|4|0|1
11|Boss Snikrot|2|1||Mork’s Teef|Anti-Infantry 2+, Precision|Melee|Melee|6|2|6|-2|2
12|Mek|1|1||Kustom Mega-slugga|CLOSE-QUARTERS, Hazardous|12|Ranged|3|4|8|-2|3
12|Mek|2|1||Mek’s Toolz||Melee|Melee|3|3|5|0|1
13|Painboy|1|1||’Urty Syringe|anti-infantry 4+, DEVASTATING WOUNDS: INFANTRY, Extra Attacks|Melee|Melee|1|3|2|0|D6
13|Painboy|2|1||Dok’s Toolz||Melee|Melee|3|3|10|-2|2
15|Mad Dok Grotsnik|1|1||Slugga|CLOSE-QUARTERS, LETHAL HITS: non-MONSTER/VEHICLE|12|Ranged|1|5|4|0|1
15|Mad Dok Grotsnik|2|1||Power Klaw||Melee|Melee|4|3|10|-2|2
15|Mad Dok Grotsnik|3|1||'Urty Syringe|anti-infantry 4+, DEVASTATING WOUNDS: INFANTRY, Extra Attacks, Precision|Melee|Melee|1|3|2|0|D6
16|Boy|1|1||Big Shoota|LETHAL HITS: non-MONSTER/VEHICLE, Rapid Fire 2|36|Ranged|3|5|4|0|1
16|Boy|2|1||Burna|BLAST 1, Torrent|12|Ranged|3|-|4|0|1
16|Boy|3|1||Kombi-rokkit - Busta Rokkit||24|Ranged|1|5|10|-2|3
16|Boy|4|2||Kombi-rokkit - Shoota|LETHAL HITS: non-MONSTER/VEHICLE, Rapid Fire 1|18|Ranged|2|5|4|0|1
16|Boy|5|1||Kombi-skorcha - Shoota|LETHAL HITS: non-MONSTER/VEHICLE, Rapid Fire 1|18|Ranged|2|5|4|0|1
16|Boy|6|2||Kombi-skorcha - Skorcha|BLAST 1, Torrent|12|Ranged|3|-|5|0|1
16|Boy|7|1||Kustom Shoota|LETHAL HITS: non-MONSTER/VEHICLE, Rapid Fire 2|18|Ranged|4|5|4|0|1
16|Boy|8|1||Rokkit Launcha - Blasta|BLAST 2|24|Ranged|2|5|4|0|1
16|Boy|9|2||Rokkit Launcha - Busta||24|Ranged|2|5|10|-2|3
16|Boy|10|1||Shoota|LETHAL HITS: non-MONSTER/VEHICLE, Rapid Fire 1|18|Ranged|2|5|4|0|1
16|Boy|11|1||Slugga|CLOSE-QUARTERS, LETHAL HITS: non-MONSTER/VEHICLE|12|Ranged|1|5|4|0|1
16|Boy|12|1||Big Choppa|CLEAVE 2|Melee|Melee|4|3|7|-1|2
16|Boy|13|1||Choppa||Melee|Melee|3|3|5|-1|1
16|Boy|14|1||Kustom Choppa||Melee|Melee|4|3|5|-2|2
16|Boy|15|1||Power Klaw||Melee|Melee|3|3|10|-2|2
17|Gretchin|1|1||Grot Blasta|CLOSE-QUARTERS|12|Ranged|1|4|3|0|1
17|Gretchin|2|1||Scavenged Shivs||Melee|Melee|1|5|2|0|1
19|Burna Boy|1|1||Big Shoota|LETHAL HITS: non-MONSTER/VEHICLE, Rapid Fire 2|36|Ranged|3|5|5|0|1
19|Burna Boy|2|1||Burna|BLAST 1, Torrent|12|Ranged|3|-|4|0|1
19|Burna Boy|3|1||Kustom Mega-blasta|Hazardous|24|Ranged|3|5|9|-2|3
19|Burna Boy|4|1||Rokkit Launcha - Blasta|BLAST 2|24|Ranged|2|5|4|0|1
19|Burna Boy|5|2||Rokkit Launcha - Busta||24|Ranged|2|5|10|-2|3
19|Burna Boy|6|1||Gun Stock and Fists||Melee|Melee|2|3|5|0|1
19|Burna Boy|7|1||Cuttin' Flames||Melee|Melee|2|4|4|-2|1
20|Tankbusta|1|1||Busta Rokkit Launcha - Standard||24|Ranged|2|4|10|-2|3
20|Tankbusta|2|2||Busta Rokkit Launcha - Hunter||24|Ranged|3|4|12|-2|3
20|Tankbusta|3|1||Rokkit Pistol|CLOSE-QUARTERS|12|Ranged|1|4|10|-2|3
20|Tankbusta|4|1||Choppa||Melee|Melee|4|3|5|-1|1
20|Tankbusta|5|1||Gitstikka||Melee|Melee|3|3|5|0|1
20|Tankbusta|6|1||Smash Hammer - Standard||Melee|Melee|3|3|7|-2|2
20|Tankbusta|7|2||Smash Hammer - Hunter||Melee|Melee|3|3|12|-2|3
21|Nob|1|1||Big Skorcha|BLAST 2, Torrent|18|Ranged|3|-|5|-1|1
21|Nob|2|1||Kustom Big Shoota|LETHAL HITS: non-MONSTER/VEHICLE|18|Ranged|8|5|4|0|1
21|Nob|3|1||Kombi-rokkit - Busta Rokkit||24|Ranged|1|5|10|-2|3
21|Nob|4|2||Kombi-rokkit - Shoota|LETHAL HITS: non-MONSTER/VEHICLE, Rapid Fire 1|18|Ranged|2|5|4|0|1
21|Nob|5|1||Kustom Shoota|LETHAL HITS: non-MONSTER/VEHICLE, Rapid Fire 2|18|Ranged|4|5|4|0|1
21|Nob|6|1||Big Choppa|CLEAVE 2|Melee|Melee|4|3|7|-1|2
21|Nob|7|1||Kustom Choppa||Melee|Melee|4|3|5|-2|2
21|Nob|8|1||Kustom Krumpa||Melee|Melee|3|3|10|-2|2
24|Meganob|1|1||Kombi-weapon - Shoota|LETHAL HITS: non-MONSTER/VEHICLE, Rapid Fire 1|18|Ranged|2|5|4|0|1
24|Meganob|2|2||Kombi-weapon - Kill Shot||24|Ranged|1|5|10|-2|3
24|Meganob|3|3||Kombi-weapon - Point Blank|BLAST 1, Torrent|12|Ranged|3|-|5|0|1
24|Meganob|4|1||Kustom Shoota - Aimed|LETHAL HITS: non-MONSTER/VEHICLE, Rapid Fire 2|18|Ranged|4|5|4|0|1
24|Meganob|5|2||Kustom Shoota - Point Blank|CLOSE-QUARTERS, Torrent|6|Ranged|D3+3|-|4|0|1
24|Meganob|6|1||Killsaw||Melee|Melee|3|4|10|-2|3
24|Meganob|7|1||Power Klaw||Melee|Melee|3|3|10|-2|2
24|Meganob|8|1||Twin Killsaws|Twin-linked|Melee|Melee|3|4|10|-2|3
25|Kommando|1|1||Burna|BLAST 1, Torrent|12|Ranged|3|-|4|0|1
25|Kommando|2|1||Kustom Shoota|LETHAL HITS: non-MONSTER/VEHICLE, Rapid Fire 2|18|Ranged|4|5|4|0|1
25|Kommando|3|1||Rokkit Launcha - Blasta|BLAST 2|24|Ranged|2|5|4|0|1
25|Kommando|4|2||Rokkit Launcha - Busta||24|Ranged|2|5|10|-2|3
25|Kommando|5|1||Slugga|CLOSE-QUARTERS, LETHAL HITS: non-MONSTER/VEHICLE|12|Ranged|1|5|4|0|1
25|Kommando|6|1||Big Choppa|CLEAVE 2|Melee|Melee|4|3|7|-1|2
25|Kommando|7|1||Breacha Ram||Melee|Melee|2|4|8|-2|2
25|Kommando|8|1||Choppa||Melee|Melee|3|3|5|-1|1
25|Kommando|9|1||Power Klaw||Melee|Melee|3|3|10|-2|2
26|Trukk|1|1||Dual Big Shoota|LETHAL HITS: non-MONSTER/VEHICLE, Rapid Fire 4|36|Ranged|6|5|5|0|1
26|Trukk|2|1||Rokkit Launcha - Blasta|BLAST 2|24|Ranged|2|5|4|0|1
26|Trukk|3|2||Rokkit Launcha - Busta||24|Ranged|2|5|10|-2|3
26|Trukk|4|1||Buzzsaw|CLEAVE 1, Extra Attacks|Melee|Melee|2|3|6|-1|2
26|Trukk|5|1||Grabbin’ Klaw|Extra Attacks|Melee|Melee|2|3|10|-2|2
26|Trukk|6|1||Spiked Ram|CLEAVE 1|Melee|Melee|3|3|6|0|1
27|Stormboy|1|1||Slugga|CLOSE-QUARTERS, LETHAL HITS: non-MONSTER/VEHICLE|12|Ranged|1|5|4|0|1
27|Stormboy|2|1||Choppa||Melee|Melee|3|3|5|-1|1
27|Stormboy|3|1||Kustom Choppa||Melee|Melee|4|3|5|-2|2
27|Stormboy|4|1||Power Klaw||Melee|Melee|3|3|10|-2|2
28|Deffkopta|1|1||Rokkit Launcha - Blasta|BLAST 2|24|Ranged|2|5|4|0|1
28|Deffkopta|2|2||Rokkit Launcha - Busta|Lethal Hits|24|Ranged|2|5|10|-2|3
28|Deffkopta|3|1||Kustom Mega-blasta|Hazardous, Lethal Hits|24|Ranged|3|5|9|-2|3
28|Deffkopta|4|1||Slugga|CLOSE-QUARTERS, LETHAL HITS: non-MONSTER/VEHICLE|12|Ranged|1|5|4|0|1
28|Deffkopta|5|1||Choppa||Melee|Melee|3|4|5|-1|1
28|Deffkopta|6|1||Spinnin’ Blades|CLEAVE 1, Hazardous|Melee|Melee|4|3|5|-1|1
29|Dakkajet|1|1||Dual Supa-shoota|LETHAL HITS: non-MONSTER/VEHICLE, Rapid Fire 4|36|Ranged|8|5|6|-1|1
29|Dakkajet|2|1||Armoured Impact||Melee|Melee|3|4|6|0|1
30|Burna-bommer|1|1||Dual Big Shoota|LETHAL HITS: non-MONSTER/VEHICLE, Rapid Fire 4|36|Ranged|6|5|5|0|1
30|Burna-bommer|2|1||Dual Supa Shoota|LETHAL HITS: non-MONSTER/VEHICLE, Rapid Fire 4, Sustained Hits 1|36|Ranged|8|5|6|-1|1
30|Burna-bommer|3|1||Skorcha Missile Rack|BLAST 2, Ignores Cover|36|Ranged|6|5|5|0|1
30|Burna-bommer|4|1||Armoured Impact||Melee|Melee|3|4|6|0|1
31|Blitza-bommer|1|1||Big Shoota|LETHAL HITS: non-MONSTER/VEHICLE, Rapid Fire 2|36|Ranged|3|5|5|0|1
31|Blitza-bommer|2|1||Dual Supa-shoota|LETHAL HITS: non-MONSTER/VEHICLE, Rapid Fire 4|36|Ranged|8|5|6|-1|1
31|Blitza-bommer|3|1||Armoured Impact||Melee|Melee|3|4|6|0|1
32|Wazbom Blastajet|1|1||Dual Supa-shoota|Ignores Cover, LETHAL HITS: non-MONSTER/VEHICLE, Rapid Fire 4|36|Ranged|8|4|6|-1|1
32|Wazbom Blastajet|2|1||Dual Tellyport Mega-blasta|BLAST 1, Ignores Cover, Rapid Fire 6|24|Ranged|6|4|9|-2|3
32|Wazbom Blastajet|3|1||Dual Wazbom Mega-kannon|Hazardous, Ignores Cover|36|Ranged|4|4|12|-2|4
32|Wazbom Blastajet|4|1||Smasha Gun|Ignores Cover|48|Ranged|4|4|6|-3|3
32|Wazbom Blastajet|5|1||Armoured Impact||Melee|Melee|3|4|6|0|1
33|Warbiker|1|1||Dual Kombi-rokkit - Dakkagun|ASSAULT, LETHAL HITS: non-MONSTER/VEHICLE|18|Ranged|6|5|5|0|1
33|Warbiker|2|2||Dual Kombi-rokkit - Busta Rokkit|ASSAULT|24|Ranged|2|5|10|-2|3
33|Warbiker|3|1||Dual Dakkagun|ASSAULT, LETHAL HITS: non-MONSTER/VEHICLE|18|Ranged|6|5|5|0|1
33|Warbiker|4|1||Choppa||Melee|Melee|3|3|5|-1|1
33|Warbiker|5|1||Kustom Choppa||Melee|Melee|4|3|5|-2|2
36|Warbuggy|1|1||Extra Dakka|ASSAULT, LETHAL HITS: non-MONSTER/VEHICLE, Sustained Hits 1|12|Ranged|4|5|5|-1|1
36|Warbuggy|2|1||Rivet Kannon - Aimed|anti-infantry 4+, ASSAULT, DEVASTATING WOUNDS: INFANTRY|24|Ranged|6|4|7|-2|2
36|Warbuggy|3|2||Rivet Kannon - Point Blank|anti-infantry 4+, ASSAULT, DEVASTATING WOUNDS: INFANTRY, Torrent|6|Ranged|D3+1|-|7|-2|2
36|Warbuggy|4|1||Mek Speshul - Aimed|ASSAULT, LETHAL HITS: non-MONSTER/VEHICLE, Sustained Hits 1|24|Ranged|14|4|5|-1|1
36|Warbuggy|5|2||Mek Speshul - Point Blank|ASSAULT, Torrent|6|Ranged|2D6+2|-|5|-1|1
36|Warbuggy|6|1||Spiked Ram|CLEAVE 1|Melee|Melee|4|3|7|-1|2
38|Mek Gunz|1|1||Smasha Gun|BLAST 1|48|Ranged|4|4|7|-3|3
38|Mek Gunz|2|1||Bubblechukka|BLAST 3, Lethal Hits|48|Ranged|8|4|3|-3|1
38|Mek Gunz|3|1||Kustom Mega-kannon|BLAST 1, Hazardous|36|Ranged|D3+1|4|12|-2|4
38|Mek Gunz|4|1||Traktor Kannon|Anti-Fly 2+|48|Ranged|2|4|6|-2|D3+3
38|Mek Gunz|5|1||Scavenged Shivs||Melee|Melee|5|5|2|0|1
39|Battlewagon|1|1||Big Shoota|LETHAL HITS: non-MONSTER/VEHICLE, Rapid Fire 2|36|Ranged|3|5|5|0|1
39|Battlewagon|2|1||Crushin’ Bulk|CLEAVE 1|Melee|Melee|6|3|8|-2|2
39|Battlewagon|3|1||Grabbin’ Klaw|Extra Attacks|Melee|Melee|2|3|10|-2|2
39|Battlewagon|4|1||Wreckin’ Ball|CLEAVE 2, Extra Attacks|Melee|Melee|1|3|10|0|D6
40|Deff Dread|1|1||Big Shoota|LETHAL HITS: non-MONSTER/VEHICLE, Rapid Fire 2|36|Ranged|3|5|5|0|1
40|Deff Dread|2|1||Kustom Mega-blasta|Hazardous|24|Ranged|3|5|9|-2|3
40|Deff Dread|3|1||Rokkit Launcha - Blasta|BLAST 2|24|Ranged|2|5|4|0|1
40|Deff Dread|4|2||Rokkit Launcha - Busta||24|Ranged|2|5|10|-2|3
40|Deff Dread|5|1||Skorcha|BLAST 1, Torrent|12|Ranged|3|-|5|0|1
40|Deff Dread|6|1||Extra Klaw|Extra Attacks|Melee|Melee|1|3|12|-2|3
40|Deff Dread|7|1||Dread Klaws|CLEAVE 1|Melee|Melee|5|3|12|-2|3
41|Killa Kan|1|1||Kan Blasta - Dakka|BLAST 1, Ignores Cover, Sustained Hits 1|24|Ranged|4|4|6|-1|1
41|Killa Kan|2|2||Kan Blasta - Kill Shot||24|Ranged|2|4|10|-2|3
41|Killa Kan|3|3||Kan Blasta - Point Blank|BLAST 2, Torrent|12|Ranged|3|-|5|-1|1
41|Killa Kan|4|1||Kan Klaw||Melee|Melee|3|4|8|-2|3
42|Morkanaut|1|1||Dual Big Shoota|LETHAL HITS: non-MONSTER/VEHICLE, Rapid Fire 4|36|Ranged|6|4|5|0|1
42|Morkanaut|2|1||Kustom Mega-blasta|Hazardous|24|Ranged|3|4|9|-2|3
42|Morkanaut|3|1||Kustom Mega-zappa|BLAST 1, Hazardous|36|Ranged|3|4|12|-2|4
42|Morkanaut|4|1||Rokkit Launcha - Blasta|BLAST 2|24|Ranged|2|4|5|0|1
42|Morkanaut|5|2||Rokkit Launcha - Busta||24|Ranged|2|4|10|-2|3
42|Morkanaut|6|1||Klaw of Mork|CLEAVE 2|Melee|Melee|5|3|18|-3|6
43|Gorkanaut|1|1||Deffstorm Mega-shoota - Aimed|LETHAL HITS: non-MONSTER/VEHICLE|36|Ranged|20|5|6|-1|1
43|Gorkanaut|2|2||Deffstorm Mega-shoota - Point Blank|Torrent|12|Ranged|3D6|-|6|-1|1
43|Gorkanaut|3|1||Dual Big Shoota|LETHAL HITS: non-MONSTER/VEHICLE, Rapid Fire 4|36|Ranged|6|5|5|0|1
43|Gorkanaut|4|1||Rokkit Launcha - Blasta|BLAST 2|24|Ranged|2|5|5|0|1
43|Gorkanaut|5|2||Rokkit Launcha - Busta||24|Ranged|2|5|10|-2|3
43|Gorkanaut|6|1||Skorcha|BLAST 1, Torrent|12|Ranged|3|-|5|0|1
43|Gorkanaut|7|1||Klaw of Gork|CLEAVE 3|Melee|Melee|6|3|18|-3|6
44|Spanner|1|1||Big Shoota|LETHAL HITS: non-MONSTER/VEHICLE, Rapid Fire 2|36|Ranged|3|5|5|0|1
44|Spanner|2|1||Deffgun|Heavy, Rapid Fire 1|48|Ranged|2|6|8|-1|2
44|Spanner|3|1||Kustom Mega-blasta|Hazardous|24|Ranged|3|5|9|-2|3
44|Spanner|4|1||Rokkit Launcha - Blasta|BLAST 2|24|Ranged|2|5|4|0|1
44|Spanner|5|2||Rokkit Launcha - Busta||24|Ranged|2|5|10|-2|3
44|Spanner|6|1||Gun Stock and Fists||Melee|Melee|2|3|5|0|1
45|Flash Git|1|1||Snazzgun - Cutta|Hazardous, Melta 2|12|Ranged|1|4|9|-3|D3+2
45|Flash Git|2|2||Snazzgun - Dakka|LETHAL HITS: non-MONSTER/VEHICLE, Sustained Hits 1|24|Ranged|3|4|6|-1|2
45|Flash Git|3|3||Snazzgun - Kill Shot|Hazardous|36|Ranged|2|4|8|-2|2
45|Flash Git|4|1||Choppa||Melee|Melee|4|3|5|-1|1
46|Stompa|1|1||Big Shoota|LETHAL HITS: non-MONSTER/VEHICLE, Rapid Fire 2|36|Ranged|3|5|5|0|1
46|Stompa|2|1||Deffkannon and Supa-rokkits|BLAST 2|72|Ranged|12|5|14|-3|D6+2
46|Stompa|3|1||Skorcha|BLAST 2, Torrent|12|Ranged|3|-|5|-1|1
46|Stompa|4|1||Supa-gatler - Aimed|LETHAL HITS: non-MONSTER/VEHICLE, Sustained Hits 1|24|Ranged|30|5|7|-2|2
46|Stompa|5|2||Supa-gatler - Point Blank|Torrent|12|Ranged|3D6+3|-|7|-2|2
46|Stompa|6|1||Mega-choppa|CLEAVE 4|Melee|Melee|6|3|24|-4|10
49|Grot Tank|1|1||Grot Tank Shoota|Devastating Wounds, Rapid Fire 2|36|Ranged|3|4|5|0|1
49|Grot Tank|2|1||Grotzooka|BLAST 1, Ignores Cover|18|Ranged|D3+3|4|6|-1|1
49|Grot Tank|3|1||Kustom Mega-blasta|Hazardous|24|Ranged|3|4|9|-2|3
49|Grot Tank|4|1||Rokkit Launcha - Blasta|BLAST 2|24|Ranged|2|4|4|0|1
49|Grot Tank|5|2||Rokkit Launcha - Busta||24|Ranged|2|4|10|-2|3
49|Grot Tank|6|1||Skorcha|BLAST 1, Torrent|12|Ranged|3|-|5|0|1
49|Grot Tank|7|1||Ramshackle Hull||Melee|Melee|3|5|6|0|1
50|Grot Mega-tank|1|1||Dual Big Shoota|LETHAL HITS: non-MONSTER/VEHICLE, Rapid Fire 4|36|Ranged|6|4|5|0|1
50|Grot Mega-tank|2|1||Dual Grotzooka|BLAST 1, Ignores Cover, Twin-linked|18|Ranged|D3+3|4|6|-1|1
50|Grot Mega-tank|3|1||Mega-tank Weapons|Rapid Fire 10|18|Ranged|10|4|5|0|1
50|Grot Mega-tank|4|1||Dual Kustom Mega-blasta|Hazardous, Twin-linked|24|Ranged|3|4|9|-2|3
50|Grot Mega-tank|5|1||Dual Rokkit Launcha - Blasta|BLAST 2, Twin-linked|24|Ranged|2|5|4|0|1
50|Grot Mega-tank|6|2||Dual Rokkit Launcha - Busta|Twin-linked|24|Ranged|2|5|10|-2|3
50|Grot Mega-tank|7|1||Dual Skorcha|BLAST 1, Torrent, Twin-linked|12|Ranged|3|-|5|0|1
50|Grot Mega-tank|8|1||Armoured Hull||Melee|Melee|6|4|4|0|1
53|Lifta Wagon|1|1||Lifta-droppa|Anti-Vehicle 3+|36|Ranged|4|5|6|-3|D6+1
53|Lifta Wagon|2|1||Big Shoota|LETHAL HITS: non-MONSTER/VEHICLE, Rapid Fire 2|36|Ranged|3|5|5|0|1
53|Lifta Wagon|3|1||Rokkit Launcha - Blasta|BLAST 2|24|Ranged|2|5|4|0|1
53|Lifta Wagon|4|2||Rokkit Launcha - Busta||24|Ranged|2|5|10|-2|3
53|Lifta Wagon|5|1||Crushin' Bulk|CLEAVE 1|Melee|Melee|6|3|8|-2|2
53|Lifta Wagon|6|1||Grabbin Klaw'|Extra Attacks|Melee|Melee|2|3|10|-2|2
53|Lifta Wagon|7|1||Wreckin' Ball|CLEAVE 2, Extra Attacks|Melee|Melee|1|3|10|0|D6
54|Big Trakk|1|1||Big Shoota|LETHAL HITS: non-MONSTER/VEHICLE, Rapid Fire 2|36|Ranged|3|5|5|0|1
54|Big Trakk|2|1||Kannon - Frag|BLAST 1|36|Ranged|3|5|5|0|1
54|Big Trakk|3|2||Kannon - Shell||36|Ranged|1|5|9|-2|D3+3
54|Big Trakk|4|1||Supa-kannon - Frag|BLAST 2|36|Ranged|D6+3|5|5|0|1
54|Big Trakk|5|2||Supa-kannon - Shell||36|Ranged|1|5|12|-3|D6+3
54|Big Trakk|6|1||Armoured Hull||Melee|Melee|3|4|6|0|1
56|Kill Tank|1|1||Big Shoota|LETHAL HITS: non-MONSTER/VEHICLE, Rapid Fire 2|36|Ranged|3|5|5|0|1
56|Kill Tank|2|1||Tank Kannon - Blasta|BLAST 2|48|Ranged|10|5|6|-1|1
56|Kill Tank|3|2||Tank Kannon - Tankhamma|Heavy|48|Ranged|2|5|16|-3|D6+6
56|Kill Tank|4|1||Rokkit Launcha - Blasta|BLAST 2|24|Ranged|2|5|4|0|1
56|Kill Tank|5|2||Rokkit Launcha - Busta||24|Ranged|2|5|10|-2|3
56|Kill Tank|6|1||Skorcha|BLAST 1, Torrent|12|Ranged|3|-|5|0|1
56|Kill Tank|7|1||Zzap Gun|ANTI-MONSTER/VEHICLE 4+, DEVASTATING WOUNDS: MONSTER/VEHICLE, Rapid Fire 2, Sustained Hits 2|36|Ranged|2|5|8|-2|4
56|Kill Tank|8|1||Kannon - Frag|BLAST 2|48|Ranged|2D6|5|6|-1|1
56|Kill Tank|9|2||Kannon - Shell|Heavy|48|Ranged|2|5|12|-3|D3+3
56|Kill Tank|10|1||Lobba|BLAST 3, Indirect Fire|48|Ranged|3|5|5|0|1
56|Kill Tank|11|1||Crushin' Bulk|CLEAVE 2|Melee|Melee|6|3|8|-2|2
56|Kill Tank|12|1||Deff Rolla||Melee|Melee|6|3|10|-2|3
59|Gargantuan Squiggoth|1|1||Supa-kannon|Blast|60|Ranged|2D6|5|12|-2|3
59|Gargantuan Squiggoth|2|1||Kannon - shell||36|Ranged|1|5|9|-2|D6
59|Gargantuan Squiggoth|3|2||Kannon - frag|Blast|36|Ranged|D6|5|5|0|1
59|Gargantuan Squiggoth|4|1||Huge tusks - sweep||Melee|Melee|18|3|9|-2|3
59|Gargantuan Squiggoth|5|2||Huge tusks - strike|Lance|Melee|Melee|6|3|14|-3|12
60|Apothecary Biologis|1|1||Absolvor bolt pistol|pistol|18|Ranged|1|3|5|-1|2
60|Apothecary Biologis|2|1||Close combat weapon||Melee|Melee|4|3|4|0|1
61|Assault Squad|1|1||Bolt pistol|pistol|12|Ranged|1|3|4|0|1
61|Assault Squad|2|1||Flamer|ignores cover, torrent|12|Ranged|D6|N/A|4|0|1
61|Assault Squad|3|1||Grav-pistol|ANTI-VEHICLE 2+, PISTOL|12|Ranged|1|3|4|-1|2
61|Assault Squad|4|1||Hand flamer|IGNORES COVER, PISTOL, TORRENT|12|Ranged|D6|N/A|3|0|1
61|Assault Squad|5|1||Inferno pistol|MELTA 2, PISTOL|6|Ranged|1|3|8|-4|D3
61|Assault Squad|6|1||Meltagun|melta 2|12|Ranged|1|3|9|-4|D6
61|Assault Squad|7|1||Plasma gun – standard|rapid fire 1|24|Ranged|1|3|7|-2|1
61|Assault Squad|8|2||Plasma gun – supercharge|hazardous, rapid fire 1|24|Ranged|1|3|8|-3|2
61|Assault Squad|9|1||Plasma pistol – standard|pistol|12|Ranged|1|3|7|-2|1
61|Assault Squad|10|2||Plasma pistol – supercharge|hazardous, pistol|12|Ranged|1|3|8|-3|2
61|Assault Squad|11|1||Astartes chainsword||Melee|Melee|4|3|4|-1|1
61|Assault Squad|12|1||Close combat weapon||Melee|Melee|2|3|4|0|1
61|Assault Squad|13|1||Eviscerator|sustained hits 1|Melee|Melee|3|4|7|-2|2
61|Assault Squad|14|1||Power fist||Melee|Melee|3|3|8|-2|2
61|Assault Squad|15|1||Power weapon||Melee|Melee|4|3|5|-2|1
61|Assault Squad|16|1||Thunder hammer|devastating wounds|Melee|Melee|3|4|8|-2|2
61|Assault Squad|17|1||Twin lightning claws|twin-linked|Melee|Melee|5|3|4|-2|1
63|Apothecary On Bike|1|1||Bolt pistol|pistol|12|Ranged|1|3|4|0|1
63|Apothecary On Bike|2|1||Twin boltgun|twin-linked|24|Ranged|2|3|4|0|1
63|Apothecary On Bike|3|1||Astartes chainsword||Melee|Melee|5|3|4|-1|1
64|Assault Squad With Jump Packs|1|1||Bolt pistol|pistol|12|Ranged|1|3|4|0|1
64|Assault Squad With Jump Packs|2|1||Flamer|ignores cover, torrent|12|Ranged|D6|N/A|4|0|1
64|Assault Squad With Jump Packs|3|1||Grav-pistol|ANTI-VEHICLE 2+, PISTOL|12|Ranged|1|3|4|-1|2
64|Assault Squad With Jump Packs|4|1||Hand flamer|IGNORES COVER, PISTOL, TORRENT|12|Ranged|D6|N/A|3|0|1
64|Assault Squad With Jump Packs|5|1||Inferno pistol|MELTA 2, PISTOL|6|Ranged|1|3|8|-4|D3
64|Assault Squad With Jump Packs|6|1||Meltagun|melta 2|12|Ranged|1|3|9|-4|D6
64|Assault Squad With Jump Packs|7|1||Plasma gun – standard|rapid fire 1|24|Ranged|1|3|7|-2|1
64|Assault Squad With Jump Packs|8|2||Plasma gun – supercharge|hazardous, rapid fire 1|24|Ranged|1|3|8|-3|2
64|Assault Squad With Jump Packs|9|1||Plasma pistol – standard|pistol|12|Ranged|1|3|7|-2|1
64|Assault Squad With Jump Packs|10|2||Plasma pistol – supercharge|hazardous, pistol|12|Ranged|1|3|8|-3|2
64|Assault Squad With Jump Packs|11|1||Astartes chainsword||Melee|Melee|4|3|4|-1|1
64|Assault Squad With Jump Packs|12|1||Close combat weapon||Melee|Melee|2|3|4|0|1
64|Assault Squad With Jump Packs|13|1||Eviscerator|sustained hits 1|Melee|Melee|3|4|7|-2|2
64|Assault Squad With Jump Packs|14|1||Power fist||Melee|Melee|3|3|8|-2|2
64|Assault Squad With Jump Packs|15|1||Power weapon||Melee|Melee|4|3|5|-2|1
64|Assault Squad With Jump Packs|16|1||Thunder hammer|devastating wounds|Melee|Melee|3|4|8|-2|2
64|Assault Squad With Jump Packs|17|1||Twin lightning claws|twin-linked|Melee|Melee|5|3|4|-2|1
65|Land Raider|1|1||Godhammer lascannon||48|Ranged|2|3|12|-3|D6+1
65|Land Raider|2|1||Hunter-killer missile|one shot|48|Ranged|1|2|14|-3|D6
65|Land Raider|3|1||Multi-melta|melta 2|18|Ranged|2|3|9|-4|D6
65|Land Raider|4|1||Storm bolter|rapid fire 2|24|Ranged|2|3|4|0|1
65|Land Raider|5|1||Twin heavy bolter|sustained hits 1, twin-linked|36|Ranged|3|3|5|-1|2
65|Land Raider|6|1||Armoured tracks||Melee|Melee|6|4|8|0|1
66|Land Raider Crusader|1|1||Hunter-killer missile|one shot|48|Ranged|1|2|14|-3|D6
66|Land Raider Crusader|2|1||Hurricane bolter|rapid fire 6, twin-linked|24|Ranged|6|3|4|0|1
66|Land Raider Crusader|3|1||Multi-melta|melta 2|18|Ranged|2|3|9|-4|D6
66|Land Raider Crusader|4|1||Storm bolter|rapid fire 2|24|Ranged|2|3|4|0|1
66|Land Raider Crusader|5|1||Twin assault cannon|devastating wounds, twin-linked|24|Ranged|6|3|6|0|1
66|Land Raider Crusader|6|1||Armoured tracks||Melee|Melee|6|4|8|0|1
67|Land Raider Excelsior|1|1||Combi-weapon|anti-infantry 4+, devastating wounds, rapid fire 1|24|Ranged|1|4|4|0|1
67|Land Raider Excelsior|2|1||Godhammer lascannons||48|Ranged|2|3|12|-3|D6+1
67|Land Raider Excelsior|3|1||Grav-cannon|anti-vehicle 2+|24|Ranged|3|3|6|-1|3
67|Land Raider Excelsior|4|1||Hunter-killer missile|one shot|48|Ranged|1|2|14|-3|D6
67|Land Raider Excelsior|5|1||Multi-melta|melta 2|18|Ranged|2|3|9|-4|D6
67|Land Raider Excelsior|6|1||Storm bolter|rapid fire 2|24|Ranged|2|3|4|0|1
67|Land Raider Excelsior|7|1||Armoured tracks||Melee|Melee|6|4|8|0|1
68|Suppressor Squad|1|1||Accelerator autocannon|heavy|48|Ranged|3|4|8|-1|2
68|Suppressor Squad|2|1||Bolt pistol|pistol|12|Ranged|1|3|4|0|1
68|Suppressor Squad|3|1||Close combat weapon||Melee|Melee|3|3|4|0|1
70|Tactical Squad|1|1||Bolt pistol|pistol|12|Ranged|1|3|4|0|1
70|Tactical Squad|2|1||Boltgun||24|Ranged|2|3|4|0|1
70|Tactical Squad|3|1||Combi-weapon|ANTI-INFANTRY 4+, DEVASTATING WOUNDS, RAPID FIRE 1|24|Ranged|1|4|4|0|1
70|Tactical Squad|4|1||Flamer|ignores cover, torrent|12|Ranged|D6|N/A|4|0|1
70|Tactical Squad|5|1||Grav-cannon|ANTI-VEHICLE 2+, HEAVY|24|Ranged|3|4|6|-1|3
70|Tactical Squad|6|1||Grav-gun|anti-vehicle 2+|18|Ranged|2|3|5|-1|2
70|Tactical Squad|7|1||Grav-pistol|ANTI-VEHICLE 2+, PISTOL|12|Ranged|1|3|4|-1|2
70|Tactical Squad|8|1||Heavy bolter|HEAVY, SUSTAINED HITS 1|36|Ranged|3|4|5|-1|2
70|Tactical Squad|9|1||Lascannon|HEAVY|48|Ranged|1|4|12|-3|D6+1
70|Tactical Squad|10|1||Meltagun|melta 2|12|Ranged|1|3|9|-4|D6
70|Tactical Squad|11|1||Missile launcher – frag|BLAST, HEAVY|48|Ranged|D6|4|4|0|1
70|Tactical Squad|12|2||Missile launcher – krak|HEAVY|48|Ranged|1|4|9|-2|D6
70|Tactical Squad|13|1||Multi-melta|HEAVY, MELTA 2|18|Ranged|2|4|9|-4|D6
70|Tactical Squad|14|1||Plasma cannon – standard |BLAST, HEAVY|36|Ranged|D3|4|7|-2|1
70|Tactical Squad|15|2||Plasma cannon – supercharge|BLAST, HEAVY, HAZARDOUS|36|Ranged|D3|4|8|-3|2
70|Tactical Squad|16|1||Plasma gun – standard|rapid fire 1|24|Ranged|1|3|7|-2|1
70|Tactical Squad|17|2||Plasma gun – supercharge|hazardous, rapid fire 1|24|Ranged|1|3|8|-3|2
70|Tactical Squad|18|1||Plasma pistol – standard|PISTOL|12|Ranged|1|3|7|-2|1
70|Tactical Squad|19|2||Plasma pistol – supercharge|HAZARDOUS, PISTOL|12|Ranged|1|3|8|-3|2
70|Tactical Squad|20|1||Storm bolter|RAPID FIRE 2|24|Ranged|2|3|4|0|1
70|Tactical Squad|21|1||Astartes chainsword||Melee|Melee|4|3|4|-1|1
70|Tactical Squad|22|1||Close combat weapon||Melee|Melee|2|3|4|0|1
70|Tactical Squad|23|1||Power fist||Melee|Melee|2|3|8|-2|2
70|Tactical Squad|24|1||Power weapon||Melee|Melee|3|3|5|-2|1
70|Tactical Squad|25|1||Thunder hammer|devastating wounds|Melee|Melee|2|4|8|-2|2
70|Tactical Squad|26|1||Twin lightning claws|twin-linked|Melee|Melee|4|3|4|-2|1
71|Bladeguard Veteran Squad|1|1||Heavy bolt pistol|pistol|18|Ranged|1|3|4|-1|1
71|Bladeguard Veteran Squad|2|1||Neo-volkite pistol|devastating wounds, pistol|12|Ranged|1|3|5|0|2
71|Bladeguard Veteran Squad|3|1||Plasma pistol – standard|pistol|12|Ranged|1|3|7|-2|1
71|Bladeguard Veteran Squad|4|2||Plasma pistol – supercharge|hazardous, pistol|12|Ranged|1|3|8|-3|2
71|Bladeguard Veteran Squad|5|1||Master-crafted power weapon||Melee|Melee|4|3|5|-2|2
72|Caestus Assault Ram|1|1||Firefury missile batteries|blast, ignores cover|36|Ranged|2D6|3|6|-1|1
72|Caestus Assault Ram|2|1||Twin magna-melta|melta 4, twin-linked|18|Ranged|2|3|12|-4|D6
72|Caestus Assault Ram|3|1||Armoured hull|lance|Melee|Melee|6|4|8|0|1
73|Captain|1|1||Bolt pistol|pistol|12|Ranged|1|2|4|0|1
73|Captain|2|1||Heavy bolt pistol |Pistol|18|Ranged|1|2|4|-1|1
73|Captain|3|1||Master-crafted bolter||24|Ranged|2|2|4|-1|2
73|Captain|4|1||Neo-volkite pistol|DEVASTATING WOUNDS,PISTOl|12|Ranged|1|2|5|0|2
73|Captain|5|1||Plasma pistol – standard|pistol|12|Ranged|1|2|7|-2|1
73|Captain|6|2||Plasma pistol - supercharge |HAZARDOUS,PISTOL|12|Ranged|1|2|8|-3|2
73|Captain|7|1||Close combat weapon||Melee|Melee|6|2|4|0|1
73|Captain|8|1||Master-crafted power weapon ||Melee|Melee|6|2|5|-2|2
73|Captain|9|1||Power fist||Melee|Melee|5|2|8|-2|2
76|Lieutenant With Combi-weapon|1|1||Combi-weapon|anti-infantry 4+, devastating wounds, rapid fire 1|24|Ranged|1|3|4|0|1
76|Lieutenant With Combi-weapon|2|1||Paired combat blades|anti-infantry 4+, sustained hits 1|Melee|Melee|5|2|4|-1|1
79|Librarian In Terminator Armour|1|1||Combi-weapon|anti-infantry 4+, devastating wounds, rapid fire 1|24|Ranged|1|4|4|0|1
79|Librarian In Terminator Armour|2|1||Smite – witchfire|psychic|24|Ranged|D6|3|5|-1|D3
79|Librarian In Terminator Armour|3|2||Smite – focused witchfire|devastating wounds, hazardous, psychic|24|Ranged|D6|3|6|-2|D3
79|Librarian In Terminator Armour|4|1||Storm bolter|rapid fire 2|24|Ranged|2|3|4|0|1
79|Librarian In Terminator Armour|5|1||Force weapon|psychic|Melee|Melee|4|3|6|-1|D3
83|Captain With Jump Pack|1|1||Hand flamer|ignores cover, pistol, torrent|12|Ranged|D6|N/A|3|0|1
83|Captain With Jump Pack|2|1||Heavy bolt pistol|PISTOL|18|Ranged|1|2|4|-1|1
83|Captain With Jump Pack|3|1||Plasma pistol – standard|pistol|12|Ranged|1|2|7|-2|1
83|Captain With Jump Pack|4|2||Plasma pistol – supercharge|hazardous, pistol|12|Ranged|1|2|8|-3|2
83|Captain With Jump Pack|5|1||Astartes chainsword||Melee|Melee|7|2|4|-1|1
83|Captain With Jump Pack|6|1||Power fist||Melee|Melee|5|2|8|-2|2
83|Captain With Jump Pack|7|1||Relic weapon||Melee|Melee|6|2|5|-2|2
83|Captain With Jump Pack|8|1||Thunder hammer|devastating wounds|Melee|Melee|5|3|8|-2|2
84|Stormhawk Interceptor|1|1||Icarus stormcannon|anti-fly 2+|48|Ranged|6|3|7|-1|2
84|Stormhawk Interceptor|2|1||Las-talon||36|Ranged|2|3|10|-3|D6+1
84|Stormhawk Interceptor|3|1||Skyhammer missile launcher|anti-fly 2+|48|Ranged|3|3|8|-1|D3
84|Stormhawk Interceptor|4|1||Twin assault cannon|devastating wounds, twin-linked|24|Ranged|6|3|6|0|1
84|Stormhawk Interceptor|5|1||Twin heavy bolter|sustained hits 1, twin-linked|36|Ranged|3|3|5|-1|2
84|Stormhawk Interceptor|6|1||Typhoon missile launcher – frag|blast|48|Ranged|2D6|3|4|0|1
84|Stormhawk Interceptor|7|2||Typhoon missile launcher – krak||48|Ranged|2|3|9|-2|D6
84|Stormhawk Interceptor|8|1||Armoured hull||Melee|Melee|3|4|6|0|1
85|Rhino Primaris|1|1||Hunter-killer missile|one shot|48|Ranged|1|2|14|-3|D6
85|Rhino Primaris|2|1||Twin plasma gun – standard|rapid fire 1, twin-linked|24|Ranged|1|3|7|-2|1
85|Rhino Primaris|3|2||Twin plasma gun – supercharge|hazardous, rapid fire 1, twin-linked|24|Ranged|1|3|8|-3|2
85|Rhino Primaris|4|1||Armoured tracks||Melee|Melee|3|4|6|0|1
86|Firestrike Servo-turrets|1|1||Twin Firestrike autocannon|twin-linked|48|Ranged|3|2|9|-1|3
86|Firestrike Servo-turrets|2|1||Twin Firestrike las-talon|twin-linked|36|Ranged|2|2|10|-3|D6+1
86|Firestrike Servo-turrets|3|1||Close combat weapon||Melee|Melee|3|3|4|0|1
91|Ballistus Dreadnought|1|1||Ballistus missile launcher – frag|blast|48|Ranged|2D6|3|5|0|1
91|Ballistus Dreadnought|2|2||Ballistus missile launcher – krak||48|Ranged|2|3|10|-2|D6
91|Ballistus Dreadnought|3|1||Ballistus lascannon||48|Ranged|2|3|12|-3|D6+1
91|Ballistus Dreadnought|4|1||Twin storm bolter|rapid fire 2, twin-linked|24|Ranged|2|3|4|0|1
91|Ballistus Dreadnought|5|1||Armoured feet||Melee|Melee|5|3|7|0|1
92|Sicaran Venator|1|1||Heavy bolter|sustained hits 1|36|Ranged|3|3|5|-1|2
92|Sicaran Venator|2|1||Hunter-killer missile|one shot|48|Ranged|1|2|14|-3|D6
92|Sicaran Venator|3|1||Lascannon||48|Ranged|1|3|12|-3|D6+1
92|Sicaran Venator|4|1||Storm bolter|rapid fire 2|24|Ranged|2|3|4|0|1
92|Sicaran Venator|5|1||Venator neutron laser|heavy|48|Ranged|3|3|16|-4|D3+3
92|Sicaran Venator|6|1||Armoured tracks||Melee|Melee|6|4|8|0|1
93|Typhon|1|1||Dreadhammer siege cannon|blast|24|Ranged|D6+6|3|14|-3|D6
93|Typhon|2|1||Heavy bolter|sustained hits 1|36|Ranged|3|3|5|-1|2
93|Typhon|3|1||Heavy flamer|torrent, ignores cover|12|Ranged|D6|N/A|5|-1|1
93|Typhon|4|1||Lascannon||48|Ranged|1|3|12|-3|D6+1
93|Typhon|5|1||Multi-melta|melta 2|18|Ranged|2|3|9|-4|D6
93|Typhon|6|1||Storm bolter|rapid fire 2|24|Ranged|2|3|4|0|1
93|Typhon|7|1||Armoured tracks||Melee|Melee|6|4|8|0|1
94|Chaplain On Bike|1|1||Absolvor bolt pistol|pistol|18|Ranged|1|3|5|-1|2
94|Chaplain On Bike|2|1||Twin bolt rifle|twin-linked|24|Ranged|2|3|4|-1|1
94|Chaplain On Bike|3|1||Crozius arcanum||Melee|Melee|5|2|6|-1|2
96|Carab Culln The Risen|1|1||Heavy bolter|sustained hits 1|36|Ranged|3|3|5|-1|2
96|Carab Culln The Risen|2|1||Heavy flamer|ignores cover, torrent|12|Ranged|D6|N/A|5|-1|1
96|Carab Culln The Risen|3|1||Hunter-killer missile|one shot|48|Ranged|1|2|14|-3|D6
96|Carab Culln The Risen|4|1||Twin assault cannon|devastating wounds, twin-linked|24|Ranged|6|3|6|0|1
96|Carab Culln The Risen|5|1||Tarsus Scorpii||Melee|Melee|5|3|12|-3|4
97|Hammerfall Bunker|1|1||Hammerfall heavy bolter array|sustained hits 1, twin-linked|36|Ranged|6|4|5|-1|2
97|Hammerfall Bunker|2|1||Hammerfall heavy flamer array|ignores cover, torrent, twin-linked|12|Ranged|2D6|N/A|5|-1|1
97|Hammerfall Bunker|3|1||Hammerfall missile launcher – superfrag|blast|48|Ranged|2D6+2|4|5|0|1
97|Hammerfall Bunker|4|2||Hammerfall missile launcher – superkrak||48|Ranged|2|4|10|-2|D6+1
98|Tarantula Sentry Battery|1|1||Twin heavy bolter|sustained hits 1|36|Ranged|3|4|5|-1|2
98|Tarantula Sentry Battery|2|1||Twin lascannon|twin-linked|48|Ranged|1|4|12|-3|D6+1
98|Tarantula Sentry Battery|3|1||Armoured hull||Melee|Melee|1|6|3|0|1
99|Tarantula Air Defence Battery|1|1||Tarantula air defence missiles|anti-fly 2+, blast|48|Ranged|D6|4|7|-1|1
99|Tarantula Air Defence Battery|2|1||Armoured hull||Melee|Melee|1|4|4|0|1
103|Eradicator Squad|1|1||Bolt pistol|pistol|12|Ranged|1|3|4|0|1
103|Eradicator Squad|2|1||Melta rifle|heavy, melta 2|18|Ranged|1|3|9|-4|D6
103|Eradicator Squad|3|1||Multi-melta|heavy, melta 2|18|Ranged|2|4|9|-4|D6
103|Eradicator Squad|4|1||Close combat weapon||Melee|Melee|3|3|4|0|1
104|Relic Terminator Squad|1|1||Combi-bolter|rapid fire 2|24|Ranged|2|3|4|0|1
104|Relic Terminator Squad|2|1||Heavy flamer|ignores cover, torrent|12|Ranged|D6|N/A|5|-1|1
104|Relic Terminator Squad|3|1||Plasma blaster – standard||18|Ranged|2|3|7|-2|1
104|Relic Terminator Squad|4|2||Plasma blaster – supercharge|hazardous|18|Ranged|2|3|8|-3|2
104|Relic Terminator Squad|5|1||Reaper autocannon|devastating wounds, sustained hits 1|36|Ranged|4|3|7|-1|1
104|Relic Terminator Squad|6|1||Volkite charger|devastating wounds|18|Ranged|2|3|5|0|2
104|Relic Terminator Squad|7|1||Chainfist|anti-vehicle 3+|Melee|Melee|3|4|8|-2|2
104|Relic Terminator Squad|8|1||Power fist||Melee|Melee|3|3|8|-2|2
104|Relic Terminator Squad|9|1||Power weapon||Melee|Melee|4|3|5|-2|1
104|Relic Terminator Squad|10|1||Twin lightning claws|twin-linked|Melee|Melee|5|3|5|-2|1
107|Javelin Attack Speeder|1|1||Heavy bolter|sustained hits 1|36|Ranged|3|3|5|-1|2
107|Javelin Attack Speeder|2|1||Hunter-killer missile|one shot|48|Ranged|1|2|14|-3|D6
107|Javelin Attack Speeder|3|1||Javelin missile launcher – frag|blast|36|Ranged|3D6|3|4|0|1
107|Javelin Attack Speeder|4|2||Javelin missile launcher – krak||36|Ranged|3|3|9|-2|D6
107|Javelin Attack Speeder|5|1||Lascannon||48|Ranged|1|3|12|-3|D6+1
107|Javelin Attack Speeder|6|1||Multi-melta|melta 2|18|Ranged|2|3|9|-4|D6
107|Javelin Attack Speeder|7|1||Close combat weapon||Melee|Melee|4|3|4|0|1
110|Rapier Carrier|1|1||Boltgun||24|Ranged|2|3|4|0|1
110|Rapier Carrier|2|1||Graviton cannon|anti-vehicle 2+, blast, heavy|36|Ranged|D6|3|6|-2|2
110|Rapier Carrier|3|1||Laser destroyer|heavy|36|Ranged|3|3|14|-4|D6+1
110|Rapier Carrier|4|1||Quad heavy bolter|heavy, twin-linked, sustained hits 1|36|Ranged|6|3|5|-1|2
110|Rapier Carrier|5|1||Quad launcher – shatter shells|heavy|24|Ranged|4|3|9|-2|3
110|Rapier Carrier|6|2||Quad launcher – thunderfire shells|blast, heavy, indirect fire|60|Ranged|D6+4|3|5|0|1
110|Rapier Carrier|7|1||Close combat weapon||Melee|Melee|2|3|4|0|1
111|Mortis Dreadnought|1|1||Assault cannon|devastating wounds|24|Ranged|6|3|6|0|1
111|Mortis Dreadnought|2|1||Dreadnought inferno cannon|ignores cover, torrent|12|Ranged|2D6|N/A|6|-1|1
111|Mortis Dreadnought|3|1||Heavy plasma cannon – standard|blast|36|Ranged|D3|3|7|-2|2
111|Mortis Dreadnought|4|2||Heavy plasma cannon – supercharge|blast, hazardous|36|Ranged|D3|3|8|-3|3
111|Mortis Dreadnought|5|1||Missile launcher – frag|blast|48|Ranged|D6|3|4|0|1
111|Mortis Dreadnought|6|2||Missile launcher – krak||48|Ranged|1|3|9|-2|D6
111|Mortis Dreadnought|7|1||Multi-melta|melta 2|18|Ranged|2|3|9|-4|D6
111|Mortis Dreadnought|8|1||Twin autocannon|twin-linked|48|Ranged|2|3|9|-1|3
111|Mortis Dreadnought|9|1||Twin heavy bolter|sustained hits 1, twin-linked|36|Ranged|3|3|5|-1|2
111|Mortis Dreadnought|10|1||Twin lascannon|twin-linked|48|Ranged|1|3|12|-3|D6+1
111|Mortis Dreadnought|11|1||Armoured feet||Melee|Melee|5|3|6|0|1
112|Chaplain With Jump Pack|1|1||Absolvor bolt pistol|close-quarters|18|Ranged|1|3|5|-1|2
112|Chaplain With Jump Pack|2|1||Bolt pistol|pistol|12|Ranged|1|3|4|0|1
112|Chaplain With Jump Pack|3|1||Boltgun||24|Ranged|2|3|4|0|1
112|Chaplain With Jump Pack|4|1||Combi-weapon|anti-infantry 4+, devastating wounds, rapid fire 1|24|Ranged|1|4|4|0|1
112|Chaplain With Jump Pack|5|1||Grav-pistol|anti-vehicle 2+, pistol|12|Ranged|1|3|4|-1|2
112|Chaplain With Jump Pack|6|1||Hand flamer|ignores cover, pistol, torrent|12|Ranged|D6|N/A|3|0|1
112|Chaplain With Jump Pack|7|1||Inferno pistol|melta 2, pistol|6|Ranged|1|3|8|-4|D3
112|Chaplain With Jump Pack|8|1||Plasma pistol – standard|pistol|12|Ranged|1|3|7|-2|1
112|Chaplain With Jump Pack|9|2||Plasma pistol – supercharge|hazardous, pistol|12|Ranged|1|3|8|-3|2
112|Chaplain With Jump Pack|10|1||Storm bolter|rapid fire 2|24|Ranged|2|3|4|0|1
112|Chaplain With Jump Pack|11|1||Crozius arcanum||Melee|Melee|5|2|6|-1|2
112|Chaplain With Jump Pack|12|1||Power fist||Melee|Melee|4|2|8|-2|2
113|Storm Eagle Gunship|1|1||Twin heavy bolter|sustained hits 1, twin-linked|36|Ranged|3|3|5|-1|2
113|Storm Eagle Gunship|2|1||Twin hellstrike launcher|anti-fly 2+, twin-linked|72|Ranged|2|3|10|-3|D6
113|Storm Eagle Gunship|3|1||Twin lascannon|twin-linked|48|Ranged|1|3|12|-3|D6+1
113|Storm Eagle Gunship|4|1||Twin multi-melta|melta 2, twin-linked|18|Ranged|2|3|9|-4|D6
113|Storm Eagle Gunship|5|1||Typhoon missile launcher – frag|blast|48|Ranged|2D6|3|4|0|1
113|Storm Eagle Gunship|6|2||Typhoon missile launcher – krak||48|Ranged|2|3|9|-2|D6
113|Storm Eagle Gunship|7|1||Vengeance launcher|blast|48|Ranged|2D6|3|6|0|1
113|Storm Eagle Gunship|8|1||Armoured hull||Melee|Melee|6|4|8|0|1
114|Storm Speeder Hammerstrike|1|1||Hammerstrike missile launcher||36|Ranged|2|3|9|-3|D6
114|Storm Speeder Hammerstrike|2|1||Krakstorm grenade launcher||18|Ranged|1|3|9|-1|D3
114|Storm Speeder Hammerstrike|3|1||Melta destroyer|melta 2|18|Ranged|3|3|9|-4|D6
114|Storm Speeder Hammerstrike|4|1||Close combat weapon||Melee|Melee|4|3|4|0|1
115|Chaplain In Terminator Armour|1|1||Storm bolter|rapid fire 2|24|Ranged|2|3|4|0|1
115|Chaplain In Terminator Armour|2|1||Crozius arcanum||Melee|Melee|5|2|6|-1|2
116|SPACE MARINE BIKE|1|1||Boltgun||24|Ranged|2|3|4|0|1
116|SPACE MARINE BIKE|2|1||Bolt pistol|pistol|12|Ranged|1|3|4|0|1
116|SPACE MARINE BIKE|3|1||Combi-weapon|ANTI-INFANTRY 4+, DEVASTATING WOUNDS, RAPID FIRE 1|24|Ranged|1|4|4|0|1
116|SPACE MARINE BIKE|4|1||Flamer|IGNORES COVER, TORRENT|12|Ranged|D6|N/A|4|0|1
116|SPACE MARINE BIKE|5|1||Grav-gun|ANTI-VEHICLE 2+|18|Ranged|2|3|5|-1|2
116|SPACE MARINE BIKE|6|1||Grav-pistol|anti-vehicle 2+, pistol|12|Ranged|1|3|4|-1|2
116|SPACE MARINE BIKE|7|1||Hand flamer|ignores cover, pistol, torrent|12|Ranged|D6|N/A|3|0|1
116|SPACE MARINE BIKE|8|1||Heavy bolter|sustained hits 1|36|Ranged|3|3|5|-1|2
116|SPACE MARINE BIKE|9|1||Inferno pistol|melta 2, pistol|6|Ranged|1|3|8|-4|D3
116|SPACE MARINE BIKE|10|1||Meltagun|MELTA 2|12|Ranged|1|3|9|-4|D6
116|SPACE MARINE BIKE|11|1||Multi-melta|melta 2|18|Ranged|2|3|9|-4|D6
116|SPACE MARINE BIKE|12|1||Plasma gun – standard|RAPID FIRE 1|24|Ranged|1|3|7|-2|1
116|SPACE MARINE BIKE|13|2||Plasma gun – supercharge|HAZARDOUS, RAPID FIRE 1|24|Ranged|1|3|8|-3|2
116|SPACE MARINE BIKE|14|1||Plasma pistol – standard|pistol|12|Ranged|1|3|7|-2|1
116|SPACE MARINE BIKE|15|2||Plasma pistol – supercharge|hazardous, pistol|12|Ranged|1|3|8|-3|2
116|SPACE MARINE BIKE|16|1||Storm bolter|RAPID FIRE 2|24|Ranged|2|3|4|0|1
116|SPACE MARINE BIKE|17|1||Twin boltgun|twin-linked|24|Ranged|2|3|4|0|1
116|SPACE MARINE BIKE|18|1||Astartes chainsword||Melee|Melee|3|3|4|-1|1
116|SPACE MARINE BIKE|19|1||Close combat weapon||Melee|Melee|2|3|4|0|1
116|SPACE MARINE BIKE|20|1||Power fist||Melee|Melee|2|3|8|-2|2
116|SPACE MARINE BIKE|21|1||Power weapon||Melee|Melee|3|3|5|-2|1
116|SPACE MARINE BIKE|22|1||Thunder hammer|devastating wounds|Melee|Melee|2|4|8|-2|2
117|Dreadnought|1|1||Assault cannon|devastating wounds|24|Ranged|6|3|6|0|1
117|Dreadnought|2|1||Heavy flamer|ignores cover, torrent|12|Ranged|D6|N/A|5|-1|1
117|Dreadnought|3|1||Heavy plasma cannon – standard|blast|36|Ranged|D3|3|7|-2|2
117|Dreadnought|4|2||Heavy plasma cannon – supercharge|blast, hazardous|36|Ranged|D3|3|8|-3|3
117|Dreadnought|5|1||Missile launcher – frag|blast|48|Ranged|D6|3|4|0|1
117|Dreadnought|6|2||Missile launcher – krak||48|Ranged|1|3|9|-2|D6
117|Dreadnought|7|1||Multi-melta|melta 2|18|Ranged|2|3|9|-4|D6
117|Dreadnought|8|1||Storm bolter|rapid fire 2|24|Ranged|2|3|4|0|1
117|Dreadnought|9|1||Twin lascannon|twin-linked|48|Ranged|1|3|12|-3|D6+1
117|Dreadnought|10|1||Close combat weapon||Melee|Melee|5|3|6|0|1
117|Dreadnought|11|1||Dreadnought combat weapon||Melee|Melee|5|3|12|-2|3
118|Terminator Assault Squad|1|1||Thunder hammer|devastating wounds|Melee|Melee|3|3|8|-2|2
118|Terminator Assault Squad|2|1||Twin lightning claws|twin-linked|Melee|Melee|6|3|5|-2|1
119|Librarian In Phobos Armour|1|1||Bolt pistol|pistol|12|Ranged|1|3|4|0|1
119|Librarian In Phobos Armour|2|1||Smite – witchfire|psychic|24|Ranged|D6|3|5|-1|D3
119|Librarian In Phobos Armour|3|2||Smite – focused witchfire|devastating wounds, hazardous, psychic|24|Ranged|D6|3|6|-2|D3
119|Librarian In Phobos Armour|4|1||Force weapon|psychic|Melee|Melee|4|3|6|-1|D3
120|Venerable Dreadnought|1|1||Assault cannon|devastating wounds|24|Ranged|6|3|6|0|1
120|Venerable Dreadnought|2|1||Dreadnought inferno cannon|ignores cover, torrent|12|Ranged|2D6|N/A|6|-1|1
120|Venerable Dreadnought|3|1||Heavy flamer|ignores cover, torrent|12|Ranged|D6|N/A|5|-1|1
120|Venerable Dreadnought|4|1||Heavy plasma cannon – standard|BLAST|36|Ranged|D3|3|7|-2|2
120|Venerable Dreadnought|5|2||Heavy plasma cannon – supercharge|BLAST, HAZARDOUS|36|Ranged|D3|3|8|-3|3
120|Venerable Dreadnought|6|1||Missile launcher – frag|BLAST|48|Ranged|D6|3|4|0|1
120|Venerable Dreadnought|7|2||Missile launcher – krak||48|Ranged|1|3|9|-2|D6
120|Venerable Dreadnought|8|1||Multi-melta|melta 2|18|Ranged|2|3|9|-4|D6
120|Venerable Dreadnought|9|1||Storm bolter|rapid fire 2|24|Ranged|2|3|4|0|1
120|Venerable Dreadnought|10|1||Twin autocannon|twin-linked|48|Ranged|2|3|9|-1|3
120|Venerable Dreadnought|11|1||Twin heavy bolter|sustained hits 1, twin-linked|36|Ranged|3|3|5|-1|2
120|Venerable Dreadnought|12|1||Twin heavy flamer|ignores cover, torrent, twin-linked|12|Ranged|D6|N/A|5|-1|1
120|Venerable Dreadnought|13|1||Twin lascannon|twin-linked|48|Ranged|1|3|12|-3|D6+1
120|Venerable Dreadnought|14|1||Armoured feet||Melee|Melee|5|3|6|0|1
120|Venerable Dreadnought|15|1||Dreadnought combat weapon||Melee|Melee|5|3|12|-2|3
121|Uriel Ventris|1|1||Bolt pistol|pistol|12|Ranged|1|2|4|0|1
121|Uriel Ventris|2|1||Invictus||24|Ranged|2|2|4|-1|2
121|Uriel Ventris|3|1||Sword of Idaeus|sustained hits 1|Melee|Melee|6|2|6|-2|2
123|Sicaran Punisher|1|1||Heavy bolter|sustained hits 1|36|Ranged|3|3|5|-1|2
123|Sicaran Punisher|2|1||Hunter-killer missile|one shot|48|Ranged|1|2|14|-3|D6
123|Sicaran Punisher|3|1||Lascannon||48|Ranged|1|3|12|-3|D6+1
123|Sicaran Punisher|4|1||Punisher rotary cannon|devastating wounds|36|Ranged|18|4|6|0|1
123|Sicaran Punisher|5|1||Storm bolter|rapid fire 2|24|Ranged|2|3|4|0|1
123|Sicaran Punisher|6|1||Armoured tracks||Melee|Melee|6|4|8|0|1
124|Storm Speeder Hailstrike|1|1||Fragstorm grenade launcher|blast|18|Ranged|D6|3|4|0|1
124|Storm Speeder Hailstrike|2|1||Onslaught gatling cannon|devastating wounds|24|Ranged|8|3|5|0|1
124|Storm Speeder Hailstrike|3|1||Twin ironhail heavy stubber|rapid fire 3, twin-linked|36|Ranged|3|3|4|0|1
124|Storm Speeder Hailstrike|4|1||Close combat weapon||Melee|Melee|4|3|4|0|1
125|Inceptor Squad|1|1||Assault bolters|assault, pistol, sustained hits 2, twin-linked|18|Ranged|3|3|5|-1|2
125|Inceptor Squad|2|1||Plasma exterminators – standard|assault, pistol, twin-linked|18|Ranged|2|3|7|-2|2
125|Inceptor Squad|3|2||Plasma exterminators – supercharge|assault, pistol, hazardous, twin-linked|18|Ranged|2|3|8|-3|3
125|Inceptor Squad|4|1||Close combat weapon||Melee|Melee|3|3|4|0|1
126|Infernus Squad|1|1||Bolt pistol|pistol|12|Ranged|1|3|4|0|1
126|Infernus Squad|2|1||Pyreblaster|ignores cover, torrent|12|Ranged|D6|N/A|5|-1|1
126|Infernus Squad|3|1||Close combat weapon||Melee|Melee|3|3|4|0|1
127|Iron Father Feirros|1|1||Bolt pistol|pistol|12|Ranged|1|2|4|0|1
127|Iron Father Feirros|2|1||Gorgon’s Wrath|sustained hits 2|36|Ranged|3|2|5|-1|2
127|Iron Father Feirros|3|1||Harrowhand||Melee|Melee|6|3|7|-2|2
127|Iron Father Feirros|4|1||Medusan Manipuli|extra attacks|Melee|Melee|2|3|8|-2|3
128|Infiltrator Squad|1|1||Bolt pistol|pistol|12|Ranged|1|3|4|0|1
128|Infiltrator Squad|2|1||Marksman bolt carbine|heavy|24|Ranged|2|3|4|0|1
128|Infiltrator Squad|3|1||Close combat weapon||Melee|Melee|3|3|4|0|1
129|Razorback|1|1||Hunter-killer missile|one shot|48|Ranged|1|2|14|-3|D6
129|Razorback|2|1||Storm bolter|rapid fire 2|24|Ranged|2|3|4|0|1
129|Razorback|3|1||Twin heavy bolter|sustained hits 1, twin-linked|36|Ranged|3|3|5|-1|2
129|Razorback|4|1||Twin lascannon|twin-linked|48|Ranged|1|3|12|-3|D6+1
129|Razorback|5|1||Armoured tracks||Melee|Melee|3|4|6|0|1
131|Leviathan Dreadnought|1|1||Cyclonic melta lance|melta 2|18|Ranged|D6|3|9|-4|D6
131|Leviathan Dreadnought|2|1||Grav-flux bombard|anti-vehicle 2+, blast|24|Ranged|2D3|3|8|-1|2
131|Leviathan Dreadnought|3|1||Heavy flamer|ignores cover, torrent|12|Ranged|D6|N/A|5|-1|1
131|Leviathan Dreadnought|4|1||Hunter-killer missile|one shot|48|Ranged|1|2|14|-3|D6
131|Leviathan Dreadnought|5|1||Meltagun|melta 2|12|Ranged|1|3|9|-4|D6
131|Leviathan Dreadnought|6|1||Storm cannon|twin-linked|36|Ranged|4|3|9|-1|3
131|Leviathan Dreadnought|7|1||Twin volkite caliver|devastating wounds, twin-linked|24|Ranged|2|3|5|0|2
131|Leviathan Dreadnought|8|1||Armoured feet||Melee|Melee|5|3|6|0|1
131|Leviathan Dreadnought|9|1||Leviathan siege claw||Melee|Melee|5|3|12|-2|3
131|Leviathan Dreadnought|10|1||Leviathan siege drill|anti-vehicle 3+|Melee|Melee|4|3|12|-2|3
132|Land Speeder Storm|1|1||Cerberus launcher|blast|18|Ranged|D6+3|3|4|0|1
132|Land Speeder Storm|2|1||Heavy bolter|sustained hits 1|36|Ranged|3|3|5|-1|2
132|Land Speeder Storm|3|1||Close combat weapon||Melee|Melee|3|3|4|0|1
134|Astartes Servitors|1|1||Heavy bolter|heavy, sustained hits 1|36|Ranged|3|4|5|-1|2
134|Astartes Servitors|2|1||Multi-melta|heavy, melta 2|18|Ranged|2|4|9|-4|D6
134|Astartes Servitors|3|1||Plasma cannon – standard|blast, heavy|36|Ranged|D3|4|7|-2|1
134|Astartes Servitors|4|2||Plasma cannon – supercharge|blast, hazardous, heavy|36|Ranged|D3|4|8|-3|2
134|Astartes Servitors|5|1||Close combat weapon||Melee|Melee|1|5|3|0|1
134|Astartes Servitors|6|1||Servitor servo-arm||Melee|Melee|1|5|6|-2|3
135|Captain In Terminator Armour|1|1||Storm bolter|rapid fire 2|24|Ranged|2|2|4|0|1
135|Captain In Terminator Armour|2|1||Combi-weapon|anti-infantry 4+, devastating wounds, rapid fire 1|24|Ranged|1|3|4|0|1
135|Captain In Terminator Armour|3|1||Relic fist||Melee|Melee|5|2|8|-2|2
135|Captain In Terminator Armour|4|1||Relic weapon||Melee|Melee|6|2|5|-2|2
136|Brutalis Dreadnought|1|1||Brutalis bolt rifles|twin-linked|24|Ranged|4|3|4|-1|1
136|Brutalis Dreadnought|2|1||Twin heavy bolter|sustained hits 1, twin-linked|36|Ranged|3|3|5|-1|2
136|Brutalis Dreadnought|3|1||Twin Icarus ironhail heavy stubber|anti-fly 4+, rapid fire 3, twin-linked|36|Ranged|3|3|4|0|1
136|Brutalis Dreadnought|4|1||Twin multi-melta|melta 2, twin-linked|18|Ranged|2|3|9|-4|D6
136|Brutalis Dreadnought|5|1||Brutalis fists|twin-linked|Melee|Melee|6|3|12|-2|3
136|Brutalis Dreadnought|6|1||Brutalis talons – strike|twin-linked|Melee|Melee|6|3|12|-2|3
136|Brutalis Dreadnought|7|2||Brutalis talons – sweep|twin-linked|Melee|Melee|10|3|7|-2|1
137|Scout Bike Squad|1|1||Astartes grenade launcher – frag|blast|24|Ranged|D3|3|4|0|1
137|Scout Bike Squad|2|2||Astartes grenade launcher – krak||24|Ranged|1|3|9|-2|D3
137|Scout Bike Squad|3|1||Astartes shotgun|assault|18|Ranged|2|3|4|0|1
137|Scout Bike Squad|4|1||Boltgun||24|Ranged|2|3|4|0|1
137|Scout Bike Squad|5|1||Bolt pistol|pistol|12|Ranged|1|3|4|0|1
137|Scout Bike Squad|6|1||Combi-weapon|ANTI-INFANTRY 4+, DEVASTATING WOUNDS, RAPID FIRE 1|24|Ranged|1|4|4|0|1
137|Scout Bike Squad|7|1||Grav-pistol|ANTI-VEHICLE 2+, PISTOL|12|Ranged|1|3|4|-1|2
137|Scout Bike Squad|8|1||Hand flamer|ignores cover, pistol, torrent|12|Ranged|D6|N/A|3|0|1
137|Scout Bike Squad|9|1||Inferno pistol|melta 2, pistol|6|Ranged|1|3|8|-4|D3
137|Scout Bike Squad|10|1||Plasma pistol – standard|pistol|12|Ranged|1|3|7|-2|1
137|Scout Bike Squad|11|2||Plasma pistol – supercharge|hazardous, pistol|12|Ranged|1|3|8|-3|2
137|Scout Bike Squad|12|1||Storm bolter|RAPID FIRE 2|24|Ranged|2|3|4|0|1
137|Scout Bike Squad|13|1||Twin boltgun|twin-linked|24|Ranged|2|3|4|0|1
137|Scout Bike Squad|14|1||Astartes chainsword||Melee|Melee|4|3|4|-1|1
137|Scout Bike Squad|15|1||Combat knife||Melee|Melee|3|3|4|0|1
137|Scout Bike Squad|16|1||Power fist||Melee|Melee|2|3|8|-2|2
137|Scout Bike Squad|17|1||Power weapon||Melee|Melee|3|3|5|-2|1
137|Scout Bike Squad|18|1||Thunder hammer|devastating wounds|Melee|Melee|2|4|8|-2|2
138|Roboute Guilliman|1|1||Hand of Dominion|rapid fire 2|30|Ranged|2|2|6|-2|2
138|Roboute Guilliman|2|1||Emperor’s Sword|devastating wounds|Melee|Melee|14|2|8|-3|2
138|Roboute Guilliman|3|1||Hand of Dominion|lethal hits|Melee|Melee|7|2|14|-4|4
139|Thunderhawk Gunship|1|1||Hellstrike missile battery|anti-fly 4+|72|Ranged|4|3|8|-2|3
139|Thunderhawk Gunship|2|1||Lascannon||48|Ranged|1|3|12|-3|D6+1
139|Thunderhawk Gunship|3|1||Thunderhawk heavy cannon|blast|48|Ranged|D6+6|3|10|-2|3
139|Thunderhawk Gunship|4|1||Turbo-laser destructor|blast|96|Ranged|D3+1|3|20|-4|D6+6
139|Thunderhawk Gunship|5|1||Twin heavy bolter|sustained hits 1, twin-linked|36|Ranged|3|3|5|-1|2
139|Thunderhawk Gunship|6|1||Armoured hull||Melee|Melee|6|4|8|0|1
140|Techmarine|1|1||Forge bolter||24|Ranged|3|2|5|-1|2
140|Techmarine|2|1||Grav-pistol|anti-vehicle 2+, pistol|12|Ranged|1|2|4|-1|2
140|Techmarine|3|1||Omnissian power axe||Melee|Melee|4|3|6|-2|2
140|Techmarine|4|1||Servo-arm|extra attacks|Melee|Melee|1|3|8|-2|3
146|Hunter|1|1||Hunter-killer missile|one shot|48|Ranged|1|2|14|-3|D6
146|Hunter|2|1||Skyspear missile launcher|anti-fly 3+, devastating wounds, heavy|36|Ranged|1|2|10|-3|D6+2
146|Hunter|3|1||Storm bolter|rapid fire 2|24|Ranged|2|3|4|0|1
146|Hunter|4|1||Armoured tracks||Melee|Melee|3|4|6|0|1
147|Vanguard Veteran Squad With Jump Packs|1|1||Bolt pistol|pistol|12|Ranged|1|3|4|0|1
147|Vanguard Veteran Squad With Jump Packs|2|1||Grav-pistol|anti-vehicle 2+, pistol|12|Ranged|1|3|4|-1|1
147|Vanguard Veteran Squad With Jump Packs|3|1||Heavy bolt pistol|close-quarters|18|Ranged|1|3|4|-1|1
147|Vanguard Veteran Squad With Jump Packs|4|1||Hand flamer|ignores cover, pistol, torrent|12|Ranged|D6|N/A|3|0|1
147|Vanguard Veteran Squad With Jump Packs|5|1||Inferno pistol|melta 2, pistol|6|Ranged|1|3|8|-4|D3
147|Vanguard Veteran Squad With Jump Packs|6|1||Plasma pistol – standard|pistol|12|Ranged|1|3|7|-2|1
147|Vanguard Veteran Squad With Jump Packs|7|2||Plasma pistol – supercharge|hazardous, pistol|12|Ranged|1|3|8|-3|2
147|Vanguard Veteran Squad With Jump Packs|8|1||Master-crafted power weapon||Melee|Melee|3|3|5|-2|2
147|Vanguard Veteran Squad With Jump Packs|9|1||Vanguard Veteran weapon||Melee|Melee|4|3|5|-1|1
148|Imperial Space Marine|1|1||Disintegration combi-gun|anti-infantry 4+, devastating wounds, rapid fire 1|24|Ranged|1|4|5|-1|1
148|Imperial Space Marine|2|1||Disintegration pistol|anti-infantry 4+, devastating wounds, pistol|12|Ranged|1|3|5|-1|1
148|Imperial Space Marine|3|1||Close combat weapon||Melee|Melee|4|3|4|0|1
151|Commander Dante|1|1||Perdition Pistol|melta 2, pistol, sustained hits d3|6|Ranged|1|2|9|-4|D6
151|Commander Dante|2|1||The Axe Mortalis|lethal hits|Melee|Melee|8|2|8|-3|2
152|Captain Tycho|1|1||Blood Song|anti-infantry 4+, devastating wounds, melta 2|24|Ranged|2|2|4|-1|2
152|Captain Tycho|2|1||Bolt pistol|pistol|12|Ranged|1|2|4|0|1
152|Captain Tycho|3|1||Dead Man’s Hand||Melee|Melee|6|2|4|-1|2
153|Tycho The Lost|1|1||Blood Song|anti-infantry 4+, devastating wounds, melta 2|24|Ranged|2|2|4|-1|2
153|Tycho The Lost|2|1||Bolt pistol|pistol|12|Ranged|1|2|4|0|1
153|Tycho The Lost|3|1||Dead Man’s Hand||Melee|Melee|6|2|4|-1|2
154|Librarian Dreadnought|1|1||Blood Lance – witchfire|psychic, sustained hits d3|18|Ranged|1|3|10|-3|D6
154|Librarian Dreadnought|2|2||Blood Lance – focused witchfire|hazardous, psychic, sustained hits d3|18|Ranged|1|3|12|-3|D6+3
154|Librarian Dreadnought|3|1||Heavy flamer|ignores cover, torrent|12|Ranged|D6|N/A|5|-1|1
154|Librarian Dreadnought|4|1||Meltagun|melta 2|12|Ranged|1|3|9|-4|D6
154|Librarian Dreadnought|5|1||Storm bolter|rapid fire 2|24|Ranged|2|3|4|0|1
154|Librarian Dreadnought|6|1||Furioso fist||Melee|Melee|5|3|12|-3|3
154|Librarian Dreadnought|7|1||Furioso force halberd|extra attacks, psychic|Melee|Melee|1|2|9|-3|D6+3
155|Chief Librarian Mephiston|1|1||Fury of the Ancients – witchfire|pistol, psychic, sustained hits 1|18|Ranged|3|2|4|-1|D3
155|Chief Librarian Mephiston|2|2||Fury of the Ancients – focused witchfire|hazardous, pistol, psychic, sustained hits 3|18|Ranged|3|2|5|-2|D3
155|Chief Librarian Mephiston|3|1||Plasma pistol – standard|pistol|12|Ranged|1|2|7|-2|1
155|Chief Librarian Mephiston|4|2||Plasma pistol – supercharge|hazardous, pistol|12|Ranged|1|2|8|-3|2
155|Chief Librarian Mephiston|5|1||Vitarus|lethal hits, psychic|Melee|Melee|6|2|9|-3|D3
156|The Sanguinor|1|1||Encarmine broadsword|devastating wounds|Melee|Melee|8|2|6|-3|2
157|Astorath|1|1||The Executioner’s Axe|devastating wounds, Precision|Melee|Melee|6|2|7|-3|2
158|Sanguinary Priest|1|1||Absolvor bolt pistol|pistol|18|Ranged|1|3|5|-1|2
158|Sanguinary Priest|2|1||Astartes chainsword||Melee|Melee|5|3|4|-1|1
160|Brother Corbulo|1|1||Bolt pistol|pistol|12|Ranged|1|2|4|0|1
160|Brother Corbulo|2|1||Heaven’s Teeth|sustained hits 1|Melee|Melee|6|2|5|-1|1
164|Lemartes|1|1||Absolvor bolt pistol|pistol|18|Ranged|1|2|5|-1|2
164|Lemartes|2|1||The Blood Crozius|lethal hits|Melee|Melee|5|2|6|-2|2
165|Sanguinary Guard|1|1||Angelus boltgun|pistol|12|Ranged|2|3|4|0|1
165|Sanguinary Guard|2|1||Inferno pistol|melta 2, pistol|6|Ranged|1|3|8|-4|D3
165|Sanguinary Guard|3|1||Encarmine blade||Melee|Melee|4|2|6|-3|2
165|Sanguinary Guard|4|1||Encarmine spear|Lance|Melee|Melee|4|2|6|-2|2
166|Death Company Dreadnought|1|1||Blood fist bolt rifles|twin-linked|24|Ranged|4|3|4|-1|1
166|Death Company Dreadnought|2|1||Twin heavy bolter|sustained hits 1, twin-linked|36|Ranged|3|3|5|-1|2
166|Death Company Dreadnought|3|1||Twin Icarus ironhail heavy stubber|ANTI-FLY 4+, RAPID FIRE 3, TWIN-LINKED|36|Ranged|3|3|4|0|1
166|Death Company Dreadnought|4|1||Twin multi-melta|melta 2, twin-linked|18|Ranged|2|3|9|-4|D6
166|Death Company Dreadnought|5|1||Blood fists|twin-linked|Melee|Melee|6|3|12|-2|3
166|Death Company Dreadnought|6|1||Blood talons - strike|twin-linked|Melee|Melee|6|3|12|-2|3
166|Death Company Dreadnought|7|2||Blood talons - sweep|twin-linked|Melee|Melee|10|3|7|-2|1
167|Furioso Dreadnought|1|1||Heavy flamer|ignores cover, torrent|12|Ranged|D6|N/A|5|-1|1
167|Furioso Dreadnought|2|1||Heavy frag cannon|blast, rapid fire d6|18|Ranged|D6|3|7|-1|2
167|Furioso Dreadnought|3|1||Meltagun|melta 2|12|Ranged|1|3|9|-4|D6
167|Furioso Dreadnought|4|1||Storm bolter|rapid fire 2|24|Ranged|2|3|4|0|1
167|Furioso Dreadnought|5|1||Blood talons|twin-linked|Melee|Melee|7|3|8|-2|3
167|Furioso Dreadnought|6|1||Furioso fist||Melee|Melee|5|3|12|-3|3
167|Furioso Dreadnought|7|1||Twin Furioso fists|twin-linked|Melee|Melee|5|3|12|-3|3
168|Baal Predator|1|1||Baal flamestorm cannon|ASSAULT, IGNORES COVER, TORRENT|18|Ranged|D6+3|N/A|6|-2|2
168|Baal Predator|2|1||Heavy bolter|assault, sustained hits 1|36|Ranged|3|3|5|-1|2
168|Baal Predator|3|1||Heavy flamer|assault, ignores cover, torrent|12|Ranged|D6|N/A|5|-1|1
168|Baal Predator|4|1||Hunter-killer missile|one shot|48|Ranged|1|2|14|-3|D6
168|Baal Predator|5|1||Storm bolter|rapid fire 2|24|Ranged|2|3|4|0|1
168|Baal Predator|6|1||Twin assault cannon|ASSAULT, DEVASTATING WOUNDS, TWIN-LINKED|24|Ranged|6|3|6|0|1
168|Baal Predator|7|1||Armoured tracks||Melee|Melee|3|4|6|0|1
169|Gabriel Seth|1|1||Bolt pistol|pistol|12|Ranged|1|2|4|0|1
169|Gabriel Seth|2|1||Blood Reaver|sustained hits 1|Melee|Melee|6|2|8|-2|3
218|Azrael|1|1||Lion’s Wrath|anti-infantry 4+, devastating wounds, rapid fire 1|24|Ranged|2|2|8|-3|2
218|Azrael|2|1||The Sword of Secrets|devastating wounds|Melee|Melee|6|2|6|-4|2
219|Belial|1|1||Master-crafted storm bolter|precision, rapid fire 2|24|Ranged|2|2|4|0|2
219|Belial|2|1||The Sword of Silence|precision|Melee|Melee|6|2|6|-2|2
225|Asmodai|1|1||Heavy bolt pistol|pistol|18|Ranged|1|3|4|-1|1
225|Asmodai|2|1||Crozius arcanum and power weapon - strike||Melee|Melee|5|2|6|-2|2
225|Asmodai|3|2||Crozius arcanum and power weapon - sweep||Melee|Melee|8|2|5|-2|1
226|Ezekiel|1|1||The Deliverer|pistol, precision|12|Ranged|1|2|4|-1|2
226|Ezekiel|2|1||Mind Wipe – witchfire|devastating wounds, precision, psychic|12|Ranged|1|2|6|-2|D6
226|Ezekiel|3|2||Mind Wipe – focused witchfire|anti-character 4+, devastating wounds, hazardous, precision, psychic|12|Ranged|1|2|6|-2|D6
226|Ezekiel|4|1||Traitor’s Bane|anti-chaos 2+, psychic|Melee|Melee|4|2|6|-2|D3
230|Deathwing Terminator Squad|1|1||Assault cannon|devastating wounds|24|Ranged|6|3|6|0|1
230|Deathwing Terminator Squad|2|1||Cyclone missile launcher – frag|blast|36|Ranged|2D6|3|4|0|1
230|Deathwing Terminator Squad|3|2||Cyclone missile launcher – krak||36|Ranged|2|3|9|-2|D6
230|Deathwing Terminator Squad|4|1||Heavy flamer|ignores cover, torrent|12|Ranged|D6|N/A|5|-1|1
230|Deathwing Terminator Squad|5|1||Plasma cannon – standard|blast|36|Ranged|D3|3|7|-2|1
230|Deathwing Terminator Squad|6|2||Plasma cannon – supercharge|blast, hazardous|36|Ranged|D3|3|8|-3|2
230|Deathwing Terminator Squad|7|1||Storm bolter|rapid fire 2|24|Ranged|2|3|4|0|1
230|Deathwing Terminator Squad|8|1||Chainfist|anti-vehicle 3+|Melee|Melee|3|4|8|-2|2
230|Deathwing Terminator Squad|9|1||Power fist||Melee|Melee|3|3|8|-2|2
230|Deathwing Terminator Squad|10|1||Power weapon||Melee|Melee|4|3|5|-2|1
231|Deathwing Knights|1|1||Great weapon of the Unforgiven|devastating wounds, sustained hits 1|Melee|Melee|5|2|6|-2|2
231|Deathwing Knights|2|1||Mace of absolution|ANTI-MONSTER 4+, ANTI-VEHICLE 4+|Melee|Melee|4|2|6|-2|2
231|Deathwing Knights|3|1||Power weapon||Melee|Melee|5|2|6|-2|2
231|Deathwing Knights|4|1||Relic weapon|lethal hits|Melee|Melee|6|2|7|-2|2
238|Ravenwing Darkshroud|1|1||Assault cannon|devastating wounds|24|Ranged|6|3|6|0|1
238|Ravenwing Darkshroud|2|1||Heavy bolter|sustained hits 1|36|Ranged|3|3|5|-1|2
238|Ravenwing Darkshroud|3|1||Close combat weapon||Melee|Melee|4|3|4|0|1
239|Nephilim Jetfighter|1|1||Avenger mega bolter|sustained hits 1|36|Ranged|10|3|5|-1|2
239|Nephilim Jetfighter|2|1||Blacksword missiles|anti-fly 2+|36|Ranged|2|3|8|-2|D6
239|Nephilim Jetfighter|3|1||Nephilim lascannons||48|Ranged|2|3|12|-3|D6+1
239|Nephilim Jetfighter|4|1||Twin heavy bolter|sustained hits 1, twin-linked|36|Ranged|3|3|5|-1|2
239|Nephilim Jetfighter|5|1||Armoured hull||Melee|Melee|3|4|6|0|1
240|Ravenwing Dark Talon|1|1||Hurricane bolter|rapid fire 6, twin-linked|24|Ranged|6|3|4|0|1
240|Ravenwing Dark Talon|2|1||Rift cannon|blast, devastating wounds|18|Ranged|D3+1|3|16|-4|3
240|Ravenwing Dark Talon|3|1||Armoured hull||Melee|Melee|3|4|6|0|1
241|Ravenwing Black Knights|1|1||Astartes grenade launcher – frag|blast|24|Ranged|D3|3|4|0|1
241|Ravenwing Black Knights|2|2||Astartes grenade launcher – krak||24|Ranged|1|3|9|-2|D3
241|Ravenwing Black Knights|3|1||Bolt pistol|pistol|12|Ranged|1|3|4|0|1
241|Ravenwing Black Knights|4|1||Plasma talon – standard|rapid fire 1|18|Ranged|2|3|7|-2|1
241|Ravenwing Black Knights|5|2||Plasma talon – supercharge|hazardous, rapid fire 1|18|Ranged|2|3|8|-3|2
241|Ravenwing Black Knights|6|1||Black Knight combat weapon|devastating wounds|Melee|Melee|3|3|5|-2|1
242|Land Speeder Vengeance|1|1||Assault cannon|devastating wounds|24|Ranged|6|3|6|0|1
242|Land Speeder Vengeance|2|1||Heavy bolter|sustained hits 1|36|Ranged|3|3|5|-1|2
242|Land Speeder Vengeance|3|1||Plasma storm battery – standard|blast, twin-linked|36|Ranged|D6+1|3|8|-2|2
242|Land Speeder Vengeance|4|2||Plasma storm battery – supercharge|blast, hazardous, twin-linked|36|Ranged|D6+1|3|9|-3|3
242|Land Speeder Vengeance|5|1||Close combat weapon||Melee|Melee|4|3|4|0|1
282|Logan Grimnar|1|1||Storm bolter|rapid fire 2|24|Ranged|2|2|4|0|1
282|Logan Grimnar|2|1||Axe Morkai – strike||Melee|Melee|6|2|8|-2|3
282|Logan Grimnar|3|2||Axe Morkai – sweep||Melee|Melee|10|2|6|-2|1
282|Logan Grimnar|4|1||Tyrnak and Fenrir|extra attacks|Melee|Melee|6|2|5|-1|1
283|Logan Grimnar On Stormrider|1|1||Storm bolter|rapid fire 2|24|Ranged|2|2|4|0|1
283|Logan Grimnar On Stormrider|2|1||The Axe Morkai – one-handed||Melee|Melee|10|2|6|-2|1
283|Logan Grimnar On Stormrider|3|2||The Axe Morkai – two-handed||Melee|Melee|6|2|8|-2|3
283|Logan Grimnar On Stormrider|4|1||Flurry of teeth and claws|extra attacks|Melee|Melee|6|4|5|-1|1
284|Wolf Lord On Thunderwolf|1|1||Bolt pistol|pistol|12|Ranged|1|2|4|0|1
284|Wolf Lord On Thunderwolf|2|1||Combi-weapon|anti-infantry 4+, devastating wounds, rapid fire 1|24|Ranged|1|3|4|0|1
284|Wolf Lord On Thunderwolf|3|1||Master-crafted boltgun||24|Ranged|2|2|4|0|2
284|Wolf Lord On Thunderwolf|4|1||Plasma pistol – standard|pistol|12|Ranged|1|2|7|-2|1
284|Wolf Lord On Thunderwolf|5|2||Plasma pistol – supercharge|hazardous, pistol|12|Ranged|1|2|8|-3|2
284|Wolf Lord On Thunderwolf|6|1||Storm bolter|rapid fire 2|24|Ranged|2|2|4|0|1
284|Wolf Lord On Thunderwolf|7|1||Crushing teeth and claws|extra attacks|Melee|Melee|3|4|5|-1|1
284|Wolf Lord On Thunderwolf|8|1||Close combat weapon||Melee|Melee|6|3|4|0|1
284|Wolf Lord On Thunderwolf|9|1||Power fist||Melee|Melee|5|2|8|-2|2
284|Wolf Lord On Thunderwolf|10|1||Relic weapon||Melee|Melee|6|2|5|-2|2
284|Wolf Lord On Thunderwolf|11|1||Thunder hammer|devastating wounds|Melee|Melee|5|3|8|-2|2
284|Wolf Lord On Thunderwolf|12|1||Twin lightning claws|twin-linked|Melee|Melee|7|2|5|-2|1
285|Ragnar Blackmane|1|1||Bolt pistol|pistol|12|Ranged|1|2|4|0|1
285|Ragnar Blackmane|2|1||Frostfang|sustained hits 1|Melee|Melee|8|2|6|-3|2
286|Krom Dragongaze|1|1||Bolt pistol|pistol|12|Ranged|1|2|4|0|1
286|Krom Dragongaze|2|1||Wyrmclaw|lethal hits|Melee|Melee|6|2|7|-2|2
287|Harald Deathwolf|1|1||Bolt pistol|pistol|12|Ranged|1|2|4|0|1
287|Harald Deathwolf|2|1||Crushing teeth and claws|extra attacks|Melee|Melee|3|3|5|-1|1
287|Harald Deathwolf|3|1||Glacius||Melee|Melee|6|2|6|-2|2
288|Canis Wolfborn|1|1||Bolt pistol|pistol|12|Ranged|1|5|4|0|1
288|Canis Wolfborn|2|1||Crushing teeth and claws|extra attacks|Melee|Melee|3|4|5|-1|1
288|Canis Wolfborn|3|1||Wolf claws|twin-linked|Melee|Melee|8|2|5|-2|1
292|Njal Stormcaller|1|1||Bolt pistol|pistol|12|Ranged|1|3|4|0|1
292|Njal Stormcaller|2|1||Living Lightning – witchfire|psychic, sustained hits 2|24|Ranged|D6|3|7|-1|1
292|Njal Stormcaller|3|2||Living Lightning – focused witchfire|hazardous, psychic, sustained hits 2|24|Ranged|2D6|3|7|-1|1
292|Njal Stormcaller|4|1||Staff of the Stormcaller|psychic, sustained hits 2|Melee|Melee|4|3|7|-1|D3
297|Ulrik The Slayer|1|1||Plasma pistol – standard|pistol|12|Ranged|1|2|7|-2|1
297|Ulrik The Slayer|2|2||Plasma pistol – supercharge|hazardous, pistol|12|Ranged|1|2|8|-3|2
297|Ulrik The Slayer|3|1||Artificer crozius arcanum|ANTI-MONSTER 4+, ANTI-VEHICLE 4+|Melee|Melee|5|2|6|-2|2
302|Bjorn The Fell-handed|1|1||Assault cannon|devastating wounds|24|Ranged|6|2|6|0|1
302|Bjorn The Fell-handed|2|1||Heavy flamer|ignores cover, torrent|12|Ranged|D6|N/A|5|-1|1
302|Bjorn The Fell-handed|3|1||Helfrost cannon – dispersed|torrent|12|Ranged|D6|N/A|6|-1|2
302|Bjorn The Fell-handed|4|2||Helfrost cannon – focused||36|Ranged|1|2|10|-3|5
302|Bjorn The Fell-handed|5|1||Multi-melta|melta 2|18|Ranged|2|2|9|-4|D6
302|Bjorn The Fell-handed|6|1||Trueclaw|lethal hits|Melee|Melee|6|2|12|-2|3
303|Blood Claws|1|1||Bolt pistol|pistol|12|Ranged|1|3|4|0|1
303|Blood Claws|2|1||Plasma pistol – standard|pistol|12|Ranged|1|3|7|-2|1
303|Blood Claws|3|2||Plasma pistol – supercharge|hazardous, pistol|12|Ranged|1|3|8|-3|2
303|Blood Claws|4|1||Astartes chainsword||Melee|Melee|4|3|4|-1|1
303|Blood Claws|5|1||Power weapon||Melee|Melee|4|3|5|-2|1
304|Lukas The Trickster|1|1||Plasma pistol – standard|pistol|12|Ranged|1|3|7|-2|1
304|Lukas The Trickster|2|2||Plasma pistol – supercharge|hazardous, pistol|12|Ranged|1|3|8|-3|2
304|Lukas The Trickster|3|1||Claw of the Jackalwolf||Melee|Melee|6|2|5|-2|1
305|Grey Hunters|1|1||Bolt carbine|rapid fire 1|24|Ranged|2|3|4|0|1
305|Grey Hunters|2|1||Bolt pistol|pistol|12|Ranged|1|3|4|0|1
305|Grey Hunters|3|1||Plasma pistol – standard|pistol|12|Ranged|1|3|7|-2|1
305|Grey Hunters|4|2||Plasma pistol – supercharge|hazardous, pistol|12|Ranged|1|3|8|-3|2
305|Grey Hunters|5|1||Astartes chainsword||Melee|Melee|4|3|4|-1|1
305|Grey Hunters|6|1||Power fist||Melee|Melee|3|3|8|-2|2
305|Grey Hunters|7|1||Power weapon||Melee|Melee|4|3|5|-2|1
306|Iron Priest|1|1||Helfrost pistol – dispersed|pistol, torrent|12|Ranged|D6|N/A|4|-1|1
306|Iron Priest|2|2||Helfrost pistol – focused|pistol|12|Ranged|1|2|6|-3|3
306|Iron Priest|3|1||Tempest hammer and servo-arm||Melee|Melee|4|4|8|-2|3
311|Wulfen|1|1||Stormfrag auto-launcher|assault, blast|12|Ranged|D3|4|4|0|1
311|Wulfen|2|1||Wulfen weapons|sustained hits 1|Melee|Melee|3|3|5|-2|2
314|Murderfang|1|1||Heavy flamer|ignores cover, torrent|12|Ranged|D6|N/A|5|-1|1
314|Murderfang|2|1||Storm bolter|rapid fire 2|24|Ranged|2|3|4|0|1
314|Murderfang|3|1||Murderclaws|sustained hits 1, twin-linked|Melee|Melee|8|3|14|-2|3
315|Wolf Guard|1|1||Bolt pistol|pistol|12|Ranged|1|3|4|0|1
315|Wolf Guard|2|1||Boltgun||24|Ranged|2|3|4|0|1
315|Wolf Guard|3|1||Combi-weapon|anti-infantry 4+, devastating wounds, rapid fire 1|24|Ranged|1|4|4|0|1
315|Wolf Guard|4|1||Plasma pistol – standard|pistol|12|Ranged|1|3|7|-2|1
315|Wolf Guard|5|2||Plasma pistol – supercharge|hazardous, pistol|12|Ranged|1|3|8|-3|2
315|Wolf Guard|6|1||Storm bolter|rapid fire 2|24|Ranged|2|3|4|0|1
315|Wolf Guard|7|1||Heirloom weapon||Melee|Melee|4|3|5|-1|1
317|Arjac Rockfist|1|1||Foehammer|anti-monster 3+, anti-vehicle 3+, assault|6|Ranged|1|2|8|-2|3
317|Arjac Rockfist|2|1||Foehammer|anti-monster 3+, anti-vehicle 3+, precision|Melee|Melee|5|2|8|-2|3
318|Wolf Guard Terminators|1|1||Assault cannon|devastating wounds|24|Ranged|6|2|6|0|1
318|Wolf Guard Terminators|2|1||Storm bolter|rapid fire 2|24|Ranged|2|2|4|0|1
318|Wolf Guard Terminators|3|1||Master-crafted power weapon||Melee|Melee|4|3|5|-2|2
318|Wolf Guard Terminators|4|1||Power fist||Melee|Melee|3|3|8|-2|2
318|Wolf Guard Terminators|5|1||Relic greataxe|devastating wounds|Melee|Melee|3|3|7|-2|3
318|Wolf Guard Terminators|6|1||Twin lightning claws|twin-linked|Melee|Melee|6|3|5|-2|1
321|Stormwolf|1|1||Skyhammer missile launcher|anti-fly 2+|48|Ranged|3|3|8|-1|D3
321|Stormwolf|2|1||Twin heavy bolter|sustained hits 1, twin-linked|36|Ranged|3|3|5|-1|2
321|Stormwolf|3|1||Twin helfrost cannon – dispersed|torrent, twin-linked|12|Ranged|D6|N/A|6|-1|2
321|Stormwolf|4|2||Twin helfrost cannon – focused|twin-linked|36|Ranged|1|3|9|-3|5
321|Stormwolf|5|1||Twin lascannon|twin-linked|48|Ranged|1|3|12|-3|D6+1
321|Stormwolf|6|1||Twin multi-melta|melta 2, twin-linked|18|Ranged|2|3|9|-4|D6
321|Stormwolf|7|1||Armoured hull||Melee|Melee|6|4|8|0|1
322|Thunderwolf Cavalry|1|1||Bolt pistol|pistol|12|Ranged|1|3|4|0|1
322|Thunderwolf Cavalry|2|1||Boltgun||24|Ranged|2|3|4|0|1
322|Thunderwolf Cavalry|3|1||Plasma pistol – standard|pistol|12|Ranged|1|3|7|-2|1
322|Thunderwolf Cavalry|4|2||Plasma pistol – supercharge|hazardous, pistol|12|Ranged|1|3|8|-3|2
322|Thunderwolf Cavalry|5|1||Teeth and claws|extra attacks|Melee|Melee|3|4|5|-1|1
322|Thunderwolf Cavalry|6|1||Wolf Guard weapon||Melee|Melee|4|3|5|-2|2
323|Fenrisian Wolves|1|1||Teeth and claws||Melee|Melee|3|4|4|0|1
324|Skyclaws|1|1||Bolt pistol|pistol|12|Ranged|1|3|4|0|1
324|Skyclaws|2|1||Flamer|ignores cover, torrent|12|Ranged|D6|N/A|4|0|1
324|Skyclaws|3|1||Grav-gun|anti-vehicle 2+|18|Ranged|2|3|5|-1|2
324|Skyclaws|4|1||Meltagun|melta 2|12|Ranged|1|3|9|-4|D6
324|Skyclaws|5|1||Plasma pistol – standard|pistol|12|Ranged|1|3|7|-2|1
324|Skyclaws|6|2||Plasma pistol – supercharge|hazardous, pistol|12|Ranged|1|3|8|-3|2
324|Skyclaws|7|1||Plasma gun – standard|rapid fire 1|24|Ranged|1|3|7|-2|1
324|Skyclaws|8|2||Plasma gun – supercharge|hazardous, rapid fire 1|24|Ranged|1|3|8|-3|2
324|Skyclaws|9|1||Astartes chainsword||Melee|Melee|3|3|4|-1|1
324|Skyclaws|10|1||Close combat weapon||Melee|Melee|2|3|4|0|1
324|Skyclaws|11|1||Power fist||Melee|Melee|2|3|8|-2|2
324|Skyclaws|12|1||Power weapon||Melee|Melee|3|3|5|-2|1
325|Stormfang Gunship|1|1||Helfrost destructor – dispersed|sustained hits d3|36|Ranged|D3|3|11|-3|7
325|Stormfang Gunship|2|2||Helfrost destructor – focused|torrent|12|Ranged|D6+6|N/A|8|-1|2
325|Stormfang Gunship|3|1||Skyhammer missile launcher|anti-fly 2+|48|Ranged|3|3|8|-1|D3
325|Stormfang Gunship|4|1||Twin heavy bolter|sustained hits 1, twin-linked|36|Ranged|3|3|5|-1|2
325|Stormfang Gunship|5|1||Twin lascannon|twin-linked|48|Ranged|1|3|12|-3|D6+1
325|Stormfang Gunship|6|1||Twin multi-melta|melta 2, twin-linked|18|Ranged|2|3|9|-4|D6
325|Stormfang Gunship|7|1||Twin stormstrike missile launcher|twin-linked|48|Ranged|1|3|10|-2|3
325|Stormfang Gunship|8|1||Armoured hull||Melee|Melee|6|4|8|0|1
326|Long Fangs|1|1||Bolt pistol|pistol|12|Ranged|1|3|4|0|1
326|Long Fangs|2|1||Boltgun||24|Ranged|2|3|4|0|1
326|Long Fangs|3|1||Grav-cannon|anti-vehicle 2+, heavy|24|Ranged|3|4|6|-1|3
326|Long Fangs|4|1||Grav-gun|ANTI-VEHICLE 2+|18|Ranged|2|3|5|-1|2
326|Long Fangs|5|1||Heavy bolter|heavy, sustained hits 1|36|Ranged|3|4|5|-1|2
326|Long Fangs|6|1||Heavy flamer|IGNORES COVER, TORRENT|12|Ranged|D6|N/A|5|-1|1
326|Long Fangs|7|1||Lascannon|heavy|48|Ranged|1|4|12|-3|D6+1
326|Long Fangs|8|1||Flamer|IGNORES COVER, TORRENT|12|Ranged|D6|N/A|4|0|1
326|Long Fangs|9|1||Missile launcher – frag|blast, heavy|48|Ranged|D6|4|4|0|1
326|Long Fangs|10|2||Missile launcher – krak|heavy|48|Ranged|1|4|9|-2|D6
326|Long Fangs|11|1||Meltagun|MELTA 2|12|Ranged|1|3|9|-4|D6
326|Long Fangs|12|1||Multi-melta|heavy, melta 2|18|Ranged|2|4|9|-4|D6
326|Long Fangs|13|1||Plasma cannon – standard|blast, heavy|36|Ranged|D3|4|7|-2|1
326|Long Fangs|14|2||Plasma cannon – supercharge|blast, hazardous, heavy|36|Ranged|D3|4|8|-3|2
326|Long Fangs|15|1||Plasma gun – standard|RAPID FIRE 1|24|Ranged|1|3|7|-2|1
326|Long Fangs|15|2||Plasma gun – supercharge|HAZARDOUS, RAPID FIRE 1|24|Ranged|1|3|8|-3|2
326|Long Fangs|16|1||Plasma pistol – standard|PISTOL|12|Ranged|1|3|7|-2|1
326|Long Fangs|16|2||Plasma pistol – supercharge|HAZARDOUS, PISTOL|12|Ranged|1|3|8|-3|2
326|Long Fangs|17|1||Astartes chainsword||Melee|Melee|3|3|4|-1|1
326|Long Fangs|18|1||Close combat weapon||Melee|Melee|2|3|4|0|1
326|Long Fangs|19|1||Power fist||Melee|Melee|2|3|8|-2|2
326|Long Fangs|20|1||Power weapon||Melee|Melee|2|3|5|-2|1
358|Corvus Blackstar|1|1||Blackstar rocket launcher|blast|30|Ranged|D6+1|3|5|0|1
358|Corvus Blackstar|2|1||Hurricane bolter|rapid fire 6, twin-linked|24|Ranged|6|3|4|0|1
358|Corvus Blackstar|3|1||Stormstrike missile launcher||48|Ranged|1|3|10|-2|3
358|Corvus Blackstar|4|1||Twin assault cannon|devastating wounds, twin-linked|24|Ranged|6|3|6|0|1
358|Corvus Blackstar|5|1||Twin lascannon|twin-linked|48|Ranged|1|3|12|-3|D6+1
358|Corvus Blackstar|6|1||Armoured hull||Melee|Melee|3|4|6|0|1
373|Kaldor Draigo|1|1||Scourging|anti-daemon 2+, ignores cover, psychic|18|Ranged|3|2|6|-2|2
373|Kaldor Draigo|2|1||Storm bolter|rapid fire 2|24|Ranged|2|2|4|0|1
373|Kaldor Draigo|3|1||The Titansword|anti-daemon 2+, psychic|Melee|Melee|6|2|8|-4|3
374|Grand Master Voldus|1|1||Searing Purity|devastating wounds, psychic|12|Ranged|D3+1|2|12|-2|2
374|Grand Master Voldus|2|1||Storm bolter|rapid fire 2|24|Ranged|2|2|4|0|1
374|Grand Master Voldus|3|1||Malleus Argyrum|psychic|Melee|Melee|5|2|10|-2|3
375|Grand Master|1|1||Incinerator|ignores cover, torrent|12|Ranged|D6|N/A|6|-1|1
375|Grand Master|2|1||Psilencer|precision, psychic, sustained hits 1|24|Ranged|6|2|5|0|1
375|Grand Master|3|1||Psycannon|psychic|24|Ranged|3|2|8|-1|2
375|Grand Master|4|1||Storm bolter|rapid fire 2|24|Ranged|2|2|4|0|1
375|Grand Master|5|1||Nemesis force weapon|psychic|Melee|Melee|5|2|6|-2|2
376|Brother-captain|1|1||Incinerator|ignores cover, torrent|12|Ranged|D6|N/A|6|-1|1
376|Brother-captain|2|1||Psilencer|precision, psychic, sustained hits 1|24|Ranged|6|2|5|0|1
376|Brother-captain|3|1||Psycannon|psychic|24|Ranged|3|2|8|-1|2
376|Brother-captain|4|1||Storm bolter|rapid fire 2|24|Ranged|2|2|4|0|1
376|Brother-captain|5|1||Nemesis force weapon|psychic|Melee|Melee|4|2|6|-2|2
377|Brother-captain Stern|1|1||Storm bolter|rapid fire 2|24|Ranged|2|2|4|0|1
377|Brother-captain Stern|2|1||Nemesis force sword|psychic|Melee|Melee|5|2|6|-2|2
379|Brotherhood Champion|1|1||Storm bolter|rapid fire 2|24|Ranged|2|2|4|0|1
379|Brotherhood Champion|2|1||Nemesis force weapon|precision, psychic|Melee|Melee|5|2|6|-2|2
380|Castellan Crowe|1|1||Purifying Flame|anti-infantry 2+, ignores cover, psychic|18|Ranged|3|2|4|-2|1
380|Castellan Crowe|2|1||Storm bolter|rapid fire 2|24|Ranged|2|2|4|0|1
380|Castellan Crowe|3|1||Black Blade of Antwyr|devastating wounds, precision|Melee|Melee|5|2|6|-2|2
381|Strike Squad|1|1||Incinerator|ignores cover, torrent|12|Ranged|D6|N/A|6|-1|1
381|Strike Squad|2|1||Psilencer|precision, psychic, sustained hits 1|24|Ranged|6|3|5|0|1
381|Strike Squad|3|1||Psycannon|psychic|24|Ranged|3|3|8|-1|2
381|Strike Squad|4|1||Storm bolter|rapid fire 2|24|Ranged|2|3|4|0|1
381|Strike Squad|5|1||Close combat weapon||Melee|Melee|3|3|4|0|1
381|Strike Squad|6|1||Nemesis force weapon|psychic|Melee|Melee|3|3|6|-2|2
382|Brotherhood Terminator Squad|1|1||Incinerator|ignores cover, torrent|12|Ranged|D6|N/A|6|-1|1
382|Brotherhood Terminator Squad|2|1||Psilencer|precision, psychic, sustained hits 1|24|Ranged|6|3|5|0|1
382|Brotherhood Terminator Squad|3|1||Psycannon|psychic|24|Ranged|3|3|8|-1|2
382|Brotherhood Terminator Squad|4|1||Storm bolter|rapid fire 2|24|Ranged|2|3|4|0|1
382|Brotherhood Terminator Squad|5|1||Nemesis force weapon|psychic|Melee|Melee|4|3|6|-2|2
383|Purifier Squad|1|1||Incinerator|ignores cover, torrent|12|Ranged|D6|N/A|6|-1|1
383|Purifier Squad|2|1||Psilencer|precision, psychic, sustained hits 1|24|Ranged|6|3|5|0|1
383|Purifier Squad|3|1||Psycannon|psychic|24|Ranged|3|3|8|-1|2
383|Purifier Squad|4|1||Purifying Flame|anti-infantry 2+, ignores cover, psychic|18|Ranged|1|3|4|-2|1
383|Purifier Squad|5|1||Storm bolter|rapid fire 2|24|Ranged|2|3|4|0|1
383|Purifier Squad|6|1||Close combat weapon||Melee|Melee|3|3|4|0|1
383|Purifier Squad|7|1||Nemesis force weapon|psychic|Melee|Melee|3|3|6|-2|2
384|Paladin Squad|1|1||Incinerator|ignores cover, torrent|12|Ranged|D6|N/A|6|-1|1
384|Paladin Squad|2|1||Psilencer|precision, psychic, sustained hits 1|24|Ranged|6|2|5|0|1
384|Paladin Squad|3|1||Psycannon|psychic|24|Ranged|3|2|8|-1|2
384|Paladin Squad|4|1||Storm bolter|rapid fire 2|24|Ranged|2|2|4|0|1
384|Paladin Squad|5|1||Nemesis force weapon|psychic|Melee|Melee|4|2|6|-2|2
387|Interceptor Squad|1|1||Incinerator|ignores cover, torrent|12|Ranged|D6|N/A|6|-1|1
387|Interceptor Squad|2|1||Psilencer|precision, psychic, sustained hits 1|24|Ranged|6|3|5|0|1
387|Interceptor Squad|3|1||Psycannon|psychic|24|Ranged|3|3|8|-1|2
387|Interceptor Squad|4|1||Storm bolter|rapid fire 2|24|Ranged|2|3|4|0|1
387|Interceptor Squad|5|1||Close combat weapon||Melee|Melee|3|3|4|0|1
387|Interceptor Squad|6|1||Nemesis force weapon|psychic|Melee|Melee|3|3|6|-2|2
388|Purgation Squad|1|1||Incinerator|ignores cover, torrent|12|Ranged|D6|N/A|6|-1|1
388|Purgation Squad|2|1||Psilencer|precision, psychic, sustained hits 1|24|Ranged|6|3|5|0|1
388|Purgation Squad|3|1||Psycannon|psychic|24|Ranged|3|3|8|-1|2
388|Purgation Squad|4|1||Storm bolter|rapid fire 2|24|Ranged|2|3|4|0|1
388|Purgation Squad|5|1||Close combat weapon||Melee|Melee|3|3|4|0|1
388|Purgation Squad|6|1||Nemesis force weapon|psychic|Melee|Melee|3|3|6|-2|2
389|Nemesis Dreadknight|1|1||Gatling psilencer|psychic, sustained hits 1|24|Ranged|12|3|6|0|1
389|Nemesis Dreadknight|2|1||Heavy incinerator|ignores cover, torrent|18|Ranged|2D6|N/A|6|-1|1
389|Nemesis Dreadknight|3|1||Heavy psycannon|ignores cover, psychic|24|Ranged|6|3|10|-2|3
389|Nemesis Dreadknight|4|1||Dreadfists||Melee|Melee|6|2|6|-1|1
389|Nemesis Dreadknight|5|1||Nemesis daemon greathammer|psychic|Melee|Melee|5|3|14|-3|D6+1
389|Nemesis Dreadknight|6|1||Nemesis greatsword – strike|psychic|Melee|Melee|5|2|10|-2|D6
389|Nemesis Dreadknight|7|2||Nemesis greatsword – sweep|psychic|Melee|Melee|10|2|5|-1|1
390|Grey Knights Dreadnought|1|1||Assault cannon|devastating wounds|24|Ranged|6|3|6|0|1
390|Grey Knights Dreadnought|2|1||Heavy flamer|ignores cover, torrent|12|Ranged|D6|N/A|5|-1|1
390|Grey Knights Dreadnought|3|1||Heavy plasma cannon – standard|blast|36|Ranged|D3|3|7|-2|2
390|Grey Knights Dreadnought|4|2||Heavy plasma cannon – supercharge|blast, hazardous|36|Ranged|D3|3|8|-3|3
390|Grey Knights Dreadnought|5|1||Heavy psycannon|psychic|24|Ranged|6|3|10|-1|3
390|Grey Knights Dreadnought|6|1||Incinerator|ignores cover, torrent|12|Ranged|D6|N/A|6|-1|1
390|Grey Knights Dreadnought|7|1||Missile launcher – frag|blast|48|Ranged|D6|3|4|0|1
390|Grey Knights Dreadnought|8|2||Missile launcher – krak||48|Ranged|1|3|9|-2|D6
390|Grey Knights Dreadnought|9|1||Multi-melta|melta 2|18|Ranged|2|3|9|-4|D6
390|Grey Knights Dreadnought|10|1||Storm bolter|rapid fire 2|24|Ranged|2|3|4|0|1
390|Grey Knights Dreadnought|11|1||Twin lascannon|twin-linked|48|Ranged|1|3|12|-3|D6+1
390|Grey Knights Dreadnought|12|1||Armoured feet||Melee|Melee|5|3|6|0|1
390|Grey Knights Dreadnought|13|1||Dreadnought combat weapon||Melee|Melee|5|3|12|-2|3
390|Grey Knights Dreadnought|14|1||Nemesis doomglaive|psychic|Melee|Melee|5|3|14|-3|3
391|Land Raider|1|1||Godhammer lascannon||48|Ranged|2|3|12|-3|D6+1
391|Land Raider|2|1||Hunter-killer missile|one shot|48|Ranged|1|2|14|-3|D6
391|Land Raider|3|1||Multi-melta|melta 2|18|Ranged|2|3|9|-4|D6
391|Land Raider|4|1||Storm bolter|rapid fire 2|24|Ranged|2|3|4|0|1
391|Land Raider|5|1||Twin heavy bolter|sustained hits 1, twin-linked|36|Ranged|3|3|5|-1|2
391|Land Raider|6|1||Armoured tracks||Melee|Melee|6|4|8|0|1
392|Land Raider Crusader|1|1||Hunter-killer missile|one shot|48|Ranged|1|2|14|-3|D6
392|Land Raider Crusader|2|1||Hurricane bolter|rapid fire 6, twin-linked|24|Ranged|6|3|4|0|1
392|Land Raider Crusader|3|1||Multi-melta|melta 2|18|Ranged|2|3|9|-4|D6
392|Land Raider Crusader|4|1||Storm bolter|rapid fire 2|24|Ranged|2|3|4|0|1
392|Land Raider Crusader|5|1||Twin assault cannon|devastating wounds, twin-linked|24|Ranged|6|3|6|0|1
392|Land Raider Crusader|6|1||Armoured tracks||Melee|Melee|6|4|8|0|1
393|Land Raider Redeemer|1|1||Flamestorm cannon|ignores cover, torrent|12|Ranged|D6+3|N/A|6|-2|2
393|Land Raider Redeemer|2|1||Hunter-killer missile|one shot|48|Ranged|1|2|14|-3|D6
393|Land Raider Redeemer|3|1||Multi-melta|melta 2|18|Ranged|2|3|9|-4|D6
393|Land Raider Redeemer|4|1||Storm bolter|rapid fire 2|24|Ranged|2|3|4|0|1
393|Land Raider Redeemer|5|1||Twin assault cannon|devastating wounds, twin-linked|24|Ranged|6|3|6|0|1
393|Land Raider Redeemer|6|1||Armoured tracks||Melee|Melee|6|4|8|0|1
395|Razorback|1|1||Hunter-killer missile|one shot|48|Ranged|1|2|14|-3|D6
395|Razorback|2|1||Storm bolter|rapid fire 2|24|Ranged|2|3|4|0|1
395|Razorback|3|1||Twin heavy bolter|sustained hits 1, twin-linked|36|Ranged|3|3|5|-1|2
395|Razorback|4|1||Twin lascannon|twin-linked|48|Ranged|1|3|12|-3|D6+1
395|Razorback|5|1||Armoured tracks||Melee|Melee|3|4|6|0|1
396|Rhino|1|1||Hunter-killer missile|one shot|48|Ranged|1|2|14|-3|D6
396|Rhino|2|1||Storm bolter|rapid fire 2|24|Ranged|2|3|4|0|1
396|Rhino|3|1||Armoured tracks||Melee|Melee|3|4|6|0|1
397|Servitors|1|1||Heavy bolter|heavy, sustained hits 1|36|Ranged|3|4|5|-1|2
397|Servitors|2|1||Multi-melta|heavy, melta 2|18|Ranged|2|4|9|-4|D6
397|Servitors|3|1||Plasma cannon – standard|blast, heavy|36|Ranged|D3|4|7|-2|1
397|Servitors|4|2||Plasma cannon – supercharge|blast, hazardous, heavy|36|Ranged|D3|4|8|-3|2
397|Servitors|5|1||Servitor’s servo-arm||Melee|Melee|1|5|6|-2|3
397|Servitors|6|1||Servitor’s tools||Melee|Melee|1|5|3|0|1
398|Stormraven Gunship|1|1||Hurricane bolter|rapid fire 6, twin-linked|24|Ranged|6|3|4|0|1
398|Stormraven Gunship|2|1||Stormstrike missile launcher||48|Ranged|1|3|10|-3|D6+2
398|Stormraven Gunship|3|1||Twin assault cannon|devastating wounds, twin-linked|24|Ranged|6|3|6|0|1
398|Stormraven Gunship|4|1||Twin heavy bolter|sustained hits 1, twin-linked|36|Ranged|3|3|5|-1|2
398|Stormraven Gunship|5|1||Twin heavy plasma cannon – standard|blast, twin-linked|36|Ranged|3|3|7|-2|2
398|Stormraven Gunship|6|2||Twin heavy plasma cannon – supercharge|blast, hazardous, twin-linked|36|Ranged|3|3|8|-3|3
398|Stormraven Gunship|7|1||Twin lascannon|twin-linked|48|Ranged|1|3|12|-3|D6+1
398|Stormraven Gunship|8|1||Twin multi-melta|melta 2, twin-linked|18|Ranged|2|3|9|-4|D6
398|Stormraven Gunship|9|1||Typhoon missile launcher – frag|blast|48|Ranged|2D6|3|4|0|1
398|Stormraven Gunship|10|2||Typhoon missile launcher – krak||48|Ranged|2|3|9|-2|D6
398|Stormraven Gunship|11|1||Armoured hull||Melee|Melee|6|4|8|0|1
399|Brotherhood Techmarine|1|1||Forge bolter||24|Ranged|3|2|5|-1|2
399|Brotherhood Techmarine|2|1||Grav-pistol|anti-vehicle 2+, pistol|12|Ranged|1|2|4|-1|2
399|Brotherhood Techmarine|3|1||Omnissian power axe||Melee|Melee|4|3|6|-2|2
399|Brotherhood Techmarine|4|1||Servo-arms|extra attacks|Melee|Melee|1|3|8|-2|3
400|Venerable Dreadnought|1|1||Assault cannon|devastating wounds|24|Ranged|6|3|6|0|1
400|Venerable Dreadnought|2|1||Heavy flamer|ignores cover, torrent|12|Ranged|D6|N/A|5|-1|1
400|Venerable Dreadnought|3|1||Heavy plasma cannon – standard|blast|36|Ranged|D3|3|7|-2|2
400|Venerable Dreadnought|4|2||Heavy plasma cannon – supercharge|blast, hazardous|36|Ranged|D3|3|8|-3|3
400|Venerable Dreadnought|5|1||Storm bolter|rapid fire 2|24|Ranged|2|3|4|0|1
400|Venerable Dreadnought|6|1||Twin lascannon|twin-linked|48|Ranged|1|3|12|-3|D6+1
400|Venerable Dreadnought|7|1||Dreadnought combat weapon||Melee|Melee|5|3|12|-2|3
402|Commander In Coldstar Battlesuit|1|1||Airbursting fragmentation projector|blast, indirect fire|24|Ranged|D6|3|3|0|1
402|Commander In Coldstar Battlesuit|2|1||Burst cannon||18|Ranged|4|3|5|0|1
402|Commander In Coldstar Battlesuit|3|1||Cyclic ion blaster – standard||18|Ranged|3|3|7|-1|1
402|Commander In Coldstar Battlesuit|4|2||Cyclic ion blaster – overcharge|hazardous|18|Ranged|3|3|8|-2|2
402|Commander In Coldstar Battlesuit|5|1||Fusion blaster|melta 2|12|Ranged|1|3|9|-4|D6
402|Commander In Coldstar Battlesuit|6|1||High-output burst cannon||18|Ranged|8|3|5|0|1
402|Commander In Coldstar Battlesuit|7|1||Missile pod||30|Ranged|2|3|7|-1|2
402|Commander In Coldstar Battlesuit|8|1||Plasma rifle||18|Ranged|1|3|8|-3|3
402|Commander In Coldstar Battlesuit|9|1||T’au flamer|ignores cover, torrent|12|Ranged|D6|N/A|4|0|1
402|Commander In Coldstar Battlesuit|10|1||Battlesuit fists||Melee|Melee|3|4|5|0|1
404|Ethereal|1|1||Honour stave||Melee|Melee|2|4|5|0|1
405|Cadre Fireblade|1|1||Fireblade pulse rifle|rapid fire 1|30|Ranged|1|3|5|0|2
405|Cadre Fireblade|2|1||Close combat weapon||Melee|Melee|3|4|3|0|1
406|Commander Farsight|1|1||High-intensity plasma rifle||24|Ranged|2|2|8|-3|3
406|Commander Farsight|2|1||Dawn Blade – strike||Melee|Melee|4|2|10|-2|3
406|Commander Farsight|3|2||Dawn Blade – sweep||Melee|Melee|8|2|6|-1|1
407|Commander Shadowsun|1|1||Flechette launcher||18|Ranged|5|2|3|0|1
407|Commander Shadowsun|2|1||High-energy fusion blaster|melta 2|18|Ranged|1|2|10|-4|D6
407|Commander Shadowsun|3|1||Light missile pod||24|Ranged|2|2|7|0|2
407|Commander Shadowsun|4|1||Pulse pistol|pistol|12|Ranged|1|3|5|0|1
407|Commander Shadowsun|5|1||Battlesuit fists||Melee|Melee|3|4|5|0|1
408|Aun’shi|1|1||Fidelity|sustained hits 1|Melee|Melee|6|3|5|-1|2
409|AUN’VA|1|1||Close combat weapon||Melee|Melee|1|6|2|0|1
409|AUN’VA|2|1||Supreme honour blade||Melee|Melee|3|3|5|0|1
410|Darkstrider|1|1||Shade|assault|18|Ranged|2|2|5|0|2
410|Darkstrider|2|1||Close combat weapon||Melee|Melee|3|4|3|0|1
411|Strike Team|1|1||Pulse carbine||20|Ranged|2|4|5|0|1
411|Strike Team|2|1||Pulse pistol|pistol|12|Ranged|1|4|5|0|1
411|Strike Team|3|1||Pulse rifle|rapid fire 1|30|Ranged|1|4|5|0|1
411|Strike Team|4|1||Support turret|indirect fire, twin-linked|30|Ranged|2|5|5|0|1
411|Strike Team|5|1||Close combat weapon||Melee|Melee|1|5|3|0|1
412|Breacher Team|1|1||Pulse blaster|assault|10|Ranged|2|3|6|-1|1
412|Breacher Team|2|1||Pulse pistol|pistol|12|Ranged|1|4|5|0|1
412|Breacher Team|3|1||Support turret|indirect fire, twin-linked|30|Ranged|2|5|5|0|1
412|Breacher Team|4|1||Close combat weapon||Melee|Melee|1|5|3|0|1
413|Kroot Carnivores|1|1||Tanglebomb launcher|Blast|24|Ranged|D3|4|5|0|1
413|Kroot Carnivores|2|1||Kroot pistol|Pistol|12|Ranged|1|4|4|0|1
413|Kroot Carnivores|3|1||Kroot rifle|rapid fire 1|24|Ranged|1|4|4|0|1
413|Kroot Carnivores|4|1||Kroot carbine||18|Ranged|1|4|4|0|2
413|Kroot Carnivores|5|1||Close combat weapon||Melee|Melee|2|3|4|0|1
414|Krootox Riders|1|1||Repeater cannon|rapid fire 2|36|Ranged|2|4|7|-1|2
414|Krootox Riders|2|1||Tanglecannon|blast, heavy|36|Ranged|D6+1|4|6|0|1
414|Krootox Riders|3|1||Close combat weapon||Melee|Melee|2|3|4|0|1
414|Krootox Riders|4|1||Krootox fists|EXTRA ATTACKS|Melee|Melee|4|3|6|-1|2
415|Kroot Hounds|1|1||Ripping fangs||Melee|Melee|3|3|3|0|1
417|Stealth Battlesuits|1|1||Burst cannon||18|Ranged|4|4|5|0|1
417|Stealth Battlesuits|2|1||Fusion blaster|melta 2|12|Ranged|1|4|9|-4|D6
417|Stealth Battlesuits|3|1||Pulse pistol|pistol|12|Ranged|1|4|5|0|1
417|Stealth Battlesuits|4|1||Battlesuit fists||Melee|Melee|2|5|4|0|1
418|Crisis Battlesuits|1|1||Airbursting fragmentation projector|blast, indirect fire|24|Ranged|D6|4|3|0|1
418|Crisis Battlesuits|2|1||Burst cannon||18|Ranged|4|4|5|0|1
418|Crisis Battlesuits|3|1||Cyclic ion blaster – standard||18|Ranged|3|4|7|-1|1
418|Crisis Battlesuits|4|2||Cyclic ion blaster – overcharge|hazardous|18|Ranged|3|4|8|-2|2
418|Crisis Battlesuits|5|1||Fusion blaster|melta 2|12|Ranged|1|4|9|-4|D6
418|Crisis Battlesuits|6|1||Missile pod||30|Ranged|2|4|7|-1|2
418|Crisis Battlesuits|7|1||Plasma rifle||24|Ranged|1|4|8|-3|3
418|Crisis Battlesuits|8|1||T’au flamer|ignores cover, torrent|12|Ranged|D6|N/A|4|0|1
418|Crisis Battlesuits|9|1||Battlesuit fists||Melee|Melee|3|5|5|0|1
420|Ghostkeel Battlesuit|1|1||Cyclic ion raker – standard||36|Ranged|6|4|7|-1|2
420|Ghostkeel Battlesuit|2|2||Cyclic ion raker – overcharge|hazardous|36|Ranged|6|4|8|-2|3
420|Ghostkeel Battlesuit|3|1||Fusion collider|melta 2|18|Ranged|2|4|12|-4|D6
420|Ghostkeel Battlesuit|4|1||Twin burst cannon|twin-linked|18|Ranged|4|4|5|0|1
420|Ghostkeel Battlesuit|5|1||Twin fusion blaster|melta 2, twin-linked|12|Ranged|1|4|9|-4|D6
420|Ghostkeel Battlesuit|6|1||Twin T’au flamer|ignores cover, torrent, twin-linked|12|Ranged|D6|N/A|4|0|1
420|Ghostkeel Battlesuit|7|1||Ghostkeel fists||Melee|Melee|3|5|6|0|2
421|Riptide Battlesuit|1|1||Heavy burst cannon||36|Ranged|12|4|6|-1|2
421|Riptide Battlesuit|2|1||Ion accelerator – standard||72|Ranged|6|4|9|-2|3
421|Riptide Battlesuit|3|2||Ion accelerator – supercharge|hazardous|72|Ranged|6|4|10|-3|4
421|Riptide Battlesuit|4|1||Twin fusion blaster|melta 2, twin-linked|12|Ranged|1|4|9|-4|D6
421|Riptide Battlesuit|5|1||Twin plasma rifle|twin-linked|18|Ranged|1|4|8|-3|3
421|Riptide Battlesuit|6|1||Twin smart missile system|indirect fire, twin-linked|30|Ranged|3|4|5|0|1
421|Riptide Battlesuit|7|1||Riptide fists||Melee|Melee|6|5|6|0|2
422|Pathfinder Team|1|1||Drone burst cannon||18|Ranged|4|5|5|0|1
422|Pathfinder Team|2|1||Ion rifle – standard|heavy|30|Ranged|3|5|7|-1|1
422|Pathfinder Team|3|2||Ion rifle – overcharge|hazardous, heavy|30|Ranged|3|5|8|-2|2
422|Pathfinder Team|4|1||Pulse carbine||20|Ranged|2|4|5|0|1
422|Pathfinder Team|5|1||Pulse pistol|pistol|12|Ranged|1|4|5|0|1
422|Pathfinder Team|6|1||Rail rifle|devastating wounds, heavy|30|Ranged|1|5|10|-4|3
422|Pathfinder Team|7|1||Semi-automatic grenade launcher – EMP|anti-vehicle 4+, devastating wounds|18|Ranged|1|4|3|0|1
422|Pathfinder Team|8|2||Semi-automatic grenade launcher – fusion||18|Ranged|1|4|6|-1|3
422|Pathfinder Team|9|1||Close combat weapon||Melee|Melee|1|5|3|0|1
423|Piranha|1|1||Piranha burst cannon||18|Ranged|4|4|6|-1|1
423|Piranha|2|1||Piranha fusion blaster|melta 4|12|Ranged|1|4|9|-4|D6
423|Piranha|3|1||Seeker missile|one shot|48|Ranged|1|4|14|-3|D6+1
423|Piranha|4|1||Twin pulse carbine|twin-linked, assault|20|Ranged|2|4|5|0|1
423|Piranha|5|1||Armoured hull||Melee|Melee|2|5|4|0|1
424|Devilfish|1|1||Accelerator burst cannon||18|Ranged|4|4|6|-1|1
424|Devilfish|2|1||Seeker missile|one shot|48|Ranged|1|4|14|-3|D6+1
424|Devilfish|3|1||Twin pulse carbine|assault, twin-linked|20|Ranged|2|4|5|0|1
424|Devilfish|4|1||Smart missile system|indirect fire|30|Ranged|3|4|5|0|1
424|Devilfish|5|1||Armoured hull||Melee|Melee|3|5|6|0|1
425|Razorshark Strike Fighter|1|1||Accelerator burst cannon||18|Ranged|4|4|6|-1|1
425|Razorshark Strike Fighter|2|1||Missile pod||30|Ranged|2|4|7|-1|2
425|Razorshark Strike Fighter|3|1||Quad ion turret – standard|twin-linked|30|Ranged|8|4|7|-1|1
425|Razorshark Strike Fighter|4|2||Quad ion turret – overcharge|hazardous, twin-linked|30|Ranged|8|4|8|-2|2
425|Razorshark Strike Fighter|5|1||Seeker missile|one shot|48|Ranged|1|4|14|-3|D6+1
425|Razorshark Strike Fighter|6|1||Armoured hull||Melee|Melee|3|5|6|0|1
426|Sun Shark Bomber|1|1||Missile pod||30|Ranged|2|4|7|-1|2
426|Sun Shark Bomber|2|1||Twin missile pod|twin-linked|30|Ranged|2|4|7|-1|2
426|Sun Shark Bomber|3|1||Seeker missile|one shot|48|Ranged|1|4|14|-3|D6+1
426|Sun Shark Bomber|4|1||Twin ion rifle – standard|twin-linked|30|Ranged|3|4|7|-1|1
426|Sun Shark Bomber|5|2||Twin ion rifle – overcharge|hazardous, twin-linked|30|Ranged|3|4|8|-2|2
426|Sun Shark Bomber|6|1||Armoured hull||Melee|Melee|3|5|6|0|1
427|Vespid Stingwings|1|1||Neutron blaster|assault|18|Ranged|2|4|5|-2|2
427|Vespid Stingwings|2|1||Neutron grenade launcher|ANTI-INFANTRY 3+, BLAST|18|Ranged|D6|4|4|-1|2
427|Vespid Stingwings|3|1||Neutron rail rifle|DEVASTATING WOUNDS|30|Ranged|1|4|10|-4|3
427|Vespid Stingwings|4|1||T’au flamer|IGNORES COVER, TORRENT|12|Ranged|D6|N/A|4|0|1
427|Vespid Stingwings|5|1||Stingwing claws||Melee|Melee|1|4|4|-1|1
428|Firesight Team|1|1||Longshot pulse rifles|heavy, precision|36|Ranged|3|4|5|-1|2
428|Firesight Team|2|1||Pulse pistol|pistol|12|Ranged|1|3|5|0|1
428|Firesight Team|3|1||Close combat weapons||Melee|Melee|4|5|3|0|1
430|Sky Ray Gunship|1|1||Accelerator burst cannon||18|Ranged|4|4|6|-1|1
430|Sky Ray Gunship|2|1||Seeker missile rack|twin-linked|48|Ranged|3|4|14|-3|D6+1
430|Sky Ray Gunship|3|1||Twin pulse carbine|assault, twin-linked|20|Ranged|2|4|5|0|1
430|Sky Ray Gunship|4|1||Smart missile system|indirect fire|30|Ranged|3|4|5|0|1
430|Sky Ray Gunship|5|1||Armoured hull||Melee|Melee|3|5|6|0|1
431|Longstrike|1|1||Accelerator burst cannon||18|Ranged|4|4|6|-1|1
431|Longstrike|2|1||Ion cannon – standard|blast|60|Ranged|D6+3|3|7|-1|2
431|Longstrike|3|2||Ion cannon – overcharge|blast, hazardous|60|Ranged|D6+3|3|8|-2|3
431|Longstrike|4|1||Railgun|devastating wounds, heavy|72|Ranged|1|3|20|-5|D6+6
431|Longstrike|5|1||Seeker missile|one shot|48|Ranged|1|4|14|-3|D6+1
431|Longstrike|6|1||Twin pulse carbine|assault, twin-linked|20|Ranged|2|4|5|0|1
431|Longstrike|7|1||Smart missile system|indirect fire|30|Ranged|3|4|5|0|1
431|Longstrike|8|1||Armoured hull||Melee|Melee|3|5|6|0|1
432|Hammerhead Gunship|1|1||Accelerator burst cannon||18|Ranged|4|4|6|-1|1
432|Hammerhead Gunship|2|1||Ion cannon – standard|blast|60|Ranged|D6+3|4|7|-1|2
432|Hammerhead Gunship|3|2||Ion cannon – overcharge|blast, hazardous|60|Ranged|D6+3|4|8|-2|3
432|Hammerhead Gunship|4|1||Railgun|heavy, devastating wounds|72|Ranged|1|4|20|-5|D6+6
432|Hammerhead Gunship|5|1||Seeker missile|one shot|48|Ranged|1|4|14|-3|D6+1
432|Hammerhead Gunship|6|1||Twin pulse carbine|twin-linked|20|Ranged|2|4|5|0|1
432|Hammerhead Gunship|7|1||Smart missile system|indirect fire|30|Ranged|3|4|5|0|1
432|Hammerhead Gunship|8|1||Armoured hull||Melee|Melee|3|5|6|0|1
433|Broadside Battlesuits|1|1||Heavy rail rifle|heavy, devastating wounds|60|Ranged|2|4|12|-4|D6+1
433|Broadside Battlesuits|2|1||High-yield missile pods|twin-linked|30|Ranged|6|4|7|-1|2
433|Broadside Battlesuits|3|1||Seeker missile|one shot|48|Ranged|1|4|14|-3|D6+1
433|Broadside Battlesuits|4|1||Twin plasma rifle|twin-linked|18|Ranged|1|4|8|-3|3
433|Broadside Battlesuits|5|1||Twin smart missile system|indirect fire, twin-linked|30|Ranged|4|4|5|0|1
433|Broadside Battlesuits|6|1||Crushing bulk||Melee|Melee|3|5|6|0|1
434|Stormsurge|1|1||Cluster rocket system|blast, heavy|48|Ranged|4D6|4|5|0|1
434|Stormsurge|2|1||Destroyer missiles|heavy|72|Ranged|1|4|16|-4|D6+2
434|Stormsurge|3|1||Pulse blast cannon – focused|heavy|24|Ranged|2|4|24|-6|12
434|Stormsurge|4|2||Pulse blast cannon – dispersed|heavy|48|Ranged|6|4|10|-2|4
434|Stormsurge|5|1||Pulse driver cannon|blast, heavy|72|Ranged|D6+3|4|12|-3|3
434|Stormsurge|6|1||Twin airbursting fragmentation projector|blast, heavy, indirect fire, twin-linked|24|Ranged|D6|4|3|0|1
434|Stormsurge|7|1||Twin burst cannon|heavy, twin-linked|18|Ranged|4|4|5|0|1
434|Stormsurge|8|1||Twin smart missile system|heavy, indirect fire, twin-linked|30|Ranged|3|4|5|0|1
434|Stormsurge|9|1||Twin T’au flamer|ignores cover, torrent, twin-linked|12|Ranged|D6|N/A|4|0|1
434|Stormsurge|10|1||Thunderous footfalls||Melee|Melee|3|5|8|-1|2
435|Tidewall Droneport|1|1||Drone defenders|assault, twin-linked|20|Ranged|8|5|5|0|1
437|Tidewall Gunrig|1|1||Supremacy railgun|devastating wounds, twin-linked|72|Ranged|1|5|20|-5|D6+6
439|Shas'o R'alai|1|1||Experimental pulse submunitions rifle – EMP|anti-vehicle 3+, devastating wounds|24|Ranged|1|3|1|0|3
439|Shas'o R'alai|2|2||Experimental pulse submunitions rifle – ionic|blast|24|Ranged|D6|3|6|-1|1
439|Shas'o R'alai|3|1||Battlesuit fists||Melee|Melee|3|4|5|0|1
443|Xv9 Hazard Battlesuits|1|1||Fusion cascade|melta 4|12|Ranged|1|4|9|-4|D6
443|Xv9 Hazard Battlesuits|2|1||Phased ion gun||30|Ranged|4|4|6|-1|1
443|Xv9 Hazard Battlesuits|3|1||Twin hazard burst cannon|twin-linked|24|Ranged|4|4|5|0|1
443|Xv9 Hazard Battlesuits|4|1||Battlesuit fists||Melee|Melee|3|5|5|0|1
444|Y’vahra Battlesuit|1|1||Flechette pod||12|Ranged|5|4|3|0|1
444|Y’vahra Battlesuit|2|1||Ionic discharge cannon – standard|blast|18|Ranged|D6+1|4|7|-1|2
444|Y’vahra Battlesuit|3|2||Ionic discharge cannon – overcharge|blast, hazardous|18|Ranged|D6+1|4|8|-2|3
444|Y’vahra Battlesuit|4|1||Phased plasma-flamer|ignores cover, torrent|12|Ranged|10|N/A|6|-1|1
444|Y’vahra Battlesuit|5|1||Battlesuit fists||Melee|Melee|6|5|6|0|2
445|R’varna Battlesuit|1|1||Pulse submunitions cannon|blast|60|Ranged|D6+2|4|8|-1|2
445|R’varna Battlesuit|2|1||Battlesuit fists||Melee|Melee|6|5|6|0|2
446|Ta’unar Supremacy Armour|1|1||Burst cannon||18|Ranged|4|4|5|0|1
446|Ta’unar Supremacy Armour|2|1||Fragmentation cluster shell launcher|blast|24|Ranged|2D6+6|4|6|-1|1
446|Ta’unar Supremacy Armour|3|1||Fusion eradicator|melta 3|24|Ranged|5|4|10|-4|D6
446|Ta’unar Supremacy Armour|4|1||Heavy rail cannon array|devastating wounds, heavy|120|Ranged|2|4|26|-5|16
446|Ta’unar Supremacy Armour|5|1||Nexus missile launcher||36|Ranged|8|4|8|-3|2
446|Ta’unar Supremacy Armour|6|1||Pulse ordnance driver|anti-infantry 2+|60|Ranged|8|4|5|-1|3
446|Ta’unar Supremacy Armour|7|1||Smart missile system|indirect fire|30|Ranged|3|4|5|0|1
446|Ta’unar Supremacy Armour|8|1||Tri-axis ion cannon – standard|blast|36|Ranged|D6+3|4|8|-2|2
446|Ta’unar Supremacy Armour|9|2||Tri-axis ion cannon – supercharge|blast, hazardous|36|Ranged|D6+3|4|9|-3|3
446|Ta’unar Supremacy Armour|10|1||Crushing feet||Melee|Melee|6|5|8|-1|2
447|Tetras|1|1||Pulse rifle|rapid fire 1|30|Ranged|1|4|5|0|1
447|Tetras|2|1||Close combat weapons||Melee|Melee|2|5|3|0|1
448|Tx42 Piranha|1|1||Fusion blaster|melta 2|12|Ranged|1|4|9|-4|D6
448|Tx42 Piranha|2|1||Missile pod||30|Ranged|2|4|7|-1|2
448|Tx42 Piranha|3|1||Plasma rifle||24|Ranged|1|4|8|-3|3
448|Tx42 Piranha|4|1||Rail rifle|devastating wounds|30|Ranged|1|4|10|-4|3
448|Tx42 Piranha|5|1||Armoured hull||Melee|Melee|2|5|4|0|1
449|Heavy Gun Drones|1|1||Burst cannon||18|Ranged|4|4|5|0|1
449|Heavy Gun Drones|2|1||Twin burst cannon|twin-linked|18|Ranged|4|5|5|0|1
449|Heavy Gun Drones|3|1||Close combat weapon||Melee|Melee|1|6|3|0|1
452|Remora Stealth Drones|1|1||Remora seeker missile|one shot|48|Ranged|1|4|14|-3|D6+1
452|Remora Stealth Drones|2|1||Twin long-barrelled burst cannon|twin-linked|24|Ranged|4|4|6|-1|1
452|Remora Stealth Drones|3|1||Close combat weapon||Melee|Melee|1|5|4|0|1
453|Barracuda|1|1||Cyclic ion blaster – standard||18|Ranged|3|4|7|-1|1
453|Barracuda|2|2||Cyclic ion blaster – overcharge|hazardous|18|Ranged|3|4|8|-2|2
453|Barracuda|3|1||Ion cannon – standard|blast|60|Ranged|D6+3|4|7|-1|2
453|Barracuda|4|2||Ion cannon – overcharge|blast, hazardous|60|Ranged|D6+3|4|8|-2|3
453|Barracuda|5|1||Long-barrelled burst cannon||24|Ranged|8|4|6|0|1
453|Barracuda|6|1||Missile pod||30|Ranged|2|4|7|-1|2
453|Barracuda|7|1||Seeker missile|one shot|48|Ranged|1|4|14|-3|D6+1
453|Barracuda|8|1||Swiftstrike burst cannon||36|Ranged|16|4|6|-1|1
453|Barracuda|9|1||Swiftstrike railgun|devastating wounds|72|Ranged|1|4|20|-5|D6+6
453|Barracuda|10|1||Armoured hull||Melee|Melee|3|5|6|0|1
454|Tiger Shark|1|1||Burst cannon||18|Ranged|4|4|5|0|1
454|Tiger Shark|2|1||Cyclic ion blaster – standard||18|Ranged|3|4|7|-1|1
454|Tiger Shark|3|2||Cyclic ion blaster – overcharge|hazardous|18|Ranged|3|4|8|-2|2
454|Tiger Shark|4|1||Ion cannon – standard|blast|60|Ranged|D6+3|4|7|-1|2
454|Tiger Shark|5|2||Ion cannon – overcharge|blast, hazardous|60|Ranged|D6+3|4|8|-2|3
454|Tiger Shark|6|1||Missile pod||30|Ranged|2|4|7|-1|2
454|Tiger Shark|7|1||Seeker missile|one shot|48|Ranged|1|4|14|-3|D6+1
454|Tiger Shark|8|1||Skyspear missile rack|anti-fly 3+, blast|72|Ranged|D6+1|4|6|-1|1
454|Tiger Shark|9|1||Swiftstrike burst cannon||36|Ranged|16|4|6|-1|1
454|Tiger Shark|10|1||Swiftstrike railgun|devastating wounds|72|Ranged|1|4|20|-5|D6+6
454|Tiger Shark|11|1||Armoured hull||Melee|Melee|3|5|6|0|1
455|Ax-1-0 Tiger Shark|1|1||Burst cannon||18|Ranged|4|4|5|0|1
455|Ax-1-0 Tiger Shark|2|1||Cyclic ion blaster – standard||18|Ranged|3|4|7|-1|1
455|Ax-1-0 Tiger Shark|3|2||Cyclic ion blaster – overcharge|hazardous|18|Ranged|3|4|8|-2|2
455|Ax-1-0 Tiger Shark|4|1||Missile pod||30|Ranged|2|4|7|-1|2
455|Ax-1-0 Tiger Shark|5|1||Seeker missile|one shot|48|Ranged|1|4|14|-3|D6+1
455|Ax-1-0 Tiger Shark|6|1||Twin heavy rail cannon|devastating wounds, twin-linked|120|Ranged|1|4|26|-5|12
455|Ax-1-0 Tiger Shark|7|1||Armoured hull||Melee|Melee|3|5|6|0|1
456|Orca Dropship|1|1||Long-barrelled burst cannon||36|Ranged|4|4|5|0|1
456|Orca Dropship|2|1||Missile pod||30|Ranged|2|4|7|-1|2
456|Orca Dropship|3|1||Armoured hull||Melee|Melee|3|5|8|0|1
457|Manta|1|1||Heavy rail cannon|devastating wounds|120|Ranged|1|4|26|-5|12
457|Manta|2|1||Ion cannon – standard|blast|60|Ranged|D6+3|4|7|-1|2
457|Manta|3|2||Ion cannon – overcharge|blast, hazardous|60|Ranged|D6+3|4|8|-2|3
457|Manta|4|1||Long-barrelled burst cannon array||24|Ranged|32|4|6|-1|1
457|Manta|5|1||Missile pod||30|Ranged|2|4|7|-1|2
457|Manta|6|1||Seeker missile|one shot|48|Ranged|1|4|14|-3|D6+1
457|Manta|7|1||Armoured hull||Melee|Melee|8|5|6|0|1
459|Drone Sentry Turret|1|1||Twin burst cannon|twin-linked|18|Ranged|4|5|5|0|1
459|Drone Sentry Turret|2|1||Twin fusion blaster|melta 2, twin-linked|12|Ranged|1|5|9|-4|D6
459|Drone Sentry Turret|3|1||Twin missile pod|twin-linked|30|Ranged|2|5|7|-1|2
459|Drone Sentry Turret|4|1||Twin plasma rifle|twin-linked|24|Ranged|1|5|8|-3|3
460|Hive Tyrant|1|1||Heavy venom cannon|blast|36|Ranged|D3|2|9|-2|3
460|Hive Tyrant|2|1||Stranglethorn cannon|blast|36|Ranged|D6+1|2|7|-1|2
460|Hive Tyrant|3|1||Monstrous bonesword and lash whip|twin-linked|Melee|Melee|6|2|9|-2|3
460|Hive Tyrant|4|1||Monstrous scything talons|extra attacks|Melee|Melee|4|2|7|-2|2
461|The Swarmlord|1|1||Synaptic pulse|psychic, torrent|18|Ranged|D6+3|N/A|5|-1|2
461|The Swarmlord|2|1||Bone sabres|twin-linked|Melee|Melee|8|2|9|-2|3
462|Old One Eye|1|1||Old One Eye’s claws and talons – strike||Melee|Melee|6|3|14|-3|D6+1
462|Old One Eye|2|2||Old One Eye’s claws and talons – sweep||Melee|Melee|12|3|6|-1|1
463|Broodlord|1|1||Broodlord claws and talons|devastating wounds, twin-linked|Melee|Melee|5|2|6|-2|2
465|Tervigon|1|1||Stinger salvoes||24|Ranged|8|3|5|0|1
465|Tervigon|2|1||Massive crushing claws||Melee|Melee|4|4|12|-3|D6+1
465|Tervigon|3|1||Massive scything talons – strike||Melee|Melee|4|3|9|-2|D6
465|Tervigon|4|2||Massive scything talons – sweep||Melee|Melee|8|3|7|-1|2
467|Genestealers|1|1||Genestealer claws and talons||Melee|Melee|4|2|4|-2|1
468|Termagants|1|1||Fleshborer|assault|18|Ranged|1|4|5|0|1
468|Termagants|2|1||Shardlauncher|blast, heavy|18|Ranged|D3|4|5|0|1
468|Termagants|3|1||Spike rifle|heavy|24|Ranged|1|4|4|-1|1
468|Termagants|4|1||Strangleweb|assault, devastating wounds, torrent|18|Ranged|D6|N/A|2|0|1
468|Termagants|5|1||Termagant devourer||18|Ranged|2|4|4|0|1
468|Termagants|6|1||Termagant spinefists|assault, pistol, twin-linked|12|Ranged|2|4|3|0|1
468|Termagants|7|1||Chitinous claws and teeth||Melee|Melee|1|4|3|0|1
469|Hormagaunts|1|1||Hormagaunt talons||Melee|Melee|3|4|3|-1|1
470|Ripper Swarms|1|1||Spinemaws|pistol|6|Ranged|4|5|3|0|1
470|Ripper Swarms|2|1||Chitinous claws and teeth|sustained hits 1|Melee|Melee|6|5|2|0|1
471|Tyrant Guard|1|1||Bone cleaver, lash whip and rending claws||Melee|Melee|3|3|5|-1|2
471|Tyrant Guard|2|1||Crushing claws and rending claws|twin-linked|Melee|Melee|2|4|8|-2|2
471|Tyrant Guard|3|1||Scything talons and rending claws||Melee|Melee|5|3|5|-1|1
472|Hive Guard|1|1||Impaler cannon|heavy, indirect fire|36|Ranged|4|4|5|-1|1
472|Hive Guard|2|1||Shockcannon|anti-vehicle 2+|24|Ranged|2|3|7|-1|3
472|Hive Guard|3|1||Chitinous claws and teeth||Melee|Melee|3|4|5|0|1
473|Lictor|1|1||Lictor claws and talons|precision|Melee|Melee|6|2|7|-2|2
474|Maleceptor|1|1||Psychic overload|blast, psychic|18|Ranged|D6+3|3|10|-2|3
474|Maleceptor|2|1||Massive scything talons – strike||Melee|Melee|3|3|9|-2|D6+1
474|Maleceptor|3|2||Massive scything talons – sweep||Melee|Melee|6|3|7|-1|2
475|Zoanthropes|1|1||Warp Blast – witchfire|blast, psychic|24|Ranged|D3|3|7|-2|D3
475|Zoanthropes|2|2||Warp Blast – focused witchfire|lethal hits, psychic|24|Ranged|1|3|12|-3|D6+1
475|Zoanthropes|3|1||Chitinous claws and teeth||Melee|Melee|2|5|3|0|1
476|Venomthropes|1|1||Toxic lashes|anti-infantry 2+|Melee|Melee|5|3|3|0|1
477|Pyrovores|1|1||Flamespurt|ignores cover, torrent, twin-linked|12|Ranged|D6+1|N/A|6|-1|1
477|Pyrovores|2|1||Chitin-barbed limbs||Melee|Melee|2|4|5|0|1
478|Haruspex|1|1||Grasping tongue|precision|12|Ranged|1|3|6|-2|D6+1
478|Haruspex|2|1||Ravenous maw||Melee|Melee|14|3|7|-1|2
478|Haruspex|3|1||Shovelling claws|extra attacks|Melee|Melee|4|3|14|-2|D6+1
479|Deathleaper|1|1||Lictor claws and talons|precision|Melee|Melee|6|2|7|-2|2
482|Raveners|1|1||Ravener claws and talons|twin-linked|Melee|Melee|3|3|5|-2|2
483|Sky-slasher Swarms|1|1||Spinemaws|pistol|6|Ranged|4|5|3|0|1
483|Sky-slasher Swarms|2|1||Claws and teeth|sustained hits 1|Melee|Melee|6|5|2|0|1
484|Gargoyles|1|1||Fleshborer|assault|18|Ranged|1|4|5|0|1
484|Gargoyles|2|1||Blinding venom||Melee|Melee|1|4|3|0|1
485|Harpy|1|1||Stinger salvoes||24|Ranged|8|3|5|0|1
485|Harpy|2|1||Twin heavy venom cannon|blast, twin-linked|36|Ranged|D3|3|9|-2|3
485|Harpy|3|1||Twin stranglethorn cannon|blast, twin-linked|36|Ranged|D6+1|2|7|-1|2
485|Harpy|4|1||Scything wings||Melee|Melee|4|4|7|-1|2
486|Hive Crone|1|1||Drool cannon|torrent|12|Ranged|2D6|N/A|6|-1|1
486|Hive Crone|2|1||Stinger salvoes||24|Ranged|8|3|5|0|1
486|Hive Crone|3|1||Tentaclids|anti-vehicle 4+, devastating wounds|36|Ranged|4|3|7|0|2
486|Hive Crone|4|1||Scything wings||Melee|Melee|4|4|7|-1|2
486|Hive Crone|5|1||Thorax spur|anti-fly 2+, extra attacks|Melee|Melee|1|3|10|-3|D6
489|Tyrannocyte|1|1||Tyrannocyte bio-weapons||24|Ranged|5|4|5|-1|2
489|Tyrannocyte|2|1||Flensing whips||Melee|Melee|6|4|7|-1|2
490|Carnifexes|1|1||Bio-plasma|assault, blast|12|Ranged|D3|4|7|-2|1
490|Carnifexes|2|1||Deathspitters with slimer maggots||24|Ranged|6|4|7|-2|1
490|Carnifexes|3|1||Devourers with brainleech worms||18|Ranged|12|4|6|0|1
490|Carnifexes|4|1||Heavy venom cannon|blast|36|Ranged|D3|4|9|-2|3
490|Carnifexes|5|1||Spine banks|assault|6|Ranged|5|4|5|0|1
490|Carnifexes|6|1||Stranglethorn cannon|blast|36|Ranged|D6+1|4|7|-1|2
490|Carnifexes|7|1||Carnifex crushing claws||Melee|Melee|4|4|12|-3|D6+1
490|Carnifexes|8|1||Carnifex extra scything talons|extra attacks|Melee|Melee|2|4|9|-2|3
490|Carnifexes|9|1||Carnifex scything talons||Melee|Melee|6|4|9|-2|3
490|Carnifexes|10|1||Chitinous claws and teeth||Melee|Melee|4|4|6|0|1
491|Biovores|1|1||Spore Mine launcher|blast, devastating wounds, heavy, indirect fire|48|Ranged|D3|4|6|-1|2
491|Biovores|2|1||Chitin-barbed limbs||Melee|Melee|2|4|5|0|1
493|Trygon|1|1||Bio-electric pulse|sustained hits 2|12|Ranged|6|3|5|0|1
493|Trygon|2|1||Trygon scything talons||Melee|Melee|12|3|9|-2|3
494|Mawloc|1|1||Distensible jaw|anti-infantry 4+, devastating wounds, extra attacks|Melee|Melee|1|3|5|0|3
494|Mawloc|2|1||Mawloc scything talons||Melee|Melee|16|3|8|-2|1
495|Exocrine|1|1||Bio-plasmic cannon|blast, heavy|36|Ranged|D6+3|3|9|-3|3
495|Exocrine|2|1||Powerful limbs||Melee|Melee|3|3|7|0|2
496|Tyrannofex|1|1||Acid spray|torrent|18|Ranged|D6+6|N/A|6|-2|2
496|Tyrannofex|2|1||Fleshborer hive|heavy, sustained hits 1, twin-linked|24|Ranged|20|3|5|0|1
496|Tyrannofex|3|1||Rupture cannon|heavy|48|Ranged|2|3|18|-4|D6+6
496|Tyrannofex|4|1||Stinger salvoes||24|Ranged|8|3|5|0|1
496|Tyrannofex|5|1||Powerful limbs||Melee|Melee|4|3|8|0|2
497|Toxicrene|1|1||Massive toxic lashes|anti-infantry 2+|9|Ranged|2D6|3|6|-1|2
497|Toxicrene|2|1||Massive toxic lashes|anti-infantry 2+|Melee|Melee|12|3|6|-1|2
498|Sporocyst|1|1||Sporocyst bio-weapons||24|Ranged|10|4|5|-1|2
498|Sporocyst|2|1||Flensing whips||Melee|Melee|6|4|7|-1|2
499|Malanthrope|1|1||Grasping tail||Melee|Melee|4|4|5|0|2
500|Dimachaeron|1|1||Massive scything sickle-talons|twin-linked|Melee|Melee|10|3|9|-2|3
503|Barbed Hierodule|1|1||Bio-cannon|blast|48|Ranged|D6+3|3|9|-2|2
503|Barbed Hierodule|2|1||Hierodule scything talons||Melee|Melee|8|3|14|-2|D3+3
504|Harridan|1|1||Dire bio-cannon|blast|48|Ranged|D6+6|3|10|-3|3
504|Harridan|2|1||Gargantuan scything talons||Melee|Melee|6|3|14|-2|D6
505|Hierophant|1|1||Bio-plasma torrent|assault, torrent|12|Ranged|3D6|N/A|7|-2|1
505|Hierophant|2|1||Dire bio-cannon|blast|48|Ranged|D6+6|3|10|-3|3
505|Hierophant|3|1||Lashwhip pods|extra attacks|Melee|Melee|10|3|5|-1|1
505|Hierophant|4|1||Titanic scything talons||Melee|Melee|8|3|20|-2|D6+1
506|Scythed Hierodule|1|1||Bio-acid spray|torrent|18|Ranged|3D6|N/A|6|-2|1
506|Scythed Hierodule|2|1||Hierodule scything talons||Melee|Melee|10|3|14|-2|D3+3
507|Patriarch|1|1||Patriarch’s claws|devastating wounds, twin-linked|Melee|Melee|5|2|6|-2|2
508|Magus|1|1||Autopistol|pistol|12|Ranged|1|3|3|0|1
508|Magus|2|1||Magus stave|psychic|Melee|Melee|3|3|5|-1|D3
509|Primus|1|1||Scoped needle pistol|anti-infantry 2+, ignores cover, pistol|18|Ranged|1|2|1|0|D3
509|Primus|2|1||Cult bonesword||Melee|Melee|5|2|5|-2|1
509|Primus|3|1||Toxin injector claw|anti-infantry 2+, extra attacks|Melee|Melee|2|2|2|0|D3
510|Acolyte Iconward|1|1||Autopistol|pistol|12|Ranged|1|3|3|0|1
510|Acolyte Iconward|2|1||Cult claws||Melee|Melee|4|3|4|-1|1
511|Acolyte Hybrids|1|1||Autopistol|pistol|12|Ranged|1|4|3|0|1
511|Acolyte Hybrids|2|1||Cult claws and knife||Melee|Melee|3|3|4|-1|1
511|Acolyte Hybrids|3|1||Heavy mining tool|anti-vehicle 4+|Melee|Melee|2|3|5|-2|3
511|Acolyte Hybrids|4|1||Leader’s bio-weapons||Melee|Melee|5|3|5|-2|1
512|Neophyte Hybrids|1|1||Anointed pistol|pistol|12|Ranged|1|4|4|0|1
512|Neophyte Hybrids|2|1||Autopistol|pistol|12|Ranged|1|4|3|0|1
512|Neophyte Hybrids|3|1||Hybrid firearm|rapid fire 1|24|Ranged|1|4|3|0|1
512|Neophyte Hybrids|4|1||Flamer|ignores cover, torrent|12|Ranged|D6|N/A|4|0|1
512|Neophyte Hybrids|5|1||Grenade launcher – frag|blast|24|Ranged|D3|4|4|0|1
512|Neophyte Hybrids|6|2||Grenade launcher – krak||24|Ranged|1|4|9|-2|D3
512|Neophyte Hybrids|7|1||Heavy stubber|rapid fire 3|36|Ranged|3|4|4|0|1
512|Neophyte Hybrids|8|1||Mining laser|heavy|24|Ranged|1|5|10|-3|D6+1
512|Neophyte Hybrids|9|1||Seismic cannon|heavy, rapid fire 2|24|Ranged|2|5|6|-1|D3
512|Neophyte Hybrids|10|1||Webber|devastating wounds, torrent|12|Ranged|D6|N/A|2|0|1
512|Neophyte Hybrids|11|1||Chainsword||Melee|Melee|2|4|3|0|1
512|Neophyte Hybrids|12|1||Power weapon||Melee|Melee|1|4|4|-2|1
512|Neophyte Hybrids|13|1||Close combat weapon||Melee|Melee|1|4|3|0|1
513|Hybrid Metamorphs|1|1||Autopistol|pistol|12|Ranged|1|4|3|0|1
513|Hybrid Metamorphs|2|1||Hand flamer|ignores cover, pistol, torrent|12|Ranged|D6|N/A|3|0|1
513|Hybrid Metamorphs|3|1||Leader’s bio-weapons||Melee|Melee|5|3|5|-1|2
513|Hybrid Metamorphs|4|1||Metamorph mutations – strike||Melee|Melee|3|3|5|-1|2
513|Hybrid Metamorphs|5|2||Metamorph mutations – sweep||Melee|Melee|5|3|4|-1|1
514|Aberrants|1|1||Aberrant weapons||Melee|Melee|3|3|7|-2|2
515|Purestrain Genestealers|1|1||Cult claws and talons||Melee|Melee|4|2|4|-2|1
516|Goliath Truck|1|1||Demolition charge cache|assault, blast, hazardous|8|Ranged|D6|5|9|-2|2
516|Goliath Truck|2|1||Heavy stubber|rapid fire 3|36|Ranged|3|4|4|0|1
516|Goliath Truck|3|1||Twin autocannon|twin-linked|48|Ranged|2|4|9|-1|3
516|Goliath Truck|4|1||Armoured hull||Melee|Melee|3|4|6|0|1
521|Goliath Rockgrinder|1|1||Clearance incinerator|ignores cover, torrent|12|Ranged|2D6|N/A|6|-1|1
521|Goliath Rockgrinder|2|1||Demolition charge cache|assault, blast, hazardous|8|Ranged|D6|5|9|-2|2
521|Goliath Rockgrinder|3|1||Heavy mining laser|blast|36|Ranged|D3|4|12|-3|D6+1
521|Goliath Rockgrinder|4|1||Heavy seismic cannon|rapid fire 2|24|Ranged|4|4|8|-2|D3
521|Goliath Rockgrinder|5|1||Heavy stubber|rapid fire 3|36|Ranged|3|4|4|0|1
521|Goliath Rockgrinder|6|1||Drilldozer blade||Melee|Melee|8|3|10|-2|2
522|Imotekh The Stormlord|1|1||Gauntlet of Fire|ignores cover, torrent|12|Ranged|D6|N/A|5|-1|1
522|Imotekh The Stormlord|2|1||Staff of the Destroyer||18|Ranged|3|2|6|-3|2
522|Imotekh The Stormlord|3|1||Staff of the Destroyer|devastating wounds|Melee|Melee|4|2|6|-3|2
523|Overlord|1|1||Staff of light||18|Ranged|3|2|5|-2|1
523|Overlord|2|1||Tachyon arrow|one shot|72|Ranged|1|2|16|-5|D6+2
523|Overlord|3|1||Overlord’s blade|devastating wounds|Melee|Melee|4|2|8|-3|2
523|Overlord|4|1||Staff of light||Melee|Melee|4|2|5|-2|1
523|Overlord|5|1||Voidscythe|devastating wounds|Melee|Melee|3|3|12|-3|3
524|Lord|1|1||Staff of light||18|Ranged|3|3|5|-2|1
524|Lord|2|1||Staff of light||Melee|Melee|3|3|5|-2|1
524|Lord|3|1||Lord’s blade|devastating wounds|Melee|Melee|3|3|8|-3|2
527|Nemesor Zahndrekh|1|1||Staff of light||18|Ranged|3|3|5|-2|1
527|Nemesor Zahndrekh|2|1||Staff of light||Melee|Melee|4|3|5|-2|1
528|Vargard Obyron|1|1||Warscythe|devastating wounds, precision|Melee|Melee|4|2|8|-3|2
530|Orikan The Diviner|1|1||Staff of Tomorrow|devastating wounds|Melee|Melee|2|3|4|-3|D3
531|Anrakyr The Traveller|1|1||Tachyon arrow|one shot|72|Ranged|1|2|16|-5|D6+2
531|Anrakyr The Traveller|2|1||Warscythe|devastating wounds|Melee|Melee|4|2|8|-3|2
532|Trazyn The Infinite|1|1||Empathic Obliterator|sustained hits d3|Melee|Melee|4|2|7|0|D3
533|Catacomb Command Barge|1|1||Gauss cannon|lethal hits|24|Ranged|3|3|5|-2|2
533|Catacomb Command Barge|2|1||Staff of light||18|Ranged|3|2|5|-2|1
533|Catacomb Command Barge|3|1||Tesla cannon|sustained hits 2|24|Ranged|4|3|6|0|1
533|Catacomb Command Barge|4|1||Overlord’s blade|devastating wounds|Melee|Melee|4|2|8|-3|2
533|Catacomb Command Barge|5|1||Staff of light||Melee|Melee|4|3|5|-2|1
534|Necron Warriors|1|1||Gauss flayer|lethal hits, rapid fire 1|24|Ranged|1|4|4|0|1
534|Necron Warriors|2|1||Gauss reaper|lethal hits|12|Ranged|2|4|4|-1|1
534|Necron Warriors|3|1||Close combat weapon||Melee|Melee|1|4|4|0|1
535|Immortals|1|1||Gauss blaster|lethal hits|24|Ranged|2|3|5|-1|1
535|Immortals|2|1||Tesla carbine|assault, sustained hits 2|24|Ranged|2|3|5|0|1
535|Immortals|3|1||Close combat weapon||Melee|Melee|2|3|4|0|1
536|Lychguard|1|1||Hyperphase sword||Melee|Melee|3|3|6|-2|1
536|Lychguard|2|1||Warscythe|devastating wounds|Melee|Melee|2|3|8|-3|2
537|Deathmarks|1|1||Synaptic disintegrator|heavy, precision|36|Ranged|1|3|5|-2|2
537|Deathmarks|2|1||Close combat weapon||Melee|Melee|2|3|4|0|1
538|Flayed Ones|1|1||Flayer claws|sustained hits 1, twin-linked|Melee|Melee|4|3|4|-1|1
539|Triarch Praetorians|1|1||Particle caster|devastating wounds, pistol|12|Ranged|3|3|5|0|1
539|Triarch Praetorians|2|1||Rod of covenant||12|Ranged|1|3|5|-2|2
539|Triarch Praetorians|3|1||Rod of covenant||Melee|Melee|3|3|5|-2|2
539|Triarch Praetorians|4|1||Voidblade||Melee|Melee|4|3|5|-2|1
540|Triarch Stalker|1|1||Heat ray – dispersed|ignores cover, torrent|12|Ranged|2D6|N/A|5|-1|1
540|Triarch Stalker|2|2||Heat ray – focused|melta 4|18|Ranged|2|3|9|-4|D6
540|Triarch Stalker|3|1||Particle shredder|blast, devastating wounds|18|Ranged|D6+6|2|7|0|1
540|Triarch Stalker|4|1||Heavy gauss cannon array|lethal hits|24|Ranged|6|3|8|-2|2
540|Triarch Stalker|5|1||Stalker’s forelimbs||Melee|Melee|4|3|7|-1|3
541|C’tan Shard of the Nightbringer|1|1||Gaze of death||18|Ranged|D3|2|12|-3|D6+3
541|C’tan Shard of the Nightbringer|2|1||Scythe of the Nightbringer – strike|devastating wounds|Melee|Melee|6|2|14|-4|D6+2
541|C’tan Shard of the Nightbringer|3|2||Scythe of the Nightbringer – sweep||Melee|Melee|14|2|8|-2|2
542|C’tan Shard of the Deceiver|1|1||Cosmic insanity|anti-character 4+, devastating wounds, precision|18|Ranged|6|2|6|-2|2
542|C’tan Shard of the Deceiver|2|1||Golden fists||Melee|Melee|8|2|10|-3|3
543|Ghost Ark|1|1||Gauss flayer array|lethal hits, rapid fire 5|24|Ranged|5|3|4|0|1
543|Ghost Ark|2|1||Armoured bulk||Melee|Melee|3|4|6|0|1
544|Night Scythe|1|1||Twin tesla destructor|sustained hits 2, twin-linked|36|Ranged|6|3|8|0|2
544|Night Scythe|2|1||Armoured bulk||Melee|Melee|3|4|6|0|1
545|Doom Scythe|1|1||Heavy death ray|sustained hits d3|36|Ranged|3|3|16|-4|D6+1
545|Doom Scythe|2|1||Twin tesla destructor|sustained hits 2, twin-linked|36|Ranged|6|3|8|0|2
545|Doom Scythe|3|1||Armoured bulk||Melee|Melee|3|4|6|0|1
546|Canoptek Wraiths|1|1||Particle caster|devastating wounds, pistol|12|Ranged|3|4|5|0|1
546|Canoptek Wraiths|2|1||Transdimensional beamer||12|Ranged|1|4|4|-2|3
546|Canoptek Wraiths|3|1||Vicious claws||Melee|Melee|4|4|6|-1|2
546|Canoptek Wraiths|4|1||Whip coils||Melee|Melee|8|4|5|0|1
548|Tomb Blades|1|1||Particle beamer|blast, devastating wounds|18|Ranged|D6|3|5|0|1
548|Tomb Blades|2|1||Twin gauss blaster|lethal hits, twin-linked|24|Ranged|2|3|5|-1|1
548|Tomb Blades|3|1||Twin tesla carbine|assault, sustained hits 2, twin-linked|24|Ranged|2|3|5|0|1
548|Tomb Blades|4|1||Close combat weapon||Melee|Melee|1|4|4|0|1
551|Canoptek Spyders|1|1||Particle beamer|blast, devastating wounds|18|Ranged|D6|3|6|0|1
551|Canoptek Spyders|2|1||Automaton claws||Melee|Melee|5|4|8|-2|2
552|Monolith|1|1||Death ray|sustained hits d3|24|Ranged|1|3|12|-4|D6+1
552|Monolith|2|1||Gauss flux arc|lethal hits, rapid fire 3|24|Ranged|3|3|6|-1|1
552|Monolith|3|1||Particle whip|blast, devastating wounds|24|Ranged|3D6|3|8|-1|2
552|Monolith|4|1||Portal of exile||Melee|Melee|6|2|8|-2|3
553|Annihilation Barge|1|1||Gauss cannon|lethal hits|24|Ranged|3|3|5|-2|2
553|Annihilation Barge|2|1||Tesla cannon|sustained hits 2|24|Ranged|4|3|6|0|1
553|Annihilation Barge|3|1||Twin tesla destructor|sustained hits 2, twin-linked|36|Ranged|6|3|8|0|2
553|Annihilation Barge|4|1||Armoured bulk||Melee|Melee|3|4|6|0|1
554|Doomsday Ark|1|1||Doomsday cannon|blast, heavy|72|Ranged|D6+1|3|18|-4|4
554|Doomsday Ark|2|1||Gauss flayer array|lethal hits, rapid fire 5|24|Ranged|5|3|4|0|1
554|Doomsday Ark|3|1||Armoured bulk||Melee|Melee|3|4|6|0|1
555|Transcendent C’tan|1|1||Seismic assault|assault, sustained hits 1|12|Ranged|6|2|8|-2|2
555|Transcendent C’tan|2|1||Crackling tendrils|sustained hits 1|Melee|Melee|8|2|10|-3|D6
556|Tesseract Vault|1|1||Tesla spheres|sustained hits 2|24|Ranged|6|3|7|0|1
556|Tesseract Vault|2|1||Antimatter Meteor|blast, devastating wounds, indirect fire, c'tan power|24|Ranged|D6+3|3|10|-3|3
556|Tesseract Vault|3|1||Cosmic Fire|ignores cover, devastating wounds, torrent, c'tan power|18|Ranged|3D6|N/A|6|-2|1
556|Tesseract Vault|4|1||Time’s Arrow|anti-character 4+, devastating wounds, precision, c'tan power|24|Ranged|1|2|3|-2|6
556|Tesseract Vault|5|1||Armoured bulk||Melee|Melee|6|4|8|0|1
557|Obelisk|1|1||Tesla sphere|anti-fly 4+, sustained hits 2|24|Ranged|6|3|7|0|1
557|Obelisk|2|1||Armoured bulk||Melee|Melee|6|4|8|0|1
558|Canoptek Tomb Stalker|1|1||Gauss slicers|lethal hits|24|Ranged|8|4|5|-1|1
558|Canoptek Tomb Stalker|2|1||Tomb Stalker claws|sustained hits 1|Melee|Melee|6|4|6|-1|2
559|Canoptek Acanthrites|1|1||Cutting beam|melta 2|12|Ranged|1|4|9|-4|D6
559|Canoptek Acanthrites|2|1||Voidblade||Melee|Melee|3|4|5|-2|1
560|Canoptek Tomb Sentinel|1|1||Exile cannon|blast|18|Ranged|D6+1|4|10|-2|2
560|Canoptek Tomb Sentinel|2|1||Tomb Sentinel claws||Melee|Melee|6|4|6|0|1
561|Night Shroud|1|1||Twin tesla destructor|sustained hits 2, twin-linked|36|Ranged|6|3|8|0|2
561|Night Shroud|2|1||Armoured bulk||Melee|Melee|3|4|6|0|1
562|Sentry Pylon|1|1||Focused death ray|sustained hits 2|36|Ranged|6|4|8|-2|2
562|Sentry Pylon|2|1||Gauss exterminator|lethal hits|48|Ranged|1|4|14|-3|6
562|Sentry Pylon|3|1||Heat cannon|melta 4|36|Ranged|2|4|9|-4|D6
564|Tesseract Ark|1|1||Gauss cannon|lethal hits|24|Ranged|3|3|5|-2|2
564|Tesseract Ark|2|1||Particle beamer|blast, devastating wounds|18|Ranged|D6|3|6|0|1
564|Tesseract Ark|3|1||Tesla cannon|sustained hits 2|24|Ranged|4|3|6|0|1
564|Tesseract Ark|4|1||Tesseract singularity chamber – particle hurricane|ignores cover, torrent|12|Ranged|D6+3|N/A|6|-1|2
564|Tesseract Ark|5|2||Tesseract singularity chamber – seismic lash|blast|36|Ranged|D3|3|9|-3|D6+1
564|Tesseract Ark|6|1||Armoured bulk||Melee|Melee|3|4|6|0|1
567|Gauss Pylon|1|1||Gauss annihilator|anti-fly 2+, lethal hits|120|Ranged|1|4|16|-4|D6+6
567|Gauss Pylon|2|1||Tesla arc|sustained hits 2|6|Ranged|6|4|4|0|1
568|Eldrad Ulthran|1|1||Mind War|anti-character 4+, precision, psychic|18|Ranged|1|2|5|-2|D6
568|Eldrad Ulthran|2|1||Shuriken pistol|assault, pistol|12|Ranged|1|2|4|-1|1
568|Eldrad Ulthran|3|1||Staff of Ulthamar and witchblade|anti-infantry 2+, psychic|Melee|Melee|3|2|5|-1|2
570|Illic Nightspear|1|1||Shuriken pistol|assault, pistol|12|Ranged|1|2|4|-1|1
570|Illic Nightspear|2|1||Voidbringer|devastating wounds, heavy, precision|48|Ranged|1|2|6|-3|3
570|Illic Nightspear|3|1||Aeldari power sword||Melee|Melee|4|2|4|-2|1
571|Asurmen|1|1||Bloody Twins|assault, pistol|24|Ranged|6|2|5|-1|2
571|Asurmen|2|1||Sword of Asur|devastating wounds|Melee|Melee|6|2|6|-3|3
572|Jain Zar|1|1||Silent Death|assault|12|Ranged|6|2|6|-2|1
572|Jain Zar|2|1||Blade of Destruction|anti-infantry 3+|Melee|Melee|8|2|6|-3|2
573|Karandras|1|1||Arhra’s Bane|assault, pistol|12|Ranged|2|2|5|-1|2
573|Karandras|2|1||Arhra’s Bane|sustained hits 1|Melee|Melee|5|2|8|-3|2
573|Karandras|3|1||Isirmathil|sustained hits 1|Melee|Melee|8|2|6|-1|1
574|Fuegan|1|1||Searsong – beam|assault, melta 1, sustained hits 2|12|Ranged|3|2|8|-3|2
574|Fuegan|2|2||Searsong – lance|assault, melta 6|18|Ranged|1|2|14|-4|D6
574|Fuegan|3|1||Fire Axe||Melee|Melee|6|2|5|-4|3
575|Baharroth|1|1||Fury of the Tempest|assault, lethal hits|24|Ranged|4|2|6|-1|2
575|Baharroth|2|1||Shining Blade|sustained hits 1|Melee|Melee|6|2|5|-2|2
576|Maugan Ra|1|1||Maugetar|devastating wounds, ignores cover|36|Ranged|6|2|7|-2|2
576|Maugan Ra|2|1||Maugetar||Melee|Melee|5|2|6|-2|2
577|Autarch|1|1||Death spinner|ignores cover, torrent|12|Ranged|D6|N/A|4|-1|1
577|Autarch|2|1||Dragon fusion gun|assault, melta 3|12|Ranged|1|2|9|-4|D6
577|Autarch|3|1||Dragon fusion pistol|assault, melta 3, pistol|6|Ranged|1|2|9|-4|D6
577|Autarch|4|1||Reaper launcher – starshot|heavy, ignores cover|48|Ranged|1|3|10|-2|3
577|Autarch|5|2||Reaper launcher – starswarm|heavy, ignores cover|48|Ranged|2|3|4|-2|1
577|Autarch|6|1||Shuriken pistol|assault, pistol|12|Ranged|1|2|4|-1|1
577|Autarch|7|1||Banshee blade|anti-infantry 3+|Melee|Melee|5|2|4|-2|2
577|Autarch|8|1||Scorpion chainsword|sustained hits 1|Melee|Melee|7|2|4|-1|1
577|Autarch|9|1||Star glaive||Melee|Melee|4|2|6|-3|3
580|Autarch Skyrunner|1|1||Dragon fusion gun|assault, melta 3|12|Ranged|1|2|9|-4|D6
580|Autarch Skyrunner|2|1||Laser lance|assault|6|Ranged|1|2|6|-3|2
580|Autarch Skyrunner|3|1||Twin shuriken catapult|assault, twin-linked|18|Ranged|2|2|4|-1|1
580|Autarch Skyrunner|4|1||Laser lance|lance|Melee|Melee|4|2|4|-3|2
580|Autarch Skyrunner|5|1||Banshee blade||Melee|Melee|5|2|4|-3|1
580|Autarch Skyrunner|6|1||Close combat weapon||Melee|Melee|3|2|3|0|1
581|Avatar of Khaine|1|1||The Wailing Doom|sustained hits d3|12|Ranged|1|2|16|-4|D6+2
581|Avatar of Khaine|2|2||The Wailing Doom – strike||Melee|Melee|6|2|16|-4|D6+2
581|Avatar of Khaine|3|3||The Wailing Doom – sweep||Melee|Melee|12|2|8|-2|2
582|Farseer|1|1||Eldritch Storm|blast, psychic|24|Ranged|D6|3|6|-2|D3
582|Farseer|2|1||Shuriken pistol|assault, pistol|12|Ranged|1|2|4|-1|1
582|Farseer|3|1||Singing spear|assault, psychic|12|Ranged|1|2|9|0|3
582|Farseer|4|1||Singing spear|psychic|Melee|Melee|2|2|3|0|3
582|Farseer|5|1||Witchblade|anti-infantry 2+, psychic|Melee|Melee|2|2|3|0|2
583|Farseer Skyrunner|1|1||Eldritch Storm|blast, psychic|24|Ranged|D6|3|6|-2|D3
583|Farseer Skyrunner|2|1||Shuriken pistol|assault, pistol|12|Ranged|1|3|4|-1|1
583|Farseer Skyrunner|3|1||Singing spear|assault, psychic|12|Ranged|1|3|9|0|3
583|Farseer Skyrunner|4|1||Twin shuriken catapult|assault, twin-linked|18|Ranged|2|3|4|-1|1
583|Farseer Skyrunner|5|1||Singing spear|psychic|Melee|Melee|2|2|3|0|3
583|Farseer Skyrunner|6|1||Witchblade|anti-infantry 2+, psychic|Melee|Melee|2|2|3|0|2
584|Warlock Conclave|1|1||Destructor|psychic, torrent|12|Ranged|D6|N/A|5|-1|1
584|Warlock Conclave|2|1||Shuriken pistol|assault, pistol|12|Ranged|1|3|4|-1|1
584|Warlock Conclave|3|1||Singing spear|assault, psychic|12|Ranged|1|3|9|0|3
584|Warlock Conclave|4|1||Singing spear|psychic|Melee|Melee|2|3|3|0|3
584|Warlock Conclave|5|1||Witchblade|anti-infantry 2+, psychic|Melee|Melee|2|3|3|0|2
585|Warlock|1|1||Destructor|psychic, torrent|12|Ranged|D6|N/A|5|-1|1
585|Warlock|2|1||Shuriken pistol|assault, pistol|12|Ranged|1|3|4|-1|1
585|Warlock|3|1||Singing spear|assault, psychic|12|Ranged|1|3|9|0|3
585|Warlock|4|1||Singing spear|psychic|Melee|Melee|2|3|3|0|3
585|Warlock|5|1||Witchblade|anti-infantry 2+, psychic|Melee|Melee|2|3|3|0|2
587|Warlock Skyrunner|1|1||Destructor|psychic, torrent|12|Ranged|D6|N/A|5|-1|1
587|Warlock Skyrunner|2|1||Shuriken pistol|assault, pistol|12|Ranged|1|3|4|-1|1
587|Warlock Skyrunner|3|1||Singing spear|assault, psychic|12|Ranged|1|3|9|0|3
587|Warlock Skyrunner|4|1||Twin shuriken catapult|assault, twin-linked|18|Ranged|2|3|4|-1|1
587|Warlock Skyrunner|5|1||Singing spear|psychic|Melee|Melee|2|3|3|0|3
587|Warlock Skyrunner|6|1||Witchblade|anti-infantry 2+, psychic|Melee|Melee|2|3|3|0|2
588|Spiritseer|1|1||Shuriken pistol|assault, pistol|12|Ranged|1|2|4|-1|1
588|Spiritseer|2|1||Witch staff|anti-infantry 2+, psychic|Melee|Melee|2|2|3|0|D3
589|GUARDIAN DEFENDER|1|1||Bright lance||36|Ranged|1|3|12|-3|D6+2
589|GUARDIAN DEFENDER|2|1||Missile launcher – starshot||48|Ranged|1|3|10|-2|D6
589|GUARDIAN DEFENDER|3|2||Missile launcher – sunburst|blast|48|Ranged|D6|3|4|-1|1
589|GUARDIAN DEFENDER|4|1||Scatter laser|sustained hits 1|36|Ranged|6|3|5|0|1
589|GUARDIAN DEFENDER|5|1||Shuriken cannon|lethal hits|24|Ranged|3|3|6|-1|2
589|GUARDIAN DEFENDER|6|1||Shuriken catapult|assault|18|Ranged|2|3|4|-1|1
589|GUARDIAN DEFENDER|7|1||Starcannon||36|Ranged|2|3|8|-3|2
589|GUARDIAN DEFENDER|8|1||Close combat weapon||Melee|Melee|1|3|3|0|1
590|STORM GUARDIAN|1|1||Flamer|assault, ignores cover, torrent|12|Ranged|D6|N/A|4|0|1
590|STORM GUARDIAN|2|1||Fusion gun|assault, melta 2|12|Ranged|1|3|8|-4|D6
590|STORM GUARDIAN|3|1||Shuriken pistol|assault, pistol|12|Ranged|1|3|4|-1|1
590|STORM GUARDIAN|4|1||Close combat weapon||Melee|Melee|2|3|3|0|1
590|STORM GUARDIAN|5|1||Power sword||Melee|Melee|2|3|4|-2|1
591|Windriders|1|1||Scatter laser|sustained hits 1|36|Ranged|6|3|5|0|1
591|Windriders|2|1||Shuriken cannon|lethal hits|24|Ranged|3|3|6|-1|2
591|Windriders|3|1||Twin shuriken catapult|assault, twin-linked|18|Ranged|2|3|4|-1|1
591|Windriders|4|1||Close combat weapon||Melee|Melee|3|3|3|0|1
592|Rangers|1|1||Long rifle|heavy, precision|36|Ranged|1|3|4|-1|2
592|Rangers|2|1||Shuriken pistol|assault, pistol|12|Ranged|1|2|4|-1|1
592|Rangers|3|1||Close combat weapon||Melee|Melee|1|3|3|0|1
593|DIRE AVENGER|1|1||Avenger shuriken catapult|assault|18|Ranged|4|3|4|-1|1
593|DIRE AVENGER|2|1||Shuriken pistol|assault, pistol|12|Ranged|1|3|4|-1|1
593|DIRE AVENGER|3|1||Close combat weapon||Melee|Melee|2|3|3|0|1
593|DIRE AVENGER|4|1||Diresword||Melee|Melee|4|3|4|-2|1
593|DIRE AVENGER|5|1||Power glaive||Melee|Melee|3|3|5|-3|1
594|HOWLING BANSHEE|1|1||Shuriken pistol|assault, pistol|12|Ranged|1|3|4|-1|1
594|HOWLING BANSHEE|2|1||Triskele|anti-infantry 3+, assault|12|Ranged|3|3|3|-1|1
594|HOWLING BANSHEE|3|1||Banshee blade|anti-infantry 3+|Melee|Melee|2|2|4|-2|2
594|HOWLING BANSHEE|4|1||Executioner|anti-infantry 3+|Melee|Melee|3|2|6|-3|3
594|HOWLING BANSHEE|5|1||Mirrorswords|anti-infantry 3+|Melee|Melee|4|2|4|-2|2
594|HOWLING BANSHEE|6|1||Triskele|anti-infantry 3+|Melee|Melee|6|2|3|-1|1
595|STRIKING SCORPION|1|1||Chainsabres|assault, pistol, twin-linked|12|Ranged|1|3|4|-1|1
595|STRIKING SCORPION|2|1||Shuriken pistol|assault, pistol|12|Ranged|1|3|4|-1|1
595|STRIKING SCORPION|3|1||Biting blade|sustained hits 1|Melee|Melee|4|3|6|-3|1
595|STRIKING SCORPION|4|1||Chainsabres|sustained hits 1, twin-linked|Melee|Melee|5|3|4|-1|1
595|STRIKING SCORPION|5|1||Scorpion chainsword|sustained hits 1|Melee|Melee|4|3|4|-1|1
595|STRIKING SCORPION|6|1||Scorpion’s claw||Melee|Melee|3|3|8|-2|2
596|FIRE DRAGON|1|1||Dragon fusion gun|assault, melta 3|12|Ranged|1|3|9|-4|D6
596|FIRE DRAGON|2|1||Dragon fusion pistol|assault, melta 3, pistol|6|Ranged|1|3|9|-4|D6
596|FIRE DRAGON|3|1||Dragon’s breath flamer|assault, ignores cover, torrent|12|Ranged|D6+2|N/A|6|-2|1
596|FIRE DRAGON|4|1||Exarch’s Dragon fusion gun|assault, melta 6|12|Ranged|1|3|9|-4|D6
596|FIRE DRAGON|5|1||Firepike|assault, melta 3|18|Ranged|1|3|12|-4|D6
596|FIRE DRAGON|6|1||Close combat weapon||Melee|Melee|2|3|3|0|1
596|FIRE DRAGON|7|1||Dragon axe||Melee|Melee|3|3|6|-4|D6
597|Wraithguard|1|1||Wraithcannon||18|Ranged|1|4|14|-4|D6+1
597|Wraithguard|2|1||D-scythe|torrent|12|Ranged|D6|N/A|7|-3|1
597|Wraithguard|3|1||Close combat weapon||Melee|Melee|3|4|5|0|1
598|Wraithblades|1|1||Ghostaxe||Melee|Melee|3|4|7|-2|2
598|Wraithblades|2|1||Ghostswords||Melee|Melee|5|4|5|-2|2
599|Wave Serpent|1|1||Shuriken cannon|lethal hits|24|Ranged|3|3|6|-1|2
599|Wave Serpent|2|1||Twin missile launcher – starshot|twin-linked|48|Ranged|1|3|10|-2|D6
599|Wave Serpent|3|2||Twin missile launcher – sunburst|blast, twin-linked|48|Ranged|D6|3|4|-1|1
599|Wave Serpent|4|1||Twin bright lance|twin-linked|36|Ranged|1|3|12|-3|D6+2
599|Wave Serpent|5|1||Twin scatter laser|sustained hits 1, twin-linked|36|Ranged|6|3|5|0|1
599|Wave Serpent|6|1||Twin shuriken cannon|lethal hits, twin-linked|24|Ranged|3|3|6|-1|2
599|Wave Serpent|7|1||Twin shuriken catapult|assault, twin-linked|18|Ranged|2|3|4|-1|1
599|Wave Serpent|8|1||Twin starcannon|twin-linked|36|Ranged|2|3|8|-3|2
599|Wave Serpent|9|1||Wraithbone hull||Melee|Melee|3|4|6|0|1
600|SWOOPING HAWK|1|1||Exarch’s lasblaster|assault, lethal hits|24|Ranged|4|3|5|-1|1
600|SWOOPING HAWK|2|1||Hawk’s talon|lethal hits|24|Ranged|2|3|6|-2|2
600|SWOOPING HAWK|3|1||Lasblaster|assault, lethal hits|24|Ranged|4|3|4|0|1
600|SWOOPING HAWK|4|1||Scatter laser|sustained hits 1|36|Ranged|6|3|5|0|1
600|SWOOPING HAWK|5|1||Sunpistol|assault, lethal hits, pistol|12|Ranged|2|3|4|0|1
600|SWOOPING HAWK|6|1||Close combat weapon||Melee|Melee|2|3|3|0|1
600|SWOOPING HAWK|7|1||Power sword||Melee|Melee|5|3|4|-2|1
601|WARP SPIDER|1|1||Death spinner|ignores cover, torrent|12|Ranged|D6|N/A|4|-1|1
601|WARP SPIDER|2|1||Death weavers|ignores cover, torrent, twin-linked|6|Ranged|D6|N/A|4|-1|1
601|WARP SPIDER|3|1||Exarch’s death spinner|ignores cover, torrent|12|Ranged|D6|N/A|6|-2|1
601|WARP SPIDER|4|1||Spinneret rifle|ignores cover, torrent|18|Ranged|D6|N/A|5|-1|1
601|WARP SPIDER|5|1||Close combat weapon||Melee|Melee|2|3|3|0|1
601|WARP SPIDER|6|1||Powerblade array|lethal hits, twin-linked|Melee|Melee|10|3|4|-2|1
601|WARP SPIDER|7|1||Powerblades|lethal hits, twin-linked|Melee|Melee|5|3|4|-2|1
602|SHINING SPEAR|1|1||Laser lance|assault|6|Ranged|1|3|6|-2|3
602|SHINING SPEAR|2|1||Shuriken cannon|lethal hits|24|Ranged|3|3|6|-1|2
602|SHINING SPEAR|3|1||Star lance|assault|6|Ranged|1|3|9|-3|3
602|SHINING SPEAR|4|1||Twin shuriken catapult|assault, twin-linked|18|Ranged|2|3|4|-1|1
602|SHINING SPEAR|5|1||Laser lance|anti-monster 3+, anti-vehicle 3+, lance|Melee|Melee|3|3|5|-2|3
602|SHINING SPEAR|6|1||Paragon sabre||Melee|Melee|6|3|5|-2|2
602|SHINING SPEAR|7|1||Star lance|anti-monster 3+, anti-vehicle 3+, lance|Melee|Melee|4|3|5|-3|3
603|Crimson Hunter|1|1||Bright lance||36|Ranged|1|3|12|-3|D6+2
603|Crimson Hunter|2|1||Pulse laser||48|Ranged|3|3|9|-2|D6
603|Crimson Hunter|3|1||Starcannon||36|Ranged|2|3|8|-3|2
603|Crimson Hunter|4|1||Wraithbone hull||Melee|Melee|3|4|6|0|1
605|Vypers|1|1||Bright lance||36|Ranged|1|3|12|-3|D6+2
605|Vypers|2|1||Missile launcher – starshot||48|Ranged|1|3|10|-2|D6
605|Vypers|3|2||Missile launcher – sunburst|blast|48|Ranged|D6|3|4|-1|1
605|Vypers|4|1||Scatter laser|sustained hits 2|36|Ranged|6|3|5|0|1
605|Vypers|5|1||Shuriken cannon|lethal hits|24|Ranged|3|3|6|-1|2
605|Vypers|6|1||Starcannon||36|Ranged|2|2|8|-3|2
605|Vypers|7|1||Wraithbone hull||Melee|Melee|3|4|6|0|1
606|Hemlock Wraithfighter|1|1||Heavy D-scythe|blast|18|Ranged|D6|4|12|-4|2
606|Hemlock Wraithfighter|2|1||Wraithbone hull||Melee|Melee|3|4|6|0|1
607|DARK REAPER|1|1||Missile launcher – starshot|ignores cover|48|Ranged|1|2|10|-2|D6
607|DARK REAPER|2|2||Missile launcher – sunburst|blast, ignores cover|48|Ranged|D6|2|4|-1|1
607|DARK REAPER|3|1||Reaper launcher – starshot|ignores cover|48|Ranged|1|3|10|-2|3
607|DARK REAPER|4|2||Reaper launcher – starswarm|ignores cover|48|Ranged|2|3|5|-2|1
607|DARK REAPER|5|1||Shuriken cannon|ignores cover, lethal hits|24|Ranged|3|3|6|-1|2
607|DARK REAPER|6|1||Tempest launcher|blast, indirect fire|36|Ranged|2D6|3|4|-1|1
607|DARK REAPER|7|1||Close combat weapon||Melee|Melee|2|3|3|0|1
609|Falcon|1|1||Bright lance||36|Ranged|1|3|12|-3|D6+2
609|Falcon|2|1||Missile launcher – starshot||48|Ranged|1|3|10|-2|D6
609|Falcon|3|2||Missile launcher – sunburst|blast|48|Ranged|D6|3|4|-1|1
609|Falcon|4|1||Pulse laser||48|Ranged|3|3|9|-2|D6
609|Falcon|5|1||Scatter laser|sustained hits 1|36|Ranged|6|3|5|0|1
609|Falcon|6|1||Shuriken cannon|lethal hits|24|Ranged|3|3|6|-1|2
609|Falcon|7|1||Starcannon||36|Ranged|2|3|8|-3|2
609|Falcon|8|1||Twin shuriken catapult|assault, twin-linked|18|Ranged|2|3|4|-1|1
609|Falcon|9|1||Wraithbone hull||Melee|Melee|3|4|6|0|1
610|Fire Prism|1|1||Prism cannon – dispersed pulse|blast|60|Ranged|2D6|3|6|-2|2
610|Fire Prism|2|2||Prism cannon – focused lances|linked fire|60|Ranged|2|3|18|-4|6
610|Fire Prism|3|1||Shuriken cannon|lethal hits|24|Ranged|3|3|6|-1|2
610|Fire Prism|4|1||Twin shuriken catapult|assault, twin-linked|18|Ranged|2|3|4|-1|1
610|Fire Prism|5|1||Wraithbone hull||Melee|Melee|3|4|6|0|1
611|Night Spinner|1|1||Doomweaver|blast, indirect fire, twin-linked|48|Ranged|D6+3|3|7|-1|2
611|Night Spinner|2|1||Shuriken cannon|lethal hits|24|Ranged|3|3|6|-1|2
611|Night Spinner|3|1||Twin shuriken catapult|assault, twin-linked|18|Ranged|2|3|4|-1|1
611|Night Spinner|4|1||Wraithbone hull||Melee|Melee|3|4|6|0|1
612|War Walkers|1|1||Bright lance||36|Ranged|1|3|12|-3|D6+2
612|War Walkers|2|1||Missile launcher – starshot||48|Ranged|1|3|10|-2|D6
612|War Walkers|3|2||Missile launcher – sunburst|blast|48|Ranged|D6|3|4|-1|1
612|War Walkers|4|1||Scatter laser|sustained hits 1|36|Ranged|6|3|5|0|1
612|War Walkers|5|1||Shuriken cannon|lethal hits|24|Ranged|3|3|6|-1|2
612|War Walkers|6|1||Starcannon||36|Ranged|2|3|8|-3|2
612|War Walkers|7|1||War Walker feet||Melee|Melee|3|3|5|0|1
613|Wraithlord|1|1||Bright lance||36|Ranged|1|4|12|-3|D6+2
613|Wraithlord|2|1||Flamer|assault, ignores cover, torrent|12|Ranged|D6|N/A|4|0|1
613|Wraithlord|3|1||Missile launcher – starshot||48|Ranged|1|4|10|-2|D6
613|Wraithlord|4|2||Missile launcher – sunburst|blast|48|Ranged|D6|4|4|-1|1
613|Wraithlord|5|1||Scatter laser|sustained hits 1|36|Ranged|6|4|5|0|1
613|Wraithlord|6|1||Shuriken cannon|lethal hits|24|Ranged|3|4|6|-1|2
613|Wraithlord|7|1||Shuriken catapult|assault|18|Ranged|2|4|4|-1|1
613|Wraithlord|8|1||Starcannon||36|Ranged|2|4|8|-3|2
613|Wraithlord|9|1||Ghostglaive – strike||Melee|Melee|4|4|10|-3|D6+1
613|Wraithlord|10|2||Ghostglaive – sweep||Melee|Melee|8|4|7|-2|2
613|Wraithlord|11|1||Wraithbone fists||Melee|Melee|4|4|7|-2|2
614|Wraithknight|1|1||Heavy wraithcannon|devastating wounds|36|Ranged|D3|3|20|-4|2D6
614|Wraithknight|2|1||Scatter laser|sustained hits 1|36|Ranged|6|3|5|0|1
614|Wraithknight|3|1||Shuriken cannon|lethal hits|24|Ranged|3|3|6|-1|2
614|Wraithknight|4|1||Starcannon||36|Ranged|2|3|8|-3|2
614|Wraithknight|5|1||Suncannon|blast|48|Ranged|D6+4|3|10|-3|3
614|Wraithknight|6|1||Titanic feet||Melee|Melee|5|3|8|-1|2
615|SHADOW SPECTRE|1|1||Prism rifle – dispersed|blast|18|Ranged|D6|3|4|-1|1
615|SHADOW SPECTRE|2|2||Prism rifle – focused||24|Ranged|1|3|6|-2|3
615|SHADOW SPECTRE|3|1||Close combat weapon||Melee|Melee|2|3|3|0|1
616|Wasp Assault Walker|1|1||Aeldari missile launcher – starshot||48|Ranged|1|3|10|-2|D6
616|Wasp Assault Walker|2|2||Aeldari missile launcher – sunburst|blast|48|Ranged|D6|3|4|-1|1
616|Wasp Assault Walker|3|1||Bright lance||36|Ranged|1|3|12|-3|D6+2
616|Wasp Assault Walker|4|1||Scatter laser||36|Ranged|6|3|5|0|1
616|Wasp Assault Walker|5|1||Shuriken cannon|sustained hits 1|24|Ranged|3|3|6|-1|2
616|Wasp Assault Walker|6|1||Starcannon||36|Ranged|2|3|8|-3|2
616|Wasp Assault Walker|7|1||Wasp feet||Melee|Melee|3|3|5|0|1
617|Wraithseer|1|1||Aeldari missile launcher – sunburst|blast|48|Ranged|D6|4|4|-1|1
617|Wraithseer|2|2||Aeldari missile launcher – starshot||48|Ranged|1|4|10|-2|D6
617|Wraithseer|3|1||Bright lance||36|Ranged|1|4|12|-3|D6+2
617|Wraithseer|4|1||Destructor|psychic, torrent|12|Ranged|D6|N/A|5|-1|1
617|Wraithseer|5|1||Scatter laser||36|Ranged|6|4|5|0|1
617|Wraithseer|6|1||Shuriken cannon|sustained hits 1|24|Ranged|3|4|6|-1|2
617|Wraithseer|7|1||Starcannon||36|Ranged|2|4|8|-3|2
617|Wraithseer|8|1||Wraithseer D-cannon|devastating wounds|24|Ranged|1|4|14|-4|D6
617|Wraithseer|9|1||Ghostspear – sweep|anti-infantry 2+, psychic|Melee|Melee|12|4|7|-1|1
617|Wraithseer|10|2||Ghostspear – strike|anti-infantry 2+, precision, psychic|Melee|Melee|4|4|10|-2|3
618|Hornet|1|1||Aeldari missile launcher – starshot||48|Ranged|1|3|10|-2|D6
618|Hornet|2|2||Aeldari missile launcher – sunburst|blast|48|Ranged|D6|3|4|-1|1
618|Hornet|3|1||Bright lance||36|Ranged|1|3|12|-3|D6+2
618|Hornet|4|1||Hornet pulse laser||36|Ranged|2|3|9|-2|D3
618|Hornet|5|1||Scatter laser||36|Ranged|6|3|5|0|1
618|Hornet|6|1||Shuriken cannon|sustained hits 1|24|Ranged|3|3|6|-1|2
618|Hornet|7|1||Starcannon||36|Ranged|2|3|8|-3|2
618|Hornet|8|1||Wraithbone hull||Melee|Melee|3|4|6|0|1
619|Warp Hunter|1|1||D-flail – blast|blast, devastating wounds|24|Ranged|D3|3|12|-4|3
619|Warp Hunter|2|2||D-flail – rift|devastating wounds, torrent|12|Ranged|D3|N/A|12|-4|3
619|Warp Hunter|3|1||Shuriken cannon|sustained hits 1|24|Ranged|3|3|6|-1|2
619|Warp Hunter|4|1||Twin shuriken catapult|assault, twin-linked|18|Ranged|2|3|4|-3|1
619|Warp Hunter|5|1||Wraithbone hull||Melee|Melee|3|4|6|0|1
620|Lynx|1|1||Aeldari missile launcher – sunburst|blast|48|Ranged|D6|3|4|-1|1
620|Lynx|2|2||Aeldari missile launcher – starshot||48|Ranged|1|3|10|-2|D6
620|Lynx|3|1||Bright lance||36|Ranged|1|3|12|-3|D6+2
620|Lynx|4|1||Lynx pulsar|assault|48|Ranged|4|3|16|-3|D6
620|Lynx|5|1||Scatter laser||36|Ranged|6|3|5|0|1
620|Lynx|6|1||Shuriken cannon|sustained hits 1|24|Ranged|3|3|6|-1|2
620|Lynx|7|1||Starcannon||36|Ranged|2|3|8|-3|2
620|Lynx|8|1||Wraithbone hull||Melee|Melee|3|4|6|0|1
621|Scorpion|1|1||Aeldari missile launcher – sunburst|blast|48|Ranged|D6|3|4|-1|1
621|Scorpion|2|2||Aeldari missile launcher – starshot||48|Ranged|1|3|10|-2|D6
621|Scorpion|3|1||Bright lance||36|Ranged|1|3|12|-3|D6+2
621|Scorpion|4|1||Scatter laser||36|Ranged|6|3|5|0|1
621|Scorpion|5|1||Shuriken cannon|sustained hits 1|24|Ranged|3|3|6|-1|2
621|Scorpion|6|1||Starcannon||36|Ranged|2|3|8|-3|2
621|Scorpion|7|1||Twin Scorpion pulsar|twin-linked|60|Ranged|6|3|18|-3|5
621|Scorpion|8|1||Wraithbone hull||Melee|Melee|6|4|6|0|1
622|Cobra|1|1||Aeldari missile launcher – sunburst|blast|48|Ranged|D6|3|4|-1|1
622|Cobra|2|2||Aeldari missile launcher – starshot||48|Ranged|1|3|10|-2|D6
622|Cobra|3|1||Bright lance||36|Ranged|1|3|12|-3|D6+2
622|Cobra|4|1||D-impaler|blast, devastating wounds|36|Ranged|D6+3|3|16|-4|4
622|Cobra|5|1||Scatter laser||36|Ranged|6|3|5|0|1
622|Cobra|6|1||Shuriken cannon|sustained hits 1|24|Ranged|3|3|6|-1|2
622|Cobra|7|1||Starcannon||36|Ranged|2|3|8|-3|2
622|Cobra|8|1||Wraithbone hull||Melee|Melee|6|4|6|0|1
623|Nightwing|1|1||Twin bright lance|twin-linked|36|Ranged|1|3|12|-3|D6+2
623|Nightwing|2|1||Twin shuriken cannon|sustained hits 1, twin-linked|24|Ranged|3|3|6|-1|2
623|Nightwing|3|1||Wraithbone hull||Melee|Melee|3|4|6|0|1
624|Phoenix|1|1||Phoenix missile array|blast|48|Ranged|D6|3|6|-1|2
624|Phoenix|2|1||Phoenix pulse laser||48|Ranged|4|3|10|-2|D6
624|Phoenix|3|1||Twin shuriken cannon|sustained hits 1, twin-linked|24|Ranged|3|3|6|-1|2
624|Phoenix|4|1||Wraithbone hull||Melee|Melee|3|4|6|0|1
625|Vampire Raider|1|1||Scatter laser||36|Ranged|6|3|5|0|1
625|Vampire Raider|2|1||Twin pulse laser|twin-linked|48|Ranged|3|3|9|-2|D6
625|Vampire Raider|3|1||Wraithbone hull||Melee|Melee|6|4|6|0|1
626|Vampire Hunter|1|1||Scatter laser||36|Ranged|6|3|5|0|1
626|Vampire Hunter|2|1||Twin pulse laser|twin-linked|48|Ranged|3|3|9|-2|D6
626|Vampire Hunter|3|1||Twin Vampire pulsar|twin-linked|60|Ranged|3|3|12|-3|4
626|Vampire Hunter|4|1||Wraithbone hull||Melee|Melee|6|4|6|0|1
627|Skathach Wraithknight|1|1||Deathshroud cannon – dispersed|blast, devastating wounds|12|Ranged|3D6|3|6|-1|1
627|Skathach Wraithknight|2|2||Deathshroud cannon – focused|blast, devastating wounds|48|Ranged|D6|3|10|-3|2
627|Skathach Wraithknight|3|1||Inferno lance|melta 2|24|Ranged|4|3|12|-4|D6
627|Skathach Wraithknight|4|1||Scatter laser||36|Ranged|6|3|5|0|1
627|Skathach Wraithknight|5|1||Shuriken cannon|sustained hits 1|24|Ranged|3|3|6|-1|2
627|Skathach Wraithknight|6|1||Starcannon||36|Ranged|2|3|8|-3|2
627|Skathach Wraithknight|7|1||Titanic feet||Melee|Melee|5|3|8|-1|2
628|Revenant Titan|1|1||Cloudburst missile launcher|blast|36|Ranged|2D6|3|8|-2|2
628|Revenant Titan|2|1||Revenant pulsar|assault|60|Ranged|6|3|14|-3|4
628|Revenant Titan|3|1||Sonic lance|anti-monster 4+, anti-vehicle 4+, assault, torrent|18|Ranged|D6+6|N/A|8|-3|2
628|Revenant Titan|4|1||Revenant feet||Melee|Melee|8|3|10|-1|3
629|Corsair Cloud Dancer Band|1|1||Brace of pistols|assault, pistol|12|Ranged|2|3|3|0|1
629|Corsair Cloud Dancer Band|2|1||Dark lance||36|Ranged|1|3|12|-3|D6+2
629|Corsair Cloud Dancer Band|3|1||Dissonance cannon|devastating wounds|24|Ranged|3|3|6|-1|2
629|Corsair Cloud Dancer Band|4|1||Dissonance pistol|devastating wounds, pistol|12|Ranged|1|3|6|-1|1
629|Corsair Cloud Dancer Band|5|1||Scatter laser||36|Ranged|6|3|5|0|1
629|Corsair Cloud Dancer Band|6|1||Shuriken cannon|sustained hits 1|24|Ranged|3|3|6|-1|2
629|Corsair Cloud Dancer Band|7|1||Splinter cannon|anti-infantry 3+, sustained hits 1|36|Ranged|3|3|3|-1|2
629|Corsair Cloud Dancer Band|8|1||Twin shuriken catapult|assault, twin-linked|18|Ranged|2|3|4|-3|1
629|Corsair Cloud Dancer Band|9|1||Close combat weapon||Melee|Melee|2|3|3|0|1
629|Corsair Cloud Dancer Band|10|1||Void sabre||Melee|Melee|3|3|4|-2|1
630|Irillyth|1|1||Spear of Starlight||24|Ranged|3|3|8|-2|4
630|Irillyth|2|1||Spear of Starlight||Melee|Melee|4|3|5|-2|1
631|Phantom Titan|1|1||D-bombard|blast, devastating wounds|72|Ranged|D6|3|20|-4|2D6
631|Phantom Titan|2|1||Phantom pulsar||120|Ranged|8|3|18|-4|6
631|Phantom Titan|3|1||Phantom starcannon||36|Ranged|4|3|8|-3|2
631|Phantom Titan|4|1||Pulse laser||48|Ranged|3|3|9|-2|D6
631|Phantom Titan|5|1||Voidstorm missile launcher||48|Ranged|2D6|3|8|-3|2
631|Phantom Titan|6|1||Phantom feet||Melee|Melee|4|3|12|-2|4
631|Phantom Titan|7|1||Wraith glaive – strike||Melee|Melee|6|3|18|-4|12
631|Phantom Titan|8|2||Wraith glaive – sweep||Melee|Melee|12|3|8|-3|4
632|Corsair Reaver Band|1|1||Aeldari missile launcher – starshot ||48|Ranged|1|3|10|-2|D6
632|Corsair Reaver Band|2|2||Aeldari missile launcher – sunburst|BLAST|48|Ranged|D6|3|4|-1|1
632|Corsair Reaver Band|3|1||Blaster|assault|18|Ranged|1|3|8|-4|D6+1
632|Corsair Reaver Band|4|1||Brace of pistols|assault, pistol|12|Ranged|2|3|3|0|1
632|Corsair Reaver Band|5|1||Corsair firearm|assault, lethal hits|24|Ranged|4|3|4|0|1
632|Corsair Reaver Band|6|1||Dark lance|heavy|36|Ranged|1|4|12|-3|D6+2
632|Corsair Reaver Band|7|1||Dissonance pistol|devastating wounds, pistol|12|Ranged|1|3|6|-1|1
632|Corsair Reaver Band|8|1||Flamer|assault, ignores cover, torrent|12|Ranged|D6|N/A|4|0|1
632|Corsair Reaver Band|9|1||Fusion gun|assault, melta 2|12|Ranged|1|3|8|-4|D6+1
632|Corsair Reaver Band|10|1||Shredder|assault, torrent|18|Ranged|D6|N/A|6|0|1
632|Corsair Reaver Band|11|1||Shuriken cannon|sustained hits 1|24|Ranged|3|3|6|-1|2
632|Corsair Reaver Band|12|1||Splinter cannon|anti-infantry 3+, sustained hits 1|36|Ranged|3|3|3|-1|2
632|Corsair Reaver Band|13|1||Close combat weapon||Melee|Melee|2|3|3|0|1
632|Corsair Reaver Band|14|1||Spar-glaive||Melee|Melee|4|3|3|0|1
632|Corsair Reaver Band|15|1||Void sabre||Melee|Melee|3|3|4|-2|1
634|Archon|1|1||Blast pistol|pistol|6|Ranged|1|2|8|-3|D3
634|Archon|2|1||Splinter pistol|anti-infantry 3+, assault, pistol|12|Ranged|1|2|2|0|1
634|Archon|3|1||Agoniser|anti-infantry 3+|Melee|Melee|6|2|3|-2|1
634|Archon|4|1||Huskblade|devastating wounds|Melee|Melee|4|2|3|-2|3
634|Archon|5|1||Master-crafted power weapon||Melee|Melee|5|2|4|-2|2
639|Succubus|1|1||Archite glaive and agoniser|anti-infantry 3+, precision|Melee|Melee|7|2|3|-2|1
640|Lelith Hesperax|1|1||Lelith’s blades|anti-infantry 2+, precision, sustained hits 2|Melee|Melee|8|2|3|-2|1
641|Haemonculus|1|1||Stinger pistol|anti-infantry 2+, pistol, precision|12|Ranged|1|2|2|-1|D3
641|Haemonculus|2|1||Haemonculus tools and scissorhands|anti-infantry 2+, precision|Melee|Melee|5|2|3|-1|D3
642|Urien Rakarth|1|1||Casket of Flensing|devastating wounds, one shot, torrent|12|Ranged|3D6|N/A|3|-1|1
642|Urien Rakarth|2|1||Haemonculus tools and scissorhands|anti-infantry 2+, precision|Melee|Melee|5|2|3|-1|D3
643|Drazhar|1|1||Executioner’s demiklaives – single blade|devastating wounds|Melee|Melee|6|2|6|-2|3
643|Drazhar|2|2||Executioner’s demiklaives – dual blades|devastating wounds|Melee|Melee|8|2|5|-2|2
644|Kabalite Warriors|1|1||Blast pistol|pistol|6|Ranged|1|3|8|-3|D3
644|Kabalite Warriors|2|1||Blaster|assault|18|Ranged|1|3|8|-4|D6+1
644|Kabalite Warriors|3|1||Dark lance|heavy|36|Ranged|1|4|12|-3|D6+2
644|Kabalite Warriors|4|1||Shredder|assault, torrent|18|Ranged|D6|N/A|6|0|1
644|Kabalite Warriors|5|1||Splinter cannon|anti-infantry 3+, heavy, sustained hits 1|36|Ranged|3|4|3|-1|2
644|Kabalite Warriors|6|1||Splinter pistol|anti-infantry 3+, assault, pistol|12|Ranged|1|3|2|0|1
644|Kabalite Warriors|7|1||Splinter rifle|anti-infantry 3+, assault|24|Ranged|2|3|2|0|1
644|Kabalite Warriors|8|1||Close combat weapon||Melee|Melee|2|3|3|0|1
644|Kabalite Warriors|9|1||Power weapon|anti-infantry 3+|Melee|Melee|3|3|3|-2|1
646|Wyches|1|1||Blast pistol|pistol|6|Ranged|1|3|8|-4|D3
646|Wyches|2|1||Splinter pistol|anti-infantry 3+, assault, pistol|12|Ranged|1|3|2|0|1
646|Wyches|3|1||Gladiatorial weapons||Melee|Melee|5|3|4|-2|1
646|Wyches|4|1||Hekatarii blade||Melee|Melee|4|3|3|-1|1
646|Wyches|5|1||Power weapon|anti-infantry 3+|Melee|Melee|5|3|3|-2|1
648|INCUBI|1|1||Demiklaives – single blade||Melee|Melee|4|3|5|-2|2
648|INCUBI|2|2||Demiklaives – dual blades|twin-linked|Melee|Melee|6|3|4|-2|1
648|INCUBI|3|1||Klaive||Melee|Melee|3|3|5|-2|2
649|Mandrakes|1|1||Baleblast|assault, devastating wounds, ignores cover|18|Ranged|2|3|5|-1|1
649|Mandrakes|2|1||Glimmersteel blade|devastating wounds|Melee|Melee|3|3|5|-1|1
650|Wracks|1|1||Hexrifle|heavy, precision|36|Ranged|1|3|8|-2|3
650|Wracks|2|1||Liquifier gun|anti-infantry 3+, torrent|12|Ranged|D6|N/A|4|-1|1
650|Wracks|3|1||Ossefactor|anti-infantry 4+, devastating wounds|24|Ranged|1|3|2|-2|2
650|Wracks|4|1||Stinger pistol|anti-infantry 2+, pistol|12|Ranged|1|3|2|0|1
650|Wracks|5|1||Power weapon|anti-infantry 3+|Melee|Melee|3|3|5|-2|1
650|Wracks|6|1||Torturer’s tools|anti-infantry 4+|Melee|Melee|2|3|4|-1|1
650|Wracks|7|1||Twin torturer’s tools|anti-infantry 4+, twin-linked|Melee|Melee|2|3|4|-1|1
651|Grotesques|1|1||Liquifier gun|anti-infantry 3+, torrent|12|Ranged|D6|N/A|4|-1|1
651|Grotesques|2|1||Monstrous weapons||Melee|Melee|4|3|5|-2|2
651|Grotesques|3|1||Paired monstrous weapons|twin-linked|Melee|Melee|4|3|5|-2|2
652|BEASTMASTER|1|1||Splinter pods|anti-infantry 3+, assault, twin-linked|18|Ranged|2|3|2|0|1
652|BEASTMASTER|2|1||Agoniser|anti-infantry 3+|Melee|Melee|3|3|3|-2|1
652|BEASTMASTER|3|1||Clawed Fiend fists|devastating wounds|Melee|Melee|5|4|5|-2|2
652|BEASTMASTER|4|1||Khymerae talons|lethal hits|Melee|Melee|4|4|5|-1|1
652|BEASTMASTER|5|1||Razorwing feathers|sustained hits 1|Melee|Melee|6|4|3|0|1
656|Raider|1|1||Dark lance||36|Ranged|1|3|12|-3|D6+2
656|Raider|2|1||Disintegrator cannon||36|Ranged|3|3|6|-3|2
656|Raider|3|1||Bladevanes and chainsnares||Melee|Melee|D3+3|4|6|-1|1
657|Venom|1|1||Splinter cannon|anti-infantry 3+, sustained hits 1|36|Ranged|3|3|3|-1|2
657|Venom|2|1||Twin splinter rifle|anti-infantry 3+, assault, rapid fire 2, twin-linked|24|Ranged|2|3|2|0|1
657|Venom|3|1||Bladevanes||Melee|Melee|3|4|5|-1|1
658|Reavers|1|1||Blaster|assault|18|Ranged|1|3|8|-4|D6+1
658|Reavers|2|1||Heat lance|assault, melta 3|18|Ranged|1|3|14|-4|D6
658|Reavers|3|1||Splinter pistol|anti-infantry 3+, assault, pistol|12|Ranged|1|3|2|0|1
658|Reavers|4|1||Splinter rifle|anti-infantry 3+, assault|24|Ranged|2|3|2|0|1
658|Reavers|5|1||Bladevanes|lance|Melee|Melee|4|3|4|-1|1
659|Hellions|1|1||Splinter pistol|anti-infantry 3+, assault, pistol|12|Ranged|1|3|2|0|1
659|Hellions|2|1||Splinter pods|anti-infantry 3+, assault, twin-linked|18|Ranged|2|3|2|0|1
659|Hellions|3|1||Hellglaive|lance, sustained hits 1|Melee|Melee|3|3|4|-1|2
659|Hellions|4|1||Power weapon|anti-infantry 3+, lance, sustained hits 1|Melee|Melee|4|3|3|-2|1
659|Hellions|5|1||Stunclaw|devastating wounds, lance, precision|Melee|Melee|4|3|3|-1|1
660|Razorwing Jetfighter|1|1||Dark Lance||36|Ranged|1|3|12|-3|D6+2
660|Razorwing Jetfighter|2|1||Disintegrator cannon||36|Ranged|3|3|6|-3|2
660|Razorwing Jetfighter|3|1||Razorwing missiles – monoscythe missiles|blast|48|Ranged|D6|3|6|-1|2
660|Razorwing Jetfighter|4|2||Razorwing missiles – neurotoxin missiles|anti-infantry 2+, blast|48|Ranged|D6+3|3|2|0|1
660|Razorwing Jetfighter|5|3||Razorwing missiles – shatterfield missiles|blast|48|Ranged|D6|3|7|-2|1
660|Razorwing Jetfighter|6|1||Splinter cannon|anti-infantry 3+, sustained hits 1|36|Ranged|3|3|3|-1|2
660|Razorwing Jetfighter|7|1||Twin splinter rifle|anti-infantry 3+, assault, rapid fire 2, twin-linked|24|Ranged|2|3|2|0|1
660|Razorwing Jetfighter|8|1||Bladed wings||Melee|Melee|3|4|6|-1|1
661|Voidraven Bomber|1|1||Dark scythe||24|Ranged|6|3|8|-4|2
661|Voidraven Bomber|2|1||Void lance||36|Ranged|2|3|14|-4|D6+2
661|Voidraven Bomber|3|1||Voidraven missiles – implosion missiles|blast|48|Ranged|D3|3|9|-2|3
661|Voidraven Bomber|4|2||Voidraven missiles – shatterfield missiles|blast|48|Ranged|D6|3|7|-2|1
661|Voidraven Bomber|5|1||Bladed wings||Melee|Melee|3|4|6|-1|1
662|Scourges|1|1||Blast pistol|pistol|6|Ranged|1|3|8|-3|D3
662|Scourges|2|1||Blaster|assault|18|Ranged|1|3|8|-4|D6+1
662|Scourges|3|1||Dark lance|heavy|36|Ranged|1|4|12|-3|D6+2
662|Scourges|4|1||Haywire blaster|anti-vehicle 4+, devastating wounds, heavy|24|Ranged|2|4|3|-1|3
662|Scourges|5|1||Heat lance|assault, heavy, melta 3|18|Ranged|1|4|14|-4|D6
662|Scourges|6|1||Shardcarbine|anti-infantry 3+, assault|18|Ranged|3|3|2|0|1
662|Scourges|7|1||Shredder|assault, torrent|18|Ranged|D6|N/A|6|0|1
662|Scourges|8|1||Splinter cannon|anti-infantry 3+, heavy, sustained hits 1|36|Ranged|3|4|3|-1|2
662|Scourges|9|1||Splinter pistol|anti-infantry 3+, assault, pistol|12|Ranged|1|3|2|0|1
662|Scourges|10|1||Close combat weapon||Melee|Melee|2|3|3|0|1
662|Scourges|11|1||Power weapon|anti-infantry 3+|Melee|Melee|3|3|3|-2|1
663|Talos|1|1||Stinger pod||24|Ranged|2D6|3|5|0|1
663|Talos|2|1||Twin haywire blaster|anti-vehicle 4+, devastating wounds, twin-linked|24|Ranged|2|3|3|-1|3
663|Talos|3|1||Twin heat lance|assault, melta 3, twin-linked|18|Ranged|1|3|14|-4|D6
663|Talos|4|1||Twin liquifier gun|anti-infantry 3+, torrent, twin-linked|12|Ranged|D6|N/A|4|-1|1
663|Talos|5|1||Twin splinter cannon|anti-infantry 3+, sustained hits 1, twin-linked|36|Ranged|3|3|3|-1|2
663|Talos|6|1||Chain-flails||Melee|Melee|8|3|6|-1|1
663|Talos|7|1||Macro-scalpel||Melee|Melee|5|3|7|-2|2
663|Talos|8|1||Talos gauntlet||Melee|Melee|5|4|9|-2|3
663|Talos|9|1||Talos ichor injector|extra attacks|Melee|Melee|1|2|8|-2|D6
664|Cronos|1|1||Spirit syphon|ignores cover, torrent|12|Ranged|D6|N/A|5|-1|1
664|Cronos|2|1||Spirit vortex|blast, ignores cover|18|Ranged|D6|3|5|-1|1
664|Cronos|3|1||Spirit-leech tentacles|anti-infantry 2+|Melee|Melee|6|3|5|-1|1
665|Ravager|1|1||Dark lance||36|Ranged|1|3|12|-3|D6+2
665|Ravager|2|1||Disintegrator cannon||36|Ranged|3|3|6|-3|2
665|Ravager|3|1||Bladevanes||Melee|Melee|3|4|6|-1|1
666|Reaper|1|1||Storm vortex projector – beam||36|Ranged|3|3|12|-3|D6
666|Reaper|2|2||Storm vortex projector – blast|blast|24|Ranged|D6+3|3|6|-2|2
666|Reaper|3|1||Bladevanes||Melee|Melee|3|4|6|-1|1
666|Reaper|4|1||Prow blade|extra attacks, lance, sustained hits 3|Melee|Melee|1|4|8|-2|2
667|Tantalus|1|1||Pulse disintegrators|assault|36|Ranged|12|3|10|-2|2
667|Tantalus|2|1||Dire scythe blades|devastating wounds|Melee|Melee|9|4|8|-1|2
680|Leman Russ Commander|1|1||Demolisher battle cannon|blast|24|Ranged|D6+1|4|14|-3|D6
680|Leman Russ Commander|2|1||Eradicator nova cannon|blast, ignores cover|36|Ranged|D3+6|4|7|-1|2
680|Leman Russ Commander|3|1||Executioner plasma cannon – standard|blast|36|Ranged|D6+3|4|7|-2|2
680|Leman Russ Commander|3|2||Executioner plasma cannon – supercharge|blast, hazardous|36|Ranged|D6+3|4|8|-3|3
680|Leman Russ Commander|4|1||Exterminator autocannon|rapid fire 4, twin-linked|48|Ranged|4|4|9|-1|3
680|Leman Russ Commander|5|1||Punisher gatling cannon||24|Ranged|20|4|6|0|1
680|Leman Russ Commander|6|1||Heavy bolter|sustained hits 1|36|Ranged|3|4|5|-1|2
680|Leman Russ Commander|7|1||Heavy flamer|ignores cover, torrent|12|Ranged|D6|N/A|5|-1|1
680|Leman Russ Commander|8|1||Heavy stubber|rapid fire 3|36|Ranged|3|4|4|0|1
680|Leman Russ Commander|9|1||Hunter-killer missile|one shot|48|Ranged|1|4|14|-3|D6
680|Leman Russ Commander|10|1||Lascannon||48|Ranged|1|4|12|-3|D6+1
680|Leman Russ Commander|11|1||Leman Russ battle cannon|blast|48|Ranged|D6+3|4|10|-1|3
680|Leman Russ Commander|12|1||Multi-melta|melta 2|18|Ranged|2|4|9|-4|D6
680|Leman Russ Commander|14|1||Storm bolter|rapid fire 2|24|Ranged|2|4|4|0|1
680|Leman Russ Commander|15|1||Vanquisher battle cannon|heavy|72|Ranged|1|4|18|-4|D6+6
680|Leman Russ Commander|16|1||Armoured tracks||Melee|Melee|6|4|7|0|1
686|Heavy Weapons Squad|1|1||Autocannon|heavy|48|Ranged|2|5|9|-1|3
686|Heavy Weapons Squad|2|1||Heavy bolter|heavy, sustained hits 1|36|Ranged|3|5|5|-1|2
686|Heavy Weapons Squad|3|1||Lascannon|heavy|48|Ranged|1|5|12|-3|D6+1
686|Heavy Weapons Squad|4|1||Laspistol|pistol|12|Ranged|2|4|3|0|1
686|Heavy Weapons Squad|5|1||Missile launcher – frag|blast, heavy|48|Ranged|D6|5|4|0|1
686|Heavy Weapons Squad|6|2||Missile launcher – krak|heavy|48|Ranged|1|5|9|-2|D6
686|Heavy Weapons Squad|7|1||Mortar|blast, heavy, indirect fire|48|Ranged|D6|5|5|0|1
686|Heavy Weapons Squad|8|1||Weapons team close combat weapons||Melee|Melee|2|4|3|0|1
690|Scout Sentinels|1|1||Autocannon||48|Ranged|2|4|9|-1|3
690|Scout Sentinels|2|1||Heavy flamer|ignores cover, torrent|12|Ranged|D6|N/A|5|-1|1
690|Scout Sentinels|3|1||Hunter-killer missile|one shot|48|Ranged|1|4|14|-3|D6
690|Scout Sentinels|4|1||Lascannon||48|Ranged|1|4|12|-3|D6+1
690|Scout Sentinels|5|1||Multi-laser||36|Ranged|4|4|6|0|1
690|Scout Sentinels|6|1||Missile launcher – frag|blast, heavy|48|Ranged|D6|4|4|0|1
690|Scout Sentinels|7|2||Missile launcher – krak|heavy|48|Ranged|1|4|9|-2|D6
690|Scout Sentinels|8|1||Plasma cannon – standard|blast|36|Ranged|D3|4|7|-2|1
690|Scout Sentinels|9|2||Plasma cannon – supercharge|blast, hazardous|36|Ranged|D3|4|8|-3|2
690|Scout Sentinels|10|1||Close combat weapon||Melee|Melee|2|4|6|0|1
690|Scout Sentinels|11|1||Sentinel chainsaw||Melee|Melee|3|4|6|-1|1
691|Armoured Sentinels|1|1||Autocannon||48|Ranged|2|4|9|-1|3
691|Armoured Sentinels|2|1||Heavy flamer|ignores cover, torrent|12|Ranged|D6|N/A|5|-1|1
691|Armoured Sentinels|3|1||Hunter-killer missile|one shot|48|Ranged|1|4|14|-3|D6
691|Armoured Sentinels|4|1||Lascannon||48|Ranged|1|4|12|-3|D6+1
691|Armoured Sentinels|5|1||Multi-laser||36|Ranged|4|4|6|0|1
691|Armoured Sentinels|6|1||Missile launcher – frag|blast, heavy|48|Ranged|D6|4|4|0|1
691|Armoured Sentinels|7|2||Missile launcher – krak|heavy|48|Ranged|1|4|9|-2|D6
691|Armoured Sentinels|8|1||Plasma cannon – standard|blast|36|Ranged|D3|4|7|-2|1
691|Armoured Sentinels|9|2||Plasma cannon – supercharge|blast, hazardous|36|Ranged|D3|4|8|-3|2
691|Armoured Sentinels|10|1||Close combat weapon||Melee|Melee|2|4|6|0|1
691|Armoured Sentinels|11|1||Sentinel chainsaw||Melee|Melee|3|4|6|-1|1
692|Chimera|1|1||Heavy bolter|sustained hits 1|36|Ranged|3|4|5|-1|2
692|Chimera|2|1||Heavy flamer|ignores cover, torrent|12|Ranged|D6|N/A|5|-1|1
692|Chimera|3|1||Heavy stubber|rapid fire 3|36|Ranged|3|4|4|0|1
692|Chimera|4|1||Hunter-killer missile|one shot|48|Ranged|1|4|14|-3|D6
692|Chimera|5|1||Lasgun array|rapid fire 6|24|Ranged|6|4|3|0|1
692|Chimera|6|1||Multi-laser||36|Ranged|4|4|6|0|1
692|Chimera|7|1||Storm bolter|rapid fire 2|24|Ranged|2|4|4|0|1
692|Chimera|8|1||Armoured tracks||Melee|Melee|3|4|6|0|1
693|Taurox|1|1||Twin autocannon|twin-linked|48|Ranged|2|4|9|-1|3
693|Taurox|2|1||Storm bolter|rapid fire 2|24|Ranged|2|4|4|0|1
693|Taurox|3|1||Armoured tracks||Melee|Melee|3|4|6|0|1
694|Hellhound|1|1||Chem cannon|anti-infantry 2+, torrent|12|Ranged|D6+1|N/A|2|-2|2
694|Hellhound|2|1||Heavy bolter|sustained hits 1|36|Ranged|3|4|5|-1|2
694|Hellhound|3|1||Heavy flamer|ignores cover, torrent|12|Ranged|D6|N/A|5|-1|1
694|Hellhound|4|1||Hunter-killer missile|one shot|48|Ranged|1|4|14|-3|D6
694|Hellhound|5|1||Inferno cannon|ignores cover, torrent|18|Ranged|2D6|N/A|6|-2|1
694|Hellhound|6|1||Melta cannon|blast, melta 4|18|Ranged|D3|4|9|-4|D6
694|Hellhound|7|1||Multi-melta|melta 2|18|Ranged|2|4|9|-4|D6
694|Hellhound|8|1||Armoured tracks||Melee|Melee|3|4|6|0|1
695|Basilisk|1|1||Earthshaker cannon|blast, indirect fire|240|Ranged|D6+3|4|8|-2|2
695|Basilisk|2|1||Heavy bolter|sustained hits 1|36|Ranged|3|4|5|-1|2
695|Basilisk|3|1||Heavy flamer|ignores cover, torrent|12|Ranged|D6|N/A|5|-1|1
695|Basilisk|4|1||Hunter-killer missile|one shot|48|Ranged|1|4|14|-3|D6
695|Basilisk|5|1||Armoured tracks||Melee|Melee|3|4|6|0|1
696|Hydra|1|1||Heavy bolter|sustained hits 1|36|Ranged|3|4|5|-1|2
696|Hydra|2|1||Heavy flamer|ignores cover, torrent|12|Ranged|D6|N/A|5|-1|1
696|Hydra|3|1||Hunter-killer missile|one shot|48|Ranged|1|4|14|-3|D6
696|Hydra|4|1||Hydra autocannon|anti-fly 2+, twin-linked|72|Ranged|4|4|9|-1|3
696|Hydra|5|1||Armoured tracks||Melee|Melee|3|4|6|0|1
697|Wyvern|1|1||Heavy bolter|sustained hits 1|36|Ranged|3|4|5|-1|2
697|Wyvern|2|1||Heavy flamer|ignores cover, torrent|12|Ranged|D6|N/A|5|-1|1
697|Wyvern|3|1||Hunter-killer missile|one shot|48|Ranged|1|4|14|-3|D6
697|Wyvern|4|1||Wyvern quad stormshard mortar|blast, indirect fire, twin-linked|48|Ranged|2D6|4|5|0|1
697|Wyvern|5|1||Armoured tracks||Melee|Melee|3|4|6|0|1
698|Manticore|1|1||Heavy bolter|sustained hits 1|36|Ranged|3|4|5|-1|2
698|Manticore|2|1||Heavy flamer|ignores cover, torrent|12|Ranged|D6|N/A|5|-1|1
698|Manticore|3|1||Hunter-killer missile|one shot|48|Ranged|1|4|14|-3|D6
698|Manticore|4|1||Storm eagle rockets|anti-infantry 2+, blast, indirect fire|120|Ranged|D6|4|7|-2|3
698|Manticore|5|1||Armoured tracks||Melee|Melee|3|4|6|0|1
699|Deathstrike|1|1||Deathstrike missile|blast, one shot, plasma warhead|N/A|Ranged|2D6|2|16|-4|1
699|Deathstrike|2|1||Heavy bolter|sustained hits 1|36|Ranged|3|4|5|-1|2
699|Deathstrike|3|1||Heavy flamer|ignores cover, torrent|12|Ranged|D6|N/A|5|-1|1
699|Deathstrike|4|1||Hunter-killer missile|one shot|48|Ranged|1|3|14|-3|D6
699|Deathstrike|5|1||Armoured tracks||Melee|Melee|3|4|6|0|1
700|Leman Russ Battle Tank|1|1||Heavy bolter|sustained hits 1|36|Ranged|3|4|5|-1|2
700|Leman Russ Battle Tank|2|1||Heavy flamer|ignores cover, torrent|12|Ranged|D6|N/A|5|-1|1
700|Leman Russ Battle Tank|3|1||Heavy stubber|rapid fire 3|36|Ranged|3|4|4|0|1
700|Leman Russ Battle Tank|4|1||Hunter-killer missile|one shot|48|Ranged|1|4|14|-3|D6
700|Leman Russ Battle Tank|5|1||Lascannon||48|Ranged|1|4|12|-3|D6+1
700|Leman Russ Battle Tank|6|1||Leman Russ battle cannon|blast|48|Ranged|D6+3|4|10|-1|3
700|Leman Russ Battle Tank|7|1||Multi-melta|melta 2|18|Ranged|2|4|9|-4|D6
700|Leman Russ Battle Tank|8|1||Plasma cannon – standard|blast|36|Ranged|D3|4|7|-2|1
700|Leman Russ Battle Tank|9|2||Plasma cannon – supercharge|blast, hazardous|36|Ranged|D3|4|8|-3|2
700|Leman Russ Battle Tank|10|1||Storm bolter|rapid fire 2|24|Ranged|2|4|4|0|1
700|Leman Russ Battle Tank|11|1||Armoured tracks||Melee|Melee|6|4|7|0|1
701|Leman Russ Demolisher|1|1||Demolisher battle cannon|blast|24|Ranged|D6+1|4|14|-3|D6
701|Leman Russ Demolisher|2|1||Heavy bolter|sustained hits 1|36|Ranged|3|4|5|-1|2
701|Leman Russ Demolisher|3|1||Heavy flamer|ignores cover, torrent|12|Ranged|D6|N/A|5|-1|1
701|Leman Russ Demolisher|4|1||Heavy stubber|rapid fire 3|36|Ranged|3|4|4|0|1
701|Leman Russ Demolisher|5|1||Hunter-killer missile|one shot|48|Ranged|1|4|14|-3|D6
701|Leman Russ Demolisher|6|1||Lascannon||48|Ranged|1|4|12|-3|D6+1
701|Leman Russ Demolisher|7|1||Multi-melta|melta 2|18|Ranged|2|4|9|-4|D6
701|Leman Russ Demolisher|8|1||Plasma cannon – standard|blast|36|Ranged|D3|4|7|-2|1
701|Leman Russ Demolisher|9|2||Plasma cannon – supercharge|blast, hazardous|36|Ranged|D3|4|8|-3|2
701|Leman Russ Demolisher|10|1||Storm bolter|rapid fire 2|24|Ranged|2|4|4|0|1
701|Leman Russ Demolisher|11|1||Armoured tracks||Melee|Melee|6|4|7|0|1
702|Baneblade|1|1||Baneblade cannon|blast|72|Ranged|3D6|4|12|-2|3
702|Baneblade|2|1||Coaxial autocannon||48|Ranged|2|4|9|-1|3
702|Baneblade|3|1||Demolisher cannon|blast|24|Ranged|D6+3|4|14|-3|D6
702|Baneblade|4|1||Heavy stubber|rapid fire 3|36|Ranged|3|4|4|0|1
702|Baneblade|5|1||Lascannon||48|Ranged|1|4|12|-3|D6+1
702|Baneblade|6|1||Twin heavy bolter|sustained hits 1, twin-linked|36|Ranged|3|4|5|-1|2
702|Baneblade|7|1||Twin heavy flamer|ignores cover, torrent, twin-linked|12|Ranged|D6|N/A|5|-1|1
702|Baneblade|8|1||Armoured tracks||Melee|Melee|6|4|8|0|1
703|Banehammer|1|1||Lascannon||48|Ranged|1|4|12|-3|D6+1
703|Banehammer|2|1||Tremor cannon|blast|36|Ranged|2D6+3|4|12|-2|3
703|Banehammer|3|1||Twin heavy bolter|sustained hits 1, twin-linked|36|Ranged|3|4|5|-1|2
703|Banehammer|4|1||Twin heavy flamer|ignores cover, torrent, twin-linked|12|Ranged|D6|N/A|5|-1|1
703|Banehammer|5|1||Armoured tracks||Melee|Melee|6|4|8|0|1
704|Banesword|1|1||Lascannon||48|Ranged|1|4|12|-3|D6+1
704|Banesword|2|1||Quake cannon|blast, ignores cover|72|Ranged|D6+6|4|16|-4|4
704|Banesword|3|1||Twin heavy bolter|sustained hits 1, twin-linked|36|Ranged|3|4|5|-1|2
704|Banesword|4|1||Twin heavy flamer|ignores cover, torrent, twin-linked|12|Ranged|D6|N/A|5|-1|1
704|Banesword|5|1||Armoured tracks||Melee|Melee|6|4|8|0|1
705|Doomhammer|1|1||Lascannon||48|Ranged|1|4|12|-3|D6+1
705|Doomhammer|2|1||Magma cannon|blast, melta 6|24|Ranged|D6+3|4|12|-4|D6
705|Doomhammer|3|1||Twin heavy bolter|sustained hits 1, twin-linked|36|Ranged|3|4|5|-1|2
705|Doomhammer|4|1||Twin heavy flamer|ignores cover, torrent, twin-linked|12|Ranged|D6|N/A|5|-1|1
705|Doomhammer|5|1||Armoured tracks||Melee|Melee|6|4|8|0|1
706|Hellhammer|1|1||Coaxial autocannon||48|Ranged|2|4|9|-1|3
706|Hellhammer|2|1||Demolisher cannon|blast|24|Ranged|D6+3|4|14|-3|D6
706|Hellhammer|3|1||Heavy stubber|rapid fire 3|36|Ranged|3|4|4|0|1
706|Hellhammer|4|1||Hellhammer cannon|blast, ignores cover|30|Ranged|4D6|4|7|-1|2
706|Hellhammer|5|1||Lascannon||48|Ranged|1|4|12|-3|D6+1
706|Hellhammer|6|1||Twin heavy bolter|sustained hits 1, twin-linked|36|Ranged|3|4|5|-1|2
706|Hellhammer|7|1||Twin heavy flamer|ignores cover, torrent, twin-linked|12|Ranged|D6|N/A|5|-1|1
706|Hellhammer|8|1||Armoured tracks||Melee|Melee|6|4|8|0|1
707|Shadowsword|1|1||Lascannon||48|Ranged|1|4|12|-3|D6+1
707|Shadowsword|2|1||Twin heavy bolter|sustained hits 1, twin-linked|36|Ranged|3|4|5|-1|2
707|Shadowsword|3|1||Twin heavy flamer|ignores cover, torrent, twin-linked|12|Ranged|D6|N/A|5|-1|1
707|Shadowsword|4|1||Volcano cannon|blast, heavy|96|Ranged|D3+1|4|24|-5|12
707|Shadowsword|5|1||Armoured tracks||Melee|Melee|6|4|8|0|1
708|Stormlord|1|1||Heavy stubber|rapid fire 3|36|Ranged|3|4|4|0|1
708|Stormlord|2|1||Lascannon||48|Ranged|1|4|12|-3|D6+1
708|Stormlord|3|1||Twin heavy bolter|sustained hits 1, twin-linked|36|Ranged|3|4|5|-1|2
708|Stormlord|4|1||Twin heavy flamer|ignores cover, torrent, twin-linked|12|Ranged|D6|N/A|5|-1|1
708|Stormlord|5|1||Vulcan mega-bolter|sustained hits 1|48|Ranged|20|4|6|-1|2
708|Stormlord|6|1||Armoured tracks||Melee|Melee|6|4|8|0|1
709|Stormsword|1|1||Lascannon||48|Ranged|1|4|12|-3|D6+1
709|Stormsword|2|1||Stormsword siege cannon|blast, ignores cover|48|Ranged|D6+6|4|16|-4|D6+2
709|Stormsword|3|1||Twin heavy bolter|sustained hits 1, twin-linked|36|Ranged|3|4|5|-1|2
709|Stormsword|4|1||Twin heavy flamer|ignores cover, torrent, twin-linked|12|Ranged|D6|N/A|6|-1|1
709|Stormsword|5|1||Armoured tracks||Melee|Melee|6|4|8|0|1
713|‘Iron Hand’ Straken|1|1||Auto shotgun|assault|12|Ranged|3|3|4|0|2
713|‘Iron Hand’ Straken|2|1||Plasma pistol – standard|pistol|12|Ranged|1|3|7|-2|1
713|‘Iron Hand’ Straken|3|2||Plasma pistol – supercharge|hazardous, pistol|12|Ranged|1|3|8|-3|2
713|‘Iron Hand’ Straken|4|1||Bionic arm with devil’s claw|anti-monster 4+|Melee|Melee|6|2|6|-2|2
714|Sergeant Harker|1|1||Payback|sustained hits 1|36|Ranged|3|3|5|-1|2
714|Sergeant Harker|2|1||Close combat weapon||Melee|Melee|4|3|4|0|1
716|Commissar|1|1||Bolt pistol|pistol|12|Ranged|1|3|4|0|1
716|Commissar|2|1||Plasma pistol – standard|pistol|12|Ranged|1|3|7|-2|1
716|Commissar|3|2||Plasma pistol – supercharge|hazardous, pistol|12|Ranged|1|3|8|-3|2
716|Commissar|4|1||Chainsword||Melee|Melee|4|3|3|0|1
716|Commissar|5|1||Power weapon||Melee|Melee|3|3|4|-2|1
719|TEMPESTUS SCION|1|1||Bolt pistol|pistol|12|Ranged|1|3|4|0|1
719|TEMPESTUS SCION|2|1||Flamer|ignores cover, torrent|12|Ranged|D6|N/A|4|0|1
719|TEMPESTUS SCION|3|1||Grenade launcher – frag|blast|24|Ranged|D3|3|4|0|1
719|TEMPESTUS SCION|4|2||Grenade launcher – krak||24|Ranged|1|3|9|-2|D3
719|TEMPESTUS SCION|5|1||Hot-shot lasgun|rapid fire 1|24|Ranged|1|3|3|-1|1
719|TEMPESTUS SCION|6|1||Hot-shot laspistol|pistol|12|Ranged|1|3|3|-1|1
719|TEMPESTUS SCION|7|1||Hot-shot volley gun|rapid fire 2|30|Ranged|2|3|4|-1|1
719|TEMPESTUS SCION|8|1||Meltagun|melta 2|12|Ranged|1|3|9|-4|D6
719|TEMPESTUS SCION|9|1||Plasma gun – standard|rapid fire 1|24|Ranged|1|3|7|-2|1
719|TEMPESTUS SCION|10|2||Plasma gun – supercharge|hazardous, rapid fire 1|24|Ranged|1|3|8|-3|2
719|TEMPESTUS SCION|11|1||Plasma pistol – standard|pistol|12|Ranged|1|3|7|-2|1
719|TEMPESTUS SCION|12|2||Plasma pistol – supercharge|hazardous, pistol|12|Ranged|1|3|8|-3|2
719|TEMPESTUS SCION|13|1||Close combat weapon||Melee|Melee|2|4|3|0|1
719|TEMPESTUS SCION|14|1||Tempestus dagger||Melee|Melee|4|3|3|0|1
721|Taurox Prime|1|1||Storm bolter|rapid fire 2|24|Ranged|2|3|4|0|1
721|Taurox Prime|2|1||Taurox battle cannon|blast|48|Ranged|D6|3|8|-1|2
721|Taurox Prime|3|1||Taurox gatling cannon|devastating wounds, twin-linked|24|Ranged|8|3|4|0|1
721|Taurox Prime|4|1||Taurox missile launcher – frag|blast, twin-linked|48|Ranged|D6|3|4|0|1
721|Taurox Prime|5|2||Taurox missile launcher – krak|twin-linked|48|Ranged|1|3|9|-2|D6
721|Taurox Prime|6|1||Twin autocannon|twin-linked|48|Ranged|2|3|9|-1|3
721|Taurox Prime|7|1||Twin Taurox hot-shot volley gun|rapid fire 3, twin-linked|30|Ranged|3|3|4|-1|1
721|Taurox Prime|8|1||Armoured tracks||Melee|Melee|3|4|6|0|1
722|Ogryn Squad|1|1||Ripper gun|rapid fire 3|18|Ranged|3|4|5|-1|2
722|Ogryn Squad|2|1||Ripper gun||Melee|Melee|4|3|6|-1|1
723|Bullgryn Squad|1|1||Grenadier gauntlet|blast|18|Ranged|D6|4|4|0|1
723|Bullgryn Squad|2|1||Bullgryn maul||Melee|Melee|4|3|7|-1|2
723|Bullgryn Squad|3|1||Close combat weapon||Melee|Melee|4|3|6|0|1
724|Ratlings|1|1||Tankstopper rifle|heavy|36|Ranged|1|3|9|-3|D6
724|Ratlings|2|1||Sniper rifle|heavy, precision|36|Ranged|1|3|4|-2|2
724|Ratlings|3|1||Close combat weapon||Melee|Melee|1|5|2|0|1
725|Nork Deddog|1|1||Ripper gun|rapid fire 3|18|Ranged|3|3|5|-1|2
725|Nork Deddog|2|1||Huge knife|devastating wounds|Melee|Melee|6|2|8|-1|2
727|Valkyrie|1|1||Heavy bolter|sustained hits 1|36|Ranged|3|4|5|-1|2
727|Valkyrie|2|1||Hellstrike missiles|anti-fly 2+|48|Ranged|1|4|10|-3|D6
727|Valkyrie|3|1||Lascannon||48|Ranged|1|4|12|-3|D6+1
727|Valkyrie|4|1||Multi-laser||36|Ranged|4|4|6|0|1
727|Valkyrie|5|1||Multiple rocket pod|blast|36|Ranged|D6|4|6|0|1
727|Valkyrie|6|1||Armoured hull||Melee|Melee|3|4|6|0|1
728|Atlas Recovery Vehicle|1|1||Heavy bolter|sustained hits 1|36|Ranged|3|4|5|-1|2
728|Atlas Recovery Vehicle|2|1||Heavy stubber|rapid fire 3|36|Ranged|3|4|4|0|1
728|Atlas Recovery Vehicle|3|1||Hunter-killer missile|one shot|48|Ranged|1|4|14|-3|D6
728|Atlas Recovery Vehicle|4|1||Storm bolter|rapid fire 2|24|Ranged|2|4|4|0|1
728|Atlas Recovery Vehicle|5|1||Armoured tracks||Melee|Melee|3|4|6|0|1
729|Salamander Command Vehicle|1|1||Heavy bolter|sustained hits 1|36|Ranged|3|4|5|-1|2
729|Salamander Command Vehicle|2|1||Heavy flamer|ignores cover, torrent|12|Ranged|D6|N/A|5|-1|1
729|Salamander Command Vehicle|3|1||Heavy stubber|rapid fire 3|36|Ranged|3|4|4|0|1
729|Salamander Command Vehicle|4|1||Hunter-killer missile|one shot|48|Ranged|1|4|14|-3|D6
729|Salamander Command Vehicle|5|1||Storm bolter|rapid fire 2|24|Ranged|2|4|4|0|1
729|Salamander Command Vehicle|6|1||Armoured tracks||Melee|Melee|3|4|6|0|1
730|Hades Breaching Drill|1|1||Melta-cutter drill||Melee|Melee|6|4|9|-4|D6+2
731|Centaur Light Carrier|1|1||Heavy stubber|rapid fire 3|36|Ranged|3|4|4|0|1
731|Centaur Light Carrier|2|1||Hunter-killer missile|one shot|48|Ranged|1|4|14|-3|D6
731|Centaur Light Carrier|3|1||Armoured tracks||Melee|Melee|3|4|6|0|1
733|Trojan Support Vehicle|1|1||Heavy bolter|sustained hits 1|36|Ranged|3|4|5|-1|2
733|Trojan Support Vehicle|2|1||Heavy flamer|ignores cover, torrent|12|Ranged|D6|N/A|5|-1|1
733|Trojan Support Vehicle|3|1||Hunter-killer missile|one shot|48|Ranged|1|4|14|-3|D6
733|Trojan Support Vehicle|4|1||Armoured tracks||Melee|Melee|3|4|6|0|1
735|Salamander Scout Vehicle|1|1||Autocannon||48|Ranged|2|4|9|-1|3
735|Salamander Scout Vehicle|2|1||Heavy bolter|sustained hits 1|36|Ranged|3|4|5|-1|2
735|Salamander Scout Vehicle|3|1||Heavy stubber|rapid fire 3|36|Ranged|3|4|4|0|1
735|Salamander Scout Vehicle|4|1||Hunter-killer missile|one shot|48|Ranged|1|4|14|-3|D6
735|Salamander Scout Vehicle|5|1||Storm bolter|rapid fire 2|24|Ranged|2|4|4|0|1
735|Salamander Scout Vehicle|6|1||Armoured tracks||Melee|Melee|3|4|6|0|1
736|Tauros Assault Vehicle|1|1||Heavy flamer|ignores cover, torrent|12|Ranged|D6|N/A|5|-1|1
736|Tauros Assault Vehicle|2|1||Hunter-killer missile|one shot|48|Ranged|1|4|14|-3|D6
736|Tauros Assault Vehicle|3|1||Tauros grenade launcher – frag|blast|24|Ranged|D6|4|4|0|1
736|Tauros Assault Vehicle|4|2||Tauros grenade launcher – krak||24|Ranged|2|4|9|-2|D3
736|Tauros Assault Vehicle|5|1||Armoured frame||Melee|Melee|2|4|5|0|1
737|Tauros Venator|1|1||Hunter-killer missile|one shot|48|Ranged|1|4|14|-3|D6
737|Tauros Venator|2|1||Twin lascannon|twin-linked|48|Ranged|1|4|12|-3|D6+1
737|Tauros Venator|3|1||Twin multi-laser|twin-linked|36|Ranged|4|4|6|0|1
737|Tauros Venator|4|1||Armoured frame||Melee|Melee|2|4|5|0|1
739|Armageddon-pattern Medusa|1|1||Heavy bolter|sustained hits 1|36|Ranged|3|4|5|-1|2
739|Armageddon-pattern Medusa|2|1||Heavy flamer|ignores cover, torrent|12|Ranged|D6|N/A|5|-1|1
739|Armageddon-pattern Medusa|3|1||Heavy stubber|rapid fire 3|36|Ranged|3|4|4|0|1
739|Armageddon-pattern Medusa|4|1||Hunter-killer missile|one shot|48|Ranged|1|4|14|-3|D6
739|Armageddon-pattern Medusa|5|1||Medusa siege cannon|blast, indirect fire|36|Ranged|D6|4|12|-2|4
739|Armageddon-pattern Medusa|6|1||Storm bolter|rapid fire 2|24|Ranged|2|4|4|0|1
739|Armageddon-pattern Medusa|7|1||Armoured tracks||Melee|Melee|3|4|6|0|1
740|Colossus|1|1||Colossus siege mortar|blast, devastating wounds|120|Ranged|D6|4|6|-1|D6+2
740|Colossus|2|1||Heavy stubber|rapid fire 3|36|Ranged|3|4|4|0|1
740|Colossus|3|1||Hunter-killer missile|one shot|48|Ranged|1|4|14|-3|D6
740|Colossus|4|1||Storm bolter|rapid fire 2|24|Ranged|2|4|4|0|1
740|Colossus|5|1||Armoured tracks||Melee|Melee|6|4|7|0|1
743|Earthshaker Carriage Battery|1|1||Earthshaker cannon|blast, heavy, indirect fire|240|Ranged|D6+3|5|8|-2|2
743|Earthshaker Carriage Battery|2|1||Battery close combat weapons||Melee|Melee|5|4|3|0|1
744|Griffon Mortar Carrier|1|1||Griffon heavy mortar|blast, indirect fire|48|Ranged|D6|4|7|-1|2
744|Griffon Mortar Carrier|2|1||Heavy bolter|sustained hits 1|36|Ranged|3|4|5|-1|2
744|Griffon Mortar Carrier|3|1||Heavy flamer|ignores cover, torrent|12|Ranged|D6|N/A|5|-1|1
744|Griffon Mortar Carrier|4|1||Heavy stubber|rapid fire 3|36|Ranged|3|4|4|0|1
744|Griffon Mortar Carrier|5|1||Storm bolter|rapid fire 2|24|Ranged|2|4|4|0|1
744|Griffon Mortar Carrier|6|1||Armoured tracks||Melee|Melee|3|4|6|0|1
745|Heavy Mortar Team|1|1||Heavy mortar|heavy, blast, indirect fire|48|Ranged|D6|5|6|-1|2
745|Heavy Mortar Team|2|1||Close combat weapons||Melee|Melee|3|4|3|0|1
746|Heavy Quad Launcher Team|1|1||Heavy quad launcher|blast, indirect fire|48|Ranged|2D6|4|5|0|1
746|Heavy Quad Launcher Team|2|1||Close combat weapons||Melee|Melee|3|4|3|0|1
747|Hydra Platform|1|1||Hydra quad autocannon|anti-fly 2+, twin-linked|72|Ranged|4|4|9|-1|3
747|Hydra Platform|2|1||Close combat weapons||Melee|Melee|3|4|3|0|1
751|Malcador Annihilator|1|1||Autocannon||48|Ranged|2|4|9|-1|3
751|Malcador Annihilator|2|1||Demolisher cannon|blast|24|Ranged|D6+3|4|14|-3|D6
751|Malcador Annihilator|3|1||Heavy bolter|sustained hits 1|36|Ranged|3|4|5|-1|2
751|Malcador Annihilator|4|1||Heavy stubber|rapid fire 3|36|Ranged|3|4|4|0|1
751|Malcador Annihilator|5|1||Hunter-killer missile|one shot|48|Ranged|1|4|14|-3|D6
751|Malcador Annihilator|6|1||Lascannon||48|Ranged|1|4|12|-3|D6+1
751|Malcador Annihilator|7|1||Malcador twin lascannon|twin-linked|48|Ranged|1|4|12|-3|D6+1
751|Malcador Annihilator|8|1||Storm bolter|rapid fire 2|24|Ranged|1|4|4|0|1
751|Malcador Annihilator|9|1||Armoured tracks||Melee|Melee|6|4|7|0|1
752|Malcador Defender|1|1||Autocannon||48|Ranged|2|4|9|-1|3
752|Malcador Defender|2|1||Demolisher cannon|blast|24|Ranged|D6+3|4|14|-3|D6
752|Malcador Defender|3|1||Heavy bolter|sustained hits 1|36|Ranged|3|4|5|-1|2
752|Malcador Defender|4|1||Heavy stubber|rapid fire 3|36|Ranged|3|4|4|0|1
752|Malcador Defender|5|1||Hunter-killer missile|one shot|48|Ranged|1|4|14|-3|D6
752|Malcador Defender|6|1||Lascannon||48|Ranged|1|4|12|-3|D6+1
752|Malcador Defender|7|1||Storm bolter|rapid fire 2|24|Ranged|1|4|4|0|1
752|Malcador Defender|8|1||Armoured tracks||Melee|Melee|6|4|7|0|1
753|Malcador|1|1||Autocannon||48|Ranged|2|4|9|-1|3
753|Malcador|2|1||Heavy bolter|sustained hits 1|36|Ranged|3|4|5|-1|2
753|Malcador|3|1||Heavy stubber|rapid fire 3|36|Ranged|3|4|4|0|1
753|Malcador|4|1||Hunter-killer missile|one shot|48|Ranged|1|4|14|-3|D6
753|Malcador|5|1||Lascannon||48|Ranged|1|4|12|-3|D6+1
753|Malcador|6|1||Malcador battle cannon|blast|48|Ranged|D6+3|4|9|-1|3
753|Malcador|7|1||Storm bolter|rapid fire 2|24|Ranged|1|4|4|0|1
753|Malcador|8|1||Armoured tracks||Melee|Melee|6|4|7|0|1
754|Malcador Infernus|1|1||Autocannon||48|Ranged|2|4|9|-1|3
754|Malcador Infernus|2|1||Heavy bolter|sustained hits 1|36|Ranged|3|4|5|-1|2
754|Malcador Infernus|3|1||Heavy flamer|ignores cover, torrent|12|Ranged|D6|N/A|5|-1|1
754|Malcador Infernus|4|1||Heavy stubber|rapid fire 3|36|Ranged|3|4|4|0|1
754|Malcador Infernus|5|1||Hunter-killer missile|one shot|48|Ranged|1|4|14|-3|D6
754|Malcador Infernus|6|1||Inferno gun|ignores cover, torrent|18|Ranged|D6+3|N/A|5|-2|2
754|Malcador Infernus|7|1||Lascannon||48|Ranged|1|4|12|-3|D6+1
754|Malcador Infernus|8|1||Storm bolter|rapid fire 2|24|Ranged|1|4|4|0|1
754|Malcador Infernus|9|1||Armoured tracks||Melee|Melee|6|4|7|0|1
755|Manticore Platform|1|1||Storm eagle rockets|blast, indirect fire|120|Ranged|D6+1|4|10|-2|3
755|Manticore Platform|2|1||Close combat weapons||Melee|Melee|3|4|3|0|1
756|Medusa Carriage Battery|1|1||Medusa siege cannon|blast, heavy, indirect fire|36|Ranged|D6|5|10|-3|3
756|Medusa Carriage Battery|2|1||Battery close combat weapons||Melee|Melee|5|4|3|0|1
757|Rapier Laser Destroyer Battery|1|1||Laser destroyer|heavy, twin-linked|36|Ranged|2|5|12|-2|D6+1
757|Rapier Laser Destroyer Battery|2|1||Close combat weapon||Melee|Melee|2|4|3|0|1
758|Sabre Weapons Battery|1|1||Twin autocannon|twin-linked|48|Ranged|2|4|9|-1|3
758|Sabre Weapons Battery|2|1||Twin heavy bolter|sustained hits 1, twin-linked|36|Ranged|3|4|5|-1|2
758|Sabre Weapons Battery|3|1||Twin heavy stubber|rapid fire 3, twin-linked|36|Ranged|3|4|4|0|1
758|Sabre Weapons Battery|4|1||Twin lascannon|twin-linked|48|Ranged|1|4|12|-3|D6+1
758|Sabre Weapons Battery|5|1||Close combat weapon||Melee|Melee|1|4|3|0|1
759|Sentinel Powerlifter|1|1||Powerlifter||Melee|Melee|3|4|10|-2|D3
760|Stygies Destroyer Tank Hunter|1|1||Heavy stubber|rapid fire 3|36|Ranged|3|4|4|0|1
760|Stygies Destroyer Tank Hunter|2|1||Hunter-killer missile|one shot|48|Ranged|1|4|14|-3|D6
760|Stygies Destroyer Tank Hunter|3|1||Storm bolter|rapid fire 2|24|Ranged|2|4|4|0|1
760|Stygies Destroyer Tank Hunter|4|1||Stygies laser destroyer|heavy|72|Ranged|2|4|14|-4|D6+3
760|Stygies Destroyer Tank Hunter|5|1||Armoured tracks||Melee|Melee|3|4|6|0|1
762|Tarantula Battery|1|1||Twin heavy bolter|sustained hits 1, twin-linked|36|Ranged|3|4|5|-1|2
762|Tarantula Battery|2|1||Twin lascannon|twin-linked|48|Ranged|1|4|12|-3|D6+1
762|Tarantula Battery|3|1||Close combat weapon||Melee|Melee|1|4|4|0|1
763|Stormblade|1|1||Heavy stubber|rapid fire 3|36|Ranged|3|4|4|0|1
763|Stormblade|2|1||Hunter-killer missile|one shot|48|Ranged|1|4|14|-3|D6
763|Stormblade|3|1||Lascannon||48|Ranged|1|4|12|-3|D6+1
763|Stormblade|4|1||Storm bolter|rapid fire 2|24|Ranged|1|4|4|0|1
763|Stormblade|5|1||Stormblade plasma blastgun – standard|blast|48|Ranged|D6+3|4|9|-2|3
763|Stormblade|6|2||Stormblade plasma blastgun – supercharge|blast, hazardous|48|Ranged|D6+3|4|10|-3|4
763|Stormblade|7|1||Twin heavy bolter|sustained hits 1, twin-linked|36|Ranged|3|4|5|-1|2
763|Stormblade|8|1||Twin heavy flamer|ignores cover, torrent, twin-linked|12|Ranged|D6|N/A|5|-1|1
763|Stormblade|9|1||Armoured tracks||Melee|Melee|6|4|8|0|1
764|Arkurian Stormhammer|1|1||Heavy bolter|sustained hits 1|36|Ranged|3|4|5|-1|2
764|Arkurian Stormhammer|2|1||Heavy flamer|ignores cover, torrent|12|Ranged|D6|N/A|5|-1|1
764|Arkurian Stormhammer|3|1||Heavy stubber|rapid fire 3|36|Ranged|3|4|4|0|1
764|Arkurian Stormhammer|4|1||Hunter-killer missile|one shot|48|Ranged|1|4|14|-3|D6
764|Arkurian Stormhammer|5|1||Lascannon||48|Ranged|1|4|12|-3|D6+1
764|Arkurian Stormhammer|6|1||Multi-laser||36|Ranged|4|4|6|0|1
764|Arkurian Stormhammer|7|1||Storm bolter|rapid fire 2|24|Ranged|2|4|4|0|1
764|Arkurian Stormhammer|8|1||Stormhammer cannon|blast|72|Ranged|3D6|4|12|-2|3
764|Arkurian Stormhammer|9|1||Twin battle cannon|blast, twin-linked|48|Ranged|D6+3|4|9|-1|3
764|Arkurian Stormhammer|10|1||Armoured tracks||Melee|Melee|6|4|8|0|1
766|Crassus|1|1||Heavy bolter|sustained hits 1|36|Ranged|3|4|5|-1|2
766|Crassus|2|1||Heavy stubber|rapid fire 3|36|Ranged|3|4|4|0|1
766|Crassus|3|1||Storm bolter|rapid fire 2|24|Ranged|2|4|4|0|1
766|Crassus|4|1||Armoured tracks||Melee|Melee|6|4|7|0|1
767|Dominus Armoured Siege Bombard|1|1||Autocannon||48|Ranged|2|4|9|-1|3
767|Dominus Armoured Siege Bombard|2|1||Dominus triple bombard|blast, indirect fire|48|Ranged|2D6|4|12|-2|3
767|Dominus Armoured Siege Bombard|3|1||Heavy bolter|sustained hits 1|36|Ranged|3|4|5|-1|2
767|Dominus Armoured Siege Bombard|4|1||Heavy flamer|ignores cover, torrent|12|Ranged|D6|N/A|5|-1|1
767|Dominus Armoured Siege Bombard|5|1||Heavy stubber|rapid fire 3|36|Ranged|3|4|4|0|1
767|Dominus Armoured Siege Bombard|6|1||Hunter-killer missile|one shot|48|Ranged|1|4|14|-3|D6
767|Dominus Armoured Siege Bombard|7|1||Lascannon||48|Ranged|1|4|12|-3|D6+1
767|Dominus Armoured Siege Bombard|8|1||Storm bolter|rapid fire 2|24|Ranged|2|4|4|0|1
767|Dominus Armoured Siege Bombard|9|1||Armoured tracks||Melee|Melee|3|4|6|0|1
768|Gorgon Heavy Transport|1|1||Gorgon mortar|blast, indirect fire|48|Ranged|D6|4|5|0|1
768|Gorgon Heavy Transport|2|1||Heavy bolter|sustained hits 1|36|Ranged|3|4|5|-1|2
768|Gorgon Heavy Transport|3|1||Heavy flamer|ignores cover, torrent|12|Ranged|D6|N/A|5|-1|1
768|Gorgon Heavy Transport|4|1||Heavy stubber|rapid fire 3|36|Ranged|3|4|4|0|1
768|Gorgon Heavy Transport|5|1||Hunter-killer missile|one shot|48|Ranged|1|4|14|-3|D6
768|Gorgon Heavy Transport|6|1||Twin heavy stubber|rapid fire 3, twin-linked|36|Ranged|3|4|4|0|1
768|Gorgon Heavy Transport|7|1||Landing ramp||Melee|Melee|6|4|8|0|1
769|Macharius|1|1||Heavy bolter|sustained hits 1|36|Ranged|3|4|5|-1|2
769|Macharius|2|1||Heavy flamer|ignores cover, torrent|12|Ranged|D6|N/A|5|-1|1
769|Macharius|3|1||Heavy stubber|rapid fire 3|36|Ranged|3|4|4|0|1
769|Macharius|4|1||Hunter-killer missile|one shot|48|Ranged|1|4|14|-3|D6
769|Macharius|5|1||Macharius twin battle cannon|blast, twin-linked|48|Ranged|D6+3|4|10|-1|3
769|Macharius|6|1||Storm bolter|rapid fire 2|24|Ranged|2|4|4|0|1
769|Macharius|7|1||Twin heavy stubber|rapid fire 3, twin-linked|36|Ranged|3|4|4|0|1
769|Macharius|8|1||Armoured tracks||Melee|Melee|6|4|8|0|1
770|Macharius Omega|1|1||Autocannon||48|Ranged|2|4|9|-1|3
770|Macharius Omega|2|1||Heavy bolter|sustained hits 1|36|Ranged|3|4|5|-1|2
770|Macharius Omega|3|1||Heavy flamer|ignores cover, torrent|12|Ranged|D6|N/A|5|-1|1
770|Macharius Omega|4|1||Heavy stubber|rapid fire 3|36|Ranged|3|4|4|0|1
770|Macharius Omega|5|1||Hunter-killer missile|one shot|48|Ranged|1|4|14|-3|D6
770|Macharius Omega|6|1||Omega-pattern plasma blastgun – standard|blast|60|Ranged|2D6|4|8|-2|2
770|Macharius Omega|7|2||Omega-pattern plasma blastgun – supercharge|blast, hazardous|60|Ranged|2D6|4|9|-3|3
770|Macharius Omega|8|1||Storm bolter|rapid fire 2|24|Ranged|2|4|4|0|1
770|Macharius Omega|9|1||Armoured tracks||Melee|Melee|3|4|6|0|1
771|Macharius Vanquisher|1|1||Heavy bolter|sustained hits 1|36|Ranged|3|4|5|-1|2
771|Macharius Vanquisher|2|1||Heavy flamer|ignores cover, torrent|12|Ranged|D6|N/A|5|-1|1
771|Macharius Vanquisher|3|1||Heavy stubber|rapid fire 3|36|Ranged|3|4|4|0|1
771|Macharius Vanquisher|4|1||Hunter-killer missile|one shot|48|Ranged|1|4|14|-3|D6
771|Macharius Vanquisher|5|1||Macharius twin vanquisher cannon|heavy, twin-linked|72|Ranged|1|4|18|-4|D6+6
771|Macharius Vanquisher|6|1||Storm bolter|rapid fire 2|24|Ranged|2|4|4|0|1
771|Macharius Vanquisher|7|1||Twin heavy stubber|rapid fire 3, twin-linked|36|Ranged|3|4|4|0|1
771|Macharius Vanquisher|8|1||Armoured tracks||Melee|Melee|6|4|8|0|1
772|Macharius Vulcan|1|1||Heavy bolter|sustained hits 1|36|Ranged|3|4|5|-1|2
772|Macharius Vulcan|2|1||Heavy flamer|ignores cover, torrent|12|Ranged|D6|N/A|5|-1|1
772|Macharius Vulcan|3|1||Heavy stubber|rapid fire 3|36|Ranged|3|4|4|0|1
772|Macharius Vulcan|4|1||Hunter-killer missile|one shot|48|Ranged|1|4|14|-3|D6
772|Macharius Vulcan|5|1||Macharius vulcan mega-bolter|sustained hits 1|48|Ranged|16|4|6|-1|2
772|Macharius Vulcan|6|1||Storm bolter|rapid fire 2|24|Ranged|2|4|4|0|1
772|Macharius Vulcan|7|1||Twin heavy stubber|rapid fire 3, twin-linked|36|Ranged|3|4|4|0|1
772|Macharius Vulcan|8|1||Armoured tracks||Melee|Melee|6|4|8|0|1
773|Marauder Bomber|1|1||Heavy bolter|sustained hits 1|36|Ranged|3|4|5|-1|2
773|Marauder Bomber|2|1||Lascannon||48|Ranged|1|4|12|-3|D6+1
773|Marauder Bomber|3|1||Armoured hull||Melee|Melee|6|4|8|0|1
774|Marauder Destroyer|1|1||Assault cannon|devastating wounds|24|Ranged|6|4|6|0|1
774|Marauder Destroyer|2|1||Heavy bolter|sustained hits 1|36|Ranged|3|4|5|-1|2
774|Marauder Destroyer|3|1||Hellstrike missile rack|anti-fly 2+|48|Ranged|2|4|10|-3|D6
774|Marauder Destroyer|4|1||Marauder nose autocannons|twin-linked|48|Ranged|4|4|10|-2|3
774|Marauder Destroyer|5|1||Armoured hull||Melee|Melee|6|4|8|0|1
775|Minotaur|1|1||Minotaur twin earthshaker cannon|blast, indirect fire, twin-linked|240|Ranged|D6+3|4|8|-2|2
775|Minotaur|2|1||Armoured tracks||Melee|Melee|3|4|6|0|1
776|Praetor|1|1||Heavy bolter|sustained hits 1|36|Ranged|3|4|5|-1|2
776|Praetor|2|1||Heavy stubber|rapid fire 3|36|Ranged|3|4|4|0|1
776|Praetor|3|1||Praetor launcher – firestorm|blast, heavy, ignores cover, indirect fire|120|Ranged|2D6|4|6|-1|2
776|Praetor|4|2||Praetor launcher – foehammer|anti-monster 4+, anti-vehicle 4+, blast, heavy, indirect fire|120|Ranged|D6+1|4|4|-2|3
776|Praetor|5|1||Storm bolter|rapid fire 2|24|Ranged|2|4|4|0|1
776|Praetor|6|1||Armoured tracks||Melee|Melee|6|4|7|0|1
777|Valdor|1|1||Autocannon||48|Ranged|2|4|9|-1|3
777|Valdor|2|1||Heavy bolter|sustained hits 1|36|Ranged|3|4|5|-1|2
777|Valdor|3|1||Heavy flamer|ignores cover, torrent|12|Ranged|D6|N/A|5|-1|1
777|Valdor|4|1||Heavy stubber|rapid fire 3|36|Ranged|3|4|4|0|1
777|Valdor|5|1||Hunter-killer missile|one shot|48|Ranged|1|4|14|-3|D6
777|Valdor|6|1||Lascannon||48|Ranged|1|4|12|-3|D6+1
777|Valdor|7|1||Storm bolter|rapid fire 2|24|Ranged|2|4|4|0|1
777|Valdor|8|1||Valdor neutron laser|heavy|48|Ranged|2|4|16|-4|D6+1
777|Valdor|9|1||Armoured tracks||Melee|Melee|6|4|8|0|1
778|Aquila Lander|1|1||Autocannon||48|Ranged|2|4|9|-1|3
778|Aquila Lander|2|1||Heavy bolter|sustained hits 1|36|Ranged|3|4|5|-1|2
778|Aquila Lander|3|1||Multi-laser||36|Ranged|4|4|6|0|1
778|Aquila Lander|4|1||Armoured hull||Melee|Melee|3|4|6|0|1
779|Arvus Lighter|1|1||Armoured hull||Melee|Melee|2|4|5|0|1
780|Avenger Strike Fighter|1|1||Avenger bolt cannon|sustained hits 1|36|Ranged|10|4|6|-1|2
780|Avenger Strike Fighter|2|1||Heavy stubber|rapid fire 3|36|Ranged|3|4|4|0|1
780|Avenger Strike Fighter|3|1||Lascannon||48|Ranged|1|4|12|-3|D6+1
780|Avenger Strike Fighter|4|1||Armoured hull||Melee|Melee|6|4|8|0|1
781|Voss-pattern Lightning|1|1||Lascannon||48|Ranged|1|4|12|-3|D6+1
781|Voss-pattern Lightning|2|1||Lightning hellstrike rack|anti-fly 2+|48|Ranged|2|4|10|-3|D6
781|Voss-pattern Lightning|3|1||Armoured hull||Melee|Melee|6|4|8|0|1
783|Vendetta Gunship|1|1||Heavy bolter|sustained hits 1|36|Ranged|3|4|5|-1|2
783|Vendetta Gunship|2|1||Vendetta hellstrike rack|anti-fly 2+|48|Ranged|2|4|10|-3|D6
783|Vendetta Gunship|3|1||Vendetta twin lascannon|twin-linked|48|Ranged|1|4|12|-3|D6+1
783|Vendetta Gunship|4|1||Armoured hull||Melee|Melee|3|4|6|0|1
784|Vulture Gunship|1|1||Heavy bolter|sustained hits 1|36|Ranged|3|4|5|-1|2
784|Vulture Gunship|2|1||Multiple rocket pod|blast|36|Ranged|D6|4|6|0|1
784|Vulture Gunship|3|1||Vulture gatling cannon|sustained hits 1|24|Ranged|18|4|5|0|1
784|Vulture Gunship|4|1||Vulture hellstrike rack|anti-fly 2+|48|Ranged|2|4|10|-3|D6
784|Vulture Gunship|5|1||Armoured hull||Melee|Melee|6|4|4|0|1
824||6|1||Lascannon|heavy|48|Ranged|1|5|12|-3|D6+1
825||3|1||Heavy flamer|ignores cover, torrent|12|Ranged|D6|N/A|5|-1|1
825||7|1||Lascannon|heavy|48|Ranged|1|5|12|-3|D6+1
829||3|1||Heavy flamer|ignores cover, torrent|12|Ranged|D6|N/A|5|-1|1
830||2|1||Heavy flamer|ignores cover, torrent|12|Ranged|D6|N/A|5|-1|1
832||2|1||Heavy flamer|ignores cover, torrent|12|Ranged|D6|N/A|5|-1|1
833||2|1||Heavy flamer|ignores cover, torrent|12|Ranged|D6|N/A|5|-1|1
838|Belisarius Cawl|1|1||Solar atomiser|melta 3|18|Ranged|3|2|14|-4|D6
838|Belisarius Cawl|2|1||Arc scourge|anti-vehicle 4+, devastating wounds, extra attacks|Melee|Melee|4|2|5|-1|1
838|Belisarius Cawl|3|1||Cawl’s Omnissian axe||Melee|Melee|4|2|8|-2|2
838|Belisarius Cawl|4|1||Mechadendrite hive|extra attacks|Melee|Melee|2D6|3|4|0|1
839|Tech-priest Dominus|1|1||Eradication ray – dissipated||24|Ranged|D3|3|6|-1|1
839|Tech-priest Dominus|2|2||Eradication ray – focused||12|Ranged|D3|3|6|-2|2
839|Tech-priest Dominus|3|1||Macrostubber|pistol|12|Ranged|5|3|4|0|1
839|Tech-priest Dominus|4|1||Phosphor serpenta|ignores cover, pistol|18|Ranged|1|3|5|-1|2
839|Tech-priest Dominus|5|1||Volkite blaster|devastating wounds|24|Ranged|3|3|5|0|2
839|Tech-priest Dominus|6|1||Omnissian axe||Melee|Melee|4|3|6|-2|2
840|Tech-priest Enginseer|1|1||Mechanicus pistol|devastating wounds, pistol|12|Ranged|1|3|6|-1|1
840|Tech-priest Enginseer|2|1||Omnissian axe||Melee|Melee|3|4|6|-2|2
840|Tech-priest Enginseer|3|1||Servo-arm|extra attacks|Melee|Melee|1|4|6|-2|2
841|Kataphron Breachers|1|1||Heavy arc rifle|anti-vehicle 4+, rapid fire 2|30|Ranged|2|4|8|-2|3
841|Kataphron Breachers|2|1||Torsion cannon|anti-infantry 2+, blast|36|Ranged|D3|4|6|-2|2
841|Kataphron Breachers|3|1||Arc claw|anti-vehicle 4+|Melee|Melee|4|4|5|-1|1
841|Kataphron Breachers|4|1||Hydraulic claw||Melee|Melee|2|4|8|-2|3
842|Kataphron Destroyers|1|1||Cognis flamer|ignores cover, torrent|12|Ranged|D6|N/A|4|0|1
842|Kataphron Destroyers|2|1||Heavy grav-cannon|anti-vehicle 2+|30|Ranged|4|4|6|-1|2
842|Kataphron Destroyers|3|1||Kataphron plasma culverin – standard||36|Ranged|4|4|7|-2|1
842|Kataphron Destroyers|4|2||Kataphron plasma culverin – supercharge|hazardous|36|Ranged|4|4|8|-3|2
842|Kataphron Destroyers|5|1||Phosphor blaster|ignores cover, rapid fire 1|24|Ranged|1|4|5|0|1
842|Kataphron Destroyers|6|1||Close combat weapon||Melee|Melee|2|4|5|0|1
843|Fulgurite Electro-priests|1|1||Electroleech stave|devastating wounds|Melee|Melee|2|3|6|-1|2
844|Corpuscarii Electro-priests|1|1||Electrostatic gauntlets|pistol, sustained hits 2|12|Ranged|3|3|5|0|1
844|Corpuscarii Electro-priests|2|1||Electrostatic gauntlets|sustained hits 2|Melee|Melee|3|4|5|0|1
845|Kastelan Robots|1|1||Heavy phosphor blaster|ignores cover|36|Ranged|3|4|6|-1|2
845|Kastelan Robots|2|1||Incendine combustor|ignores cover, torrent|12|Ranged|D6|N/A|6|-1|1
845|Kastelan Robots|3|1||Kastelan phosphor blaster|ignores cover|24|Ranged|3|4|6|-1|1
845|Kastelan Robots|4|1||Twin Kastelan phosphor blaster|ignores cover, twin-linked|24|Ranged|3|4|6|-1|1
845|Kastelan Robots|5|1||Close combat weapon||Melee|Melee|3|4|6|0|1
845|Kastelan Robots|6|1||Kastelan fist||Melee|Melee|4|4|12|-2|3
845|Kastelan Robots|7|1||Twin Kastelan fist|twin-linked|Melee|Melee|4|4|12|-2|3
846|Cybernetica Datasmith|1|1||Mechanicus pistol|devastating wounds, pistol|12|Ranged|1|3|6|-1|1
846|Cybernetica Datasmith|2|1||Power fist||Melee|Melee|2|3|8|-2|2
848|Skitarii Rangers|1|1||Mechanicus pistol|devastating wounds, pistol|12|Ranged|1|4|6|-1|1
848|Skitarii Rangers|2|1||Arc rifle|anti-vehicle 4+, devastating wounds, rapid fire 1|30|Ranged|1|4|8|-1|D3
848|Skitarii Rangers|3|1||Galvanic rifle||30|Ranged|2|4|4|0|1
848|Skitarii Rangers|4|1||Plasma caliver – standard||30|Ranged|2|4|7|-2|1
848|Skitarii Rangers|5|2||Plasma caliver – supercharge|hazardous|30|Ranged|2|4|8|-3|2
848|Skitarii Rangers|6|1||Transuranic arquebus|heavy, precision|36|Ranged|1|4|7|-2|D3
848|Skitarii Rangers|7|1||Alpha combat weapon||Melee|Melee|2|4|5|-1|1
848|Skitarii Rangers|8|1||Close combat weapon||Melee|Melee|1|4|3|0|1
849|Skitarii Vanguard|1|1||Mechanicus pistol|devastating wounds, pistol|12|Ranged|1|4|6|-1|1
849|Skitarii Vanguard|2|1||Arc rifle|anti-vehicle 4+, devastating wounds, rapid fire 1|30|Ranged|1|4|8|-1|D3
849|Skitarii Vanguard|3|1||Plasma caliver – standard||30|Ranged|2|4|7|-2|1
849|Skitarii Vanguard|4|2||Plasma caliver – supercharge|hazardous|30|Ranged|2|4|8|-3|2
849|Skitarii Vanguard|5|1||Radium carbine|anti-infantry 4+|18|Ranged|3|4|3|0|1
849|Skitarii Vanguard|6|1||Transuranic arquebus|heavy, precision|36|Ranged|1|4|7|-2|D3
849|Skitarii Vanguard|7|1||Alpha combat weapon||Melee|Melee|2|4|5|-1|1
849|Skitarii Vanguard|8|1||Close combat weapon||Melee|Melee|1|4|3|0|1
850|Sicarian Infiltrators|1|1||Flechette blaster|pistol|12|Ranged|5|4|3|0|1
850|Sicarian Infiltrators|2|1||Stubcarbine|pistol|12|Ranged|3|4|4|0|1
850|Sicarian Infiltrators|3|1||Power weapon||Melee|Melee|4|4|4|-2|1
850|Sicarian Infiltrators|4|1||Taser goad|sustained hits 2|Melee|Melee|3|4|6|-1|1
851|Sicarian Ruststalkers|1|1||Transonic blades|devastating wounds, precision|Melee|Melee|5|4|5|-1|1
851|Sicarian Ruststalkers|2|1||Transonic blades and chordclaw|anti-infantry 3+, devastating wounds, precision|Melee|Melee|5|4|5|-2|1
851|Sicarian Ruststalkers|3|1||Transonic razor and chordclaw|anti-infantry 3+, precision|Melee|Melee|3|4|5|-2|2
852|Ironstrider Ballistarii|1|1||Twin cognis autocannon|sustained hits 1, twin-linked|48|Ranged|4|4|9|-1|3
852|Ironstrider Ballistarii|2|1||Twin cognis lascannon|sustained hits 1, twin-linked|48|Ranged|2|4|12|-3|D6+1
852|Ironstrider Ballistarii|3|1||Ironstrider feet||Melee|Melee|3|4|5|0|1
853|Sydonian Dragoons|1|1||Phosphor serpenta|ignores cover, pistol|18|Ranged|1|4|5|-1|2
853|Sydonian Dragoons|2|1||Taser lance|anti-walker 2+, lance, sustained hits 2|Melee|Melee|4|4|7|-2|2
854|Onager Dunecrawler|1|1||Cognis heavy stubber|rapid fire 3, sustained hits 1|36|Ranged|3|4|4|0|1
854|Onager Dunecrawler|2|1||Daedalus missile launcher|anti-fly 2+|48|Ranged|2|4|10|-2|D6+1
854|Onager Dunecrawler|3|1||Eradication beamer – dissipated|blast, sustained hits 1|36|Ranged|3D3|4|9|-2|2
854|Onager Dunecrawler|4|2||Eradication beamer – focused|blast, sustained hits 1|18|Ranged|3D3|4|10|-3|3
854|Onager Dunecrawler|5|1||Neutron laser|heavy|48|Ranged|3|4|16|-4|D6+2
854|Onager Dunecrawler|6|1||Icarus array|anti-fly 4+, twin-linked|48|Ranged|6|4|8|-1|2
854|Onager Dunecrawler|7|1||Twin Onager heavy phosphor blaster|ignores cover, twin-linked|36|Ranged|12|4|6|-1|2
854|Onager Dunecrawler|8|1||Dunecrawler legs||Melee|Melee|3|4|6|0|1
855|Knight Paladin|1|1||Ironstorm missile pod|blast, indirect fire|48|Ranged|D6+1|3|5|0|1
855|Knight Paladin|2|1||Meltagun|melta 2|12|Ranged|1|3|9|-4|D6
855|Knight Paladin|3|1||Questoris heavy stubber|rapid fire 3|36|Ranged|3|3|4|-1|1
855|Knight Paladin|4|1||Rapid-fire battle cannon|blast, rapid fire d6+3|72|Ranged|D6+3|3|10|-1|3
855|Knight Paladin|5|1||Stormspear rocket pod||48|Ranged|3|3|8|-2|D6
855|Knight Paladin|6|1||Twin Icarus autocannon|anti-fly 2+, twin-linked|48|Ranged|3|3|7|-1|2
855|Knight Paladin|7|1||Reaper chainsword – strike||Melee|Melee|4|3|14|-4|6
855|Knight Paladin|8|2||Reaper chainsword – sweep||Melee|Melee|12|3|9|-3|2
855|Knight Paladin|9|1||Thunderstrike gauntlet – strike||Melee|Melee|4|3|20|-3|8
855|Knight Paladin|10|2||Thunderstrike gauntlet – sweep||Melee|Melee|8|3|10|-2|3
856|Knight Errant|1|1||Ironstorm missile pod|blast, indirect fire|48|Ranged|D6+1|3|5|0|1
856|Knight Errant|2|1||Meltagun|melta 2|12|Ranged|1|3|9|-4|D6
856|Knight Errant|3|1||Questoris heavy stubber|rapid fire 3|36|Ranged|3|3|4|-1|1
856|Knight Errant|4|1||Stormspear rocket pod||48|Ranged|3|3|8|-2|D6
856|Knight Errant|5|1||Thermal cannon|blast, melta 6|24|Ranged|2D3|3|12|-4|D6
856|Knight Errant|6|1||Twin Icarus autocannon|anti-fly 2+, twin-linked|48|Ranged|3|3|7|-1|2
856|Knight Errant|7|1||Reaper chainsword – strike||Melee|Melee|4|3|14|-4|6
856|Knight Errant|8|2||Reaper chainsword – sweep||Melee|Melee|12|3|9|-3|2
856|Knight Errant|9|1||Thunderstrike gauntlet – strike||Melee|Melee|4|3|20|-3|8
856|Knight Errant|10|2||Thunderstrike gauntlet – sweep||Melee|Melee|8|3|10|-2|3
857|Knight Warden|1|1||Avenger gatling cannon||36|Ranged|18|3|6|-2|2
857|Knight Warden|2|1||Heavy flamer|ignores cover, torrent|12|Ranged|D6|N/A|5|-1|1
857|Knight Warden|3|1||Ironstorm missile pod|blast, indirect fire|48|Ranged|D6+1|3|5|0|1
857|Knight Warden|4|1||Meltagun|melta 2|12|Ranged|1|3|9|-4|D6
857|Knight Warden|5|1||Questoris heavy stubber|rapid fire 3|36|Ranged|3|3|4|-1|1
857|Knight Warden|6|1||Stormspear rocket pod||48|Ranged|3|3|8|-2|D6
857|Knight Warden|7|1||Twin Icarus autocannon|anti-fly 2+, twin-linked|48|Ranged|3|3|7|-1|2
857|Knight Warden|8|1||Reaper chainsword – strike||Melee|Melee|4|3|14|-4|6
857|Knight Warden|9|2||Reaper chainsword – sweep||Melee|Melee|12|3|9|-3|2
857|Knight Warden|10|1||Thunderstrike gauntlet – strike||Melee|Melee|4|3|20|-3|8
857|Knight Warden|11|2||Thunderstrike gauntlet – sweep||Melee|Melee|8|3|10|-2|3
858|Knight Gallant|1|1||Ironstorm missile pod|blast, indirect fire|48|Ranged|D6+1|3|5|0|1
858|Knight Gallant|2|1||Meltagun|melta 2|12|Ranged|1|3|9|-4|D6
858|Knight Gallant|3|1||Questoris heavy stubber|rapid fire 3|36|Ranged|3|3|4|-1|1
858|Knight Gallant|4|1||Stormspear rocket pod||48|Ranged|3|3|8|-2|D6
858|Knight Gallant|5|1||Twin Icarus autocannon|anti-fly 2+, twin-linked|48|Ranged|3|3|7|-1|2
858|Knight Gallant|6|1||Reaper chainsword – strike|devastating wounds|Melee|Melee|6|2|14|-4|6
858|Knight Gallant|7|2||Reaper chainsword – sweep|lethal hits|Melee|Melee|18|2|9|-3|2
858|Knight Gallant|8|1||Thunderstrike gauntlet – strike|devastating wounds|Melee|Melee|6|2|20|-3|8
858|Knight Gallant|9|2||Thunderstrike gauntlet – sweep|lethal hits|Melee|Melee|12|2|10|-2|3
859|Knight Crusader|1|1||Avenger gatling cannon||36|Ranged|18|3|6|-2|2
859|Knight Crusader|2|1||Heavy flamer|ignores cover, torrent|12|Ranged|D6|N/A|5|-1|1
859|Knight Crusader|3|1||Ironstorm missile pod|blast, indirect fire|48|Ranged|D6+1|3|5|0|1
859|Knight Crusader|4|1||Meltagun|melta 2|12|Ranged|1|3|9|-4|D6
859|Knight Crusader|5|1||Questoris heavy stubber|rapid fire 3|36|Ranged|3|3|4|-1|1
859|Knight Crusader|6|1||Rapid-fire battle cannon|blast, rapid fire d6+3|72|Ranged|D6+3|3|10|-1|3
859|Knight Crusader|7|1||Stormspear rocket pod||48|Ranged|3|3|8|-2|D6
859|Knight Crusader|8|1||Thermal cannon|blast, melta 6|24|Ranged|2D3|3|12|-4|D6
859|Knight Crusader|9|1||Twin Icarus autocannon|anti-fly 2+, twin-linked|48|Ranged|3|3|7|-1|2
859|Knight Crusader|10|1||Titanic feet||Melee|Melee|4|4|8|-1|2
860|Acastus Knight Porphyrion|1|1||Acastus autocannon||48|Ranged|2|3|9|-1|3
860|Acastus Knight Porphyrion|2|1||Acastus ironstorm missile pod|blast, heavy, indirect fire|48|Ranged|D6+6|3|5|0|1
860|Acastus Knight Porphyrion|3|1||Helios defence missiles|anti-fly 2+, heavy|48|Ranged|3|3|10|-2|D6
860|Acastus Knight Porphyrion|4|1||Lascannon||48|Ranged|1|3|12|-3|D6+1
860|Acastus Knight Porphyrion|5|1||Twin magna lascannon|blast, twin-linked|72|Ranged|D6|3|18|-4|D6+6
860|Acastus Knight Porphyrion|6|1||Titanic feet||Melee|Melee|6|4|10|-1|2
861|Cerastus Knight Acheron|1|1||Acheron flame cannon|ignores cover, torrent|18|Ranged|2D6|N/A|8|-1|2
861|Cerastus Knight Acheron|2|1||Twin heavy bolter|sustained hits 1, twin-linked|36|Ranged|3|3|5|-1|2
861|Cerastus Knight Acheron|3|1||Reaper chainfist – strike||Melee|Melee|4|3|14|-4|6
861|Cerastus Knight Acheron|4|2||Reaper chainfist – sweep||Melee|Melee|12|3|9|-3|2
862|Cerastus Knight Atrapos|1|1||Atrapos lascutter – low intensity|sustained hits 1|36|Ranged|2D6|3|7|-1|2
862|Cerastus Knight Atrapos|2|2||Atrapos lascutter – high intensity|sustained hits 1|24|Ranged|D6|3|14|-3|4
862|Cerastus Knight Atrapos|3|1||Graviton singularity cannon – contained|blast|24|Ranged|D3|3|16|-4|D6+1
862|Cerastus Knight Atrapos|4|2||Graviton singularity cannon – singularity|blast, devastating wounds, hazardous|24|Ranged|D3|3|16|-4|D6+1
862|Cerastus Knight Atrapos|5|1||Atrapos lascutter – low intensity|sustained hits 1|Melee|Melee|12|3|7|-1|2
862|Cerastus Knight Atrapos|6|2||Atrapos lascutter – high intensity|sustained hits 1|Melee|Melee|6|3|14|-3|4
863|Cerastus Knight Castigator|1|1||Castigator bolt cannon|twin-linked|36|Ranged|18|3|6|-2|2
863|Cerastus Knight Castigator|2|1||Tempest warblade – strike||Melee|Melee|4|3|14|-4|6
863|Cerastus Knight Castigator|3|2||Tempest warblade – sweep||Melee|Melee|12|3|9|-3|2
864|Cerastus Knight Lancer|1|1||Cerastus shock lance|assault, sustained hits 2|12|Ranged|6|3|6|0|2
864|Cerastus Knight Lancer|2|2||Cerastus shock lance – strike|lance|Melee|Melee|5|2|20|-3|8
864|Cerastus Knight Lancer|3|3||Cerastus shock lance – sweep||Melee|Melee|10|2|10|-2|3
865|Questoris Knight Magaera|1|1||Lightning cannon|sustained hits 2|48|Ranged|12|3|9|0|2
865|Questoris Knight Magaera|2|1||Phased plasma-fusil|rapid fire 2|24|Ranged|2|3|8|-3|2
865|Questoris Knight Magaera|3|1||Twin rad cleanser|anti-infantry 2+, ignores cover, torrent, twin-linked|12|Ranged|D6|N/A|2|0|1
865|Questoris Knight Magaera|4|1||Hekaton siege claw – strike||Melee|Melee|4|3|20|-3|8
865|Questoris Knight Magaera|5|2||Hekaton siege claw – sweep||Melee|Melee|8|3|10|-2|3
865|Questoris Knight Magaera|6|1||Reaper chainsword – strike||Melee|Melee|4|3|14|-4|6
865|Questoris Knight Magaera|7|2||Reaper chainsword – sweep||Melee|Melee|12|3|9|-3|2
866|Questoris Knight Styrix|1|1||Graviton crusher|anti-vehicle 2+, blast|18|Ranged|3|3|6|-1|2
866|Questoris Knight Styrix|2|1||Twin rad cleanser|anti-infantry 2+, ignores cover, torrent, twin-linked|12|Ranged|D6|N/A|2|0|1
866|Questoris Knight Styrix|3|1||Volkite chierovile|devastating wounds|30|Ranged|12|3|12|0|3
866|Questoris Knight Styrix|4|1||Hekaton siege claw – strike||Melee|Melee|4|3|20|-3|8
866|Questoris Knight Styrix|5|2||Hekaton siege claw – sweep||Melee|Melee|8|3|10|-2|3
866|Questoris Knight Styrix|6|1||Reaper chainsword – strike||Melee|Melee|4|3|14|-4|6
866|Questoris Knight Styrix|7|2||Reaper chainsword – sweep||Melee|Melee|12|3|9|-3|2
867|Warhound Titan|1|1||Warhound inferno gun|ignores cover, torrent|24|Ranged|3D6|N/A|7|-2|3
867|Warhound Titan|2|1||Warhound plasma blastgun – standard|blast|72|Ranged|2D6+3|3|9|-3|4
867|Warhound Titan|3|2||Warhound plasma blastgun – supercharge|blast, hazardous|72|Ranged|2D6+3|3|10|-3|5
867|Warhound Titan|4|1||Warhound turbo-laser destructor|blast|72|Ranged|D3+3|3|20|-3|2D6
867|Warhound Titan|5|1||Warhound vulcan mega-bolter|sustained hits 1|48|Ranged|20|3|6|-1|2
867|Warhound Titan|6|1||Warhound feet||Melee|Melee|8|4|10|-1|2
868|Reaver Titan|1|1||Reaver apocalypse launcher|blast, indirect fire|200|Ranged|3D6|3|7|-1|2
868|Reaver Titan|2|1||Reaver gatling blaster|sustained hits 1|72|Ranged|12|3|8|-2|3
868|Reaver Titan|3|1||Reaver laser blaster|blast|72|Ranged|8|3|20|-3|D6+2
868|Reaver Titan|4|1||Reaver melta cannon|blast, melta 4|48|Ranged|D6+2|3|13|-4|6
868|Reaver Titan|5|1||Reaver volcano cannon|blast, heavy|120|Ranged|D3+1|3|24|-5|14
868|Reaver Titan|6|1||Reaver feet||Melee|Melee|8|4|12|-2|4
868|Reaver Titan|7|1||Reaver power fist – strike||Melee|Melee|6|4|20|-4|14
868|Reaver Titan|8|2||Reaver power fist – sweep||Melee|Melee|12|4|12|-3|6
869|Warlord Titan|1|1||Apocalypse launcher|blast, indirect fire|200|Ranged|20|3|8|-2|2
869|Warlord Titan|2|1||Ardex-defensor lascannon||48|Ranged|1|3|12|-3|D6+1
869|Warlord Titan|3|1||Ardex-defensor mauler||36|Ranged|6|3|6|-2|2
869|Warlord Titan|4|1||Arioch power claw|sustained hits 1|48|Ranged|20|3|6|-1|2
869|Warlord Titan|5|1||Belicosa volcano cannon|blast|120|Ranged|D3+3|3|32|-5|18
869|Warlord Titan|6|1||Laser blaster|blast|72|Ranged|6|3|16|-4|D6+3
869|Warlord Titan|7|1||Macro gatling blaster|sustained hits 1|100|Ranged|30|3|9|-2|3
869|Warlord Titan|8|1||Mori quake cannon|blast, ignores cover|280|Ranged|3D6|3|16|-4|6
869|Warlord Titan|9|1||Sunfury plasma annihilator – standard|blast|72|Ranged|2D6+6|3|10|-3|5
869|Warlord Titan|10|2||Sunfury plasma annihilator – supercharge|blast, hazardous|72|Ranged|2D6+6|3|12|-3|8
869|Warlord Titan|11|1||Arioch power claw – strike||Melee|Melee|6|4|20|-4|24
869|Warlord Titan|12|2||Arioch power claw – sweep||Melee|Melee|12|4|12|-3|8
869|Warlord Titan|13|1||Warlord feet||Melee|Melee|6|4|12|-2|4
870|Vindicare Assassin|1|1||Exitus pistol|devastating wounds, ignores cover, pistol, precision|12|Ranged|3|2|6|-2|3
870|Vindicare Assassin|2|1||Exitus rifle|devastating wounds, heavy, ignores cover, precision|48|Ranged|1|2|8|-3|D3+3
870|Vindicare Assassin|3|1||Vindicare combat knife||Melee|Melee|4|2|4|-1|1
871|Callidus Assassin|1|1||Neural shredder|anti-infantry 2+, precision, torrent|12|Ranged|D6|N/A|5|-2|1
871|Callidus Assassin|2|1||Phase sword and poison blades|lethal hits, precision|Melee|Melee|5|2|5|-4|2
872|Eversor Assassin|1|1||Executioner pistol|ANTI-INFANTRY 3+, PISTOL, PRECISION, SUSTAINED HITS 3|12|Ranged|4|2|4|0|1
872|Eversor Assassin|2|1||Power sword and neuro gauntlet|ANTI-INFANTRY 3+, PRECISION, SUSTAINED HITS 3|Melee|Melee|6|2|5|-2|2
873|Culexus Assassin|1|1||Animus speculum|anti-psyker 2+, assault, precision, psychic assassin|24|Ranged|3|2|5|-2|D3
873|Culexus Assassin|2|1||Life-draining touch|anti-psyker 2+, devastating wounds, precision|Melee|Melee|4|2|4|-2|2
874|Inquisitor Greyfax|1|1||Castigation|anti-character 4+, devastating wounds, precision, psychic|18|Ranged|1|3|8|-2|3
874|Inquisitor Greyfax|2|1||Condemnor stake|anti-psyker 2+, devastating wounds, precision, rapid fire 1|24|Ranged|1|3|4|0|1
874|Inquisitor Greyfax|3|1||Master-crafted power sword||Melee|Melee|4|3|4|-2|2
875|Inquisitor Karamazov|1|1||Master-crafted multi-melta|melta 3|18|Ranged|3|3|10|-4|D6
875|Inquisitor Karamazov|2|1||Master-crafted power sword||Melee|Melee|6|3|6|-2|2
876|Inquisitor Coteaz|1|1||Bolt pistol|pistol|12|Ranged|1|3|4|0|1
876|Inquisitor Coteaz|2|1||Psychic Blast|anti-daemon 4+, anti-infantry 5+, devastating wounds, psychic|18|Ranged|D6|3|3|-1|1
876|Inquisitor Coteaz|3|1||Nemesis daemon hammer|psychic|Melee|Melee|3|3|9|-3|3
877|Inquisitor|1|1||Bolt pistol|pistol|12|Ranged|1|3|4|0|1
877|Inquisitor|2|1||Combi-weapon|anti-infantry 4+, devastating wounds, rapid fire 1|24|Ranged|1|3|4|-2|1
877|Inquisitor|3|1||Psychic Shock Wave|devastating wounds, psychic, torrent|18|Ranged|2D6|N/A|3|-2|1
877|Inquisitor|4|1||Inquisitorial melee weapon||Melee|Melee|5|3|4|-2|1
877|Inquisitor|5|1||Force weapon|psychic|Melee|Melee|4|3|5|-2|D3
882|Custodian Guard|1|1||Guardian spear|assault|24|Ranged|2|2|4|-1|2
882|Custodian Guard|2|1||Sentinel blade|assault, pistol|12|Ranged|2|2|4|-1|2
882|Custodian Guard|3|1||Guardian spear||Melee|Melee|5|2|7|-2|2
882|Custodian Guard|4|1||Misericordia||Melee|Melee|5|2|5|-2|1
882|Custodian Guard|5|1||Sentinel blade||Melee|Melee|5|2|6|-2|1
883|Venerable Contemptor Dreadnought|1|1||Combi-bolter|rapid fire 2|24|Ranged|2|2|4|0|1
883|Venerable Contemptor Dreadnought|2|1||Kheres-pattern assault cannon|devastating wounds|24|Ranged|6|2|7|-1|1
883|Venerable Contemptor Dreadnought|3|1||Multi-melta|melta 2|18|Ranged|2|2|9|-4|D6
883|Venerable Contemptor Dreadnought|4|1||Contemptor combat weapon||Melee|Melee|5|2|12|-2|3
884|Venerable Land Raider|1|1||Godhammer lascannon||48|Ranged|2|2|12|-3|D6+1
884|Venerable Land Raider|2|1||Hunter-killer missile|one shot|48|Ranged|1|2|14|-3|D6
884|Venerable Land Raider|3|1||Storm bolter|rapid fire 2|24|Ranged|2|2|4|0|1
884|Venerable Land Raider|4|1||Twin heavy bolter|sustained hits 1, twin-linked|36|Ranged|3|2|5|-1|2
884|Venerable Land Raider|5|1||Armoured tracks||Melee|Melee|6|4|8|0|1
889|Primaris Psyker|1|1||Laspistol|pistol|12|Ranged|1|3|3|0|1
889|Primaris Psyker|2|1||Psychic Maelstrom – witchfire|blast, devastating wounds, psychic|18|Ranged|D6|3|5|-2|1
889|Primaris Psyker|3|2||Psychic Maelstrom – focused witchfire|blast, devastating wounds, hazardous, psychic|18|Ranged|D6+1|3|6|-2|2
889|Primaris Psyker|4|1||Force weapon|psychic|Melee|Melee|3|4|6|-1|D3
894|Crusaders|1|1||Power weapon||Melee|Melee|3|3|4|-2|2
895|Death Cult Assassins|1|1||Death Cult power blades|precision|Melee|Melee|4|2|4|-2|1
896|Arco-flagellants|1|1||Arco-flails|sustained hits 1|Melee|Melee|4|4|5|0|1
897|Penitent Engines|1|1||Penitent flamers|assault, ignores cover, torrent, twin-linked|12|Ranged|2D6|N/A|5|0|1
897|Penitent Engines|2|1||Penitent buzz-blade|sustained hits 1|Melee|Melee|4|4|10|-3|2
897|Penitent Engines|3|1||Penitent flail|sustained hits 1|Melee|Melee|8|4|5|-1|1
897|Penitent Engines|4|1||Twin penitent buzz-blades|sustained hits 1, twin-linked|Melee|Melee|4|4|10|-3|2
897|Penitent Engines|5|1||Twin penitent flails|sustained hits 1, twin-linked|Melee|Melee|8|4|5|-1|1
898|CELESTINE|1|1||Bolt pistol|pistol|12|Ranged|1|3|4|0|1
898|CELESTINE|2|1||The Ardent Blade|ignores cover, torrent|12|Ranged|D6|N/A|6|-2|1
898|CELESTINE|3|1||Power weapon||Melee|Melee|4|3|4|-2|1
898|CELESTINE|4|1||The Ardent Blade|devastating wounds|Melee|Melee|5|2|6|-3|2
899|Canoness|1|1||Bolt pistol|pistol|12|Ranged|1|2|4|0|1
899|Canoness|2|1||Brazier of holy fire|ignores cover, one shot, torrent|12|Ranged|D6|N/A|6|-1|2
899|Canoness|3|1||Condemnor boltgun|anti-psyker 2+, devastating wounds, precision, rapid fire 1|24|Ranged|1|2|4|0|1
899|Canoness|4|1||Inferno pistol|melta 2, pistol|6|Ranged|1|2|8|-4|D3
899|Canoness|5|1||Plasma pistol – standard|pistol|12|Ranged|1|2|7|-2|1
899|Canoness|6|2||Plasma pistol – supercharge|hazardous, pistol|12|Ranged|1|2|8|-3|2
899|Canoness|7|1||Blessed blade|lethal hits|Melee|Melee|4|2|6|-2|2
899|Canoness|8|1||Hallowed Chainsword||Melee|Melee|5|2|3|-1|1
899|Canoness|9|1||Power weapon||Melee|Melee|4|2|4|-2|2
900|Imagifier|1|1||Bolt pistol|pistol|12|Ranged|1|3|4|0|1
900|Imagifier|2|1||Boltgun|rapid fire 1|24|Ranged|1|3|4|0|1
900|Imagifier|3|1||Close combat weapon||Melee|Melee|3|4|3|0|1
901|Hospitaller|1|1||Bolt pistol|pistol|12|Ranged|1|3|4|0|1
901|Hospitaller|2|1||Chirurgeon’s tools||Melee|Melee|3|4|3|0|1
902|Dialogus|1|1||Bolt pistol|pistol|12|Ranged|1|3|4|0|1
902|Dialogus|2|1||Dialogus staff||Melee|Melee|3|4|4|0|1
903|Battle Sisters Squad|1|1||Artificer-crafted storm bolter|rapid fire 2|24|Ranged|2|3|4|0|2
903|Battle Sisters Squad|2|1||Bolt pistol|pistol|12|Ranged|1|3|4|0|1
903|Battle Sisters Squad|3|1||Boltgun|rapid fire 1|24|Ranged|1|3|4|0|1
903|Battle Sisters Squad|4|1||Combi-weapon|ANTI-INFANTRY 4+, DEVASTATING WOUNDS, RAPID FIRE 1|24|Ranged|1|4|4|0|1
903|Battle Sisters Squad|5|1||Condemnor boltgun|ANTI-PSYKER 2+, DEVASTATING WOUNDS, PRECISION, RAPID FIRE 1|24|Ranged|1|3|4|0|1
903|Battle Sisters Squad|6|1||Heavy bolter|heavy, sustained hits 1|36|Ranged|3|4|5|-1|2
903|Battle Sisters Squad|7|1||Inferno pistol |MELTA 2, PISTOL|6|Ranged|1|3|8|-4|D3
903|Battle Sisters Squad|8|1||Meltagun|melta 2|12|Ranged|1|3|9|-4|D6
903|Battle Sisters Squad|9|1||Ministorum flamer|ignores cover, torrent|12|Ranged|D6|N/A|5|0|1
903|Battle Sisters Squad|10|1||Ministorum hand flamer|IGNORES COVER, PISTOL, TORRENT|12|Ranged|D6|N/A|4|0|1
903|Battle Sisters Squad|11|1||Ministorum heavy flamer|ignores cover, torrent|12|Ranged|D6|N/A|6|-1|1
903|Battle Sisters Squad|12|1||Multi-melta|heavy, melta 2|18|Ranged|2|4|9|-4|D6
903|Battle Sisters Squad|13|1||Plasma pistol – standard|PISTOL|12|Ranged|1|3|7|-2|1
903|Battle Sisters Squad|13|2||Plasma pistol – supercharge|HAZARDOUS, PISTOL|12|Ranged|1|3|8|-3|2
903|Battle Sisters Squad|14|1||Chainsword||Melee|Melee|3|4|3|0|1
903|Battle Sisters Squad|15|1||Close combat weapon||Melee|Melee|1|4|3|0|1
903|Battle Sisters Squad|16|1||Power weapon||Melee|Melee|2|4|4|-2|1
904|Seraphim Squad|1|1||Bolt pistol|pistol|12|Ranged|1|3|4|0|1
904|Seraphim Squad|2|1||Inferno pistol|melta 2, pistol|6|Ranged|1|3|8|-4|D3
904|Seraphim Squad|3|1||Ministorum hand flamer|ignores cover, pistol, torrent|12|Ranged|D6|N/A|4|0|1
904|Seraphim Squad|4|1||Plasma pistol – standard|pistol|12|Ranged|1|3|7|-2|1
904|Seraphim Squad|5|2||Plasma pistol – supercharge|hazardous, pistol|12|Ranged|1|3|8|-3|2
904|Seraphim Squad|6|1||Chainsword||Melee|Melee|4|3|3|0|1
904|Seraphim Squad|7|1||Close combat weapon||Melee|Melee|2|3|3|0|1
904|Seraphim Squad|8|1||Power weapon||Melee|Melee|3|3|4|-2|1
907|REPENTIA SUPERIOR|1|1||Bolt pistol|pistol|12|Ranged|1|3|4|0|1
907|REPENTIA SUPERIOR|2|1||Neural whips|anti-infantry 4+|Melee|Melee|4|3|3|-1|1
907|REPENTIA SUPERIOR|3|1||Penitent eviscerator|sustained hits 1|Melee|Melee|2|4|6|-2|2
908|Retributor Squad|1|1||Bolt pistol|pistol|12|Ranged|1|3|4|0|1
908|Retributor Squad|2|1||Boltgun|rapid fire 1|24|Ranged|1|3|4|0|1
908|Retributor Squad|3|1||Combi-weapon|ANTI-INFANTRY 4+, DEVASTATING WOUNDS, RAPID FIRE 1|24|Ranged|1|4|4|0|1
908|Retributor Squad|4|1||Condemnor boltgun|ANTI-PSYKER 2+, DEVASTATING WOUNDS, PRECISION, RAPID FIRE 1|24|Ranged|1|3|4|0|1
908|Retributor Squad|5|1||Heavy bolter|heavy, sustained hits 1|36|Ranged|3|4|5|-1|2
908|Retributor Squad|6|1||Inferno pistol |MELTA 2, PISTOL|6|Ranged|1|3|8|-4|D3
908|Retributor Squad|7|1||Ministorum hand flamer|IGNORES COVER, PISTOL, TORRENT|12|Ranged|D6|N/A|4|0|1
908|Retributor Squad|8|1||Ministorum heavy flamer|ignores cover, torrent|12|Ranged|D6|N/A|6|-1|1
908|Retributor Squad|9|1||Multi-melta|heavy, melta 2|18|Ranged|2|4|9|-4|D6
908|Retributor Squad|10|1||Plasma pistol – standard|PISTOL|12|Ranged|1|3|7|-2|1
908|Retributor Squad|10|2||Plasma pistol – supercharge|HAZARDOUS, PISTOL|12|Ranged|1|3|8|-3|2
908|Retributor Squad|11|1||Chainsword||Melee|Melee|3|4|3|0|1
908|Retributor Squad|12|1||Close combat weapon||Melee|Melee|1|4|3|0|1
908|Retributor Squad|13|1||Power weapon||Melee|Melee|2|4|4|-2|1
909|Dominion Squad|1|1||Artificer-crafted storm bolter|assault, rapid fire 2|24|Ranged|2|3|4|0|2
909|Dominion Squad|2|1||Bolt pistol|pistol|12|Ranged|1|3|4|0|1
909|Dominion Squad|3|1||Boltgun|assault, rapid fire 1|24|Ranged|1|3|4|0|1
909|Dominion Squad|4|1||Combi-weapon|anti-infantry 4+, devastating wounds, rapid fire 1|24|Ranged|1|4|4|0|1
909|Dominion Squad|5|1||Condemnor boltgun|anti-psyker 2+, devastating wounds, precision, rapid fire 1|24|Ranged|1|3|4|0|1
909|Dominion Squad|6|1||Inferno pistol |MELTA 2, PISTOL|6|Ranged|1|3|8|-4|D3
909|Dominion Squad|7|1||Meltagun|assault, melta 2|12|Ranged|1|3|9|-4|D6
909|Dominion Squad|8|1||Ministorum flamer|assault, ignores cover, torrent|12|Ranged|D6|N/A|5|0|1
909|Dominion Squad|9|1||Ministorum hand flamer|ignores cover, pistol, torrent|12|Ranged|D6|N/A|4|0|1
909|Dominion Squad|10|1||Plasma pistol – standard|PISTOL|12|Ranged|1|3|7|-2|1
909|Dominion Squad|10|2||Plasma pistol – supercharge|HAZARDOUS, PISTOL|12|Ranged|1|3|8|-3|2
909|Dominion Squad|11|1||Chainsword||Melee|Melee|3|4|3|0|1
909|Dominion Squad|12|1||Close combat weapon||Melee|Melee|1|4|3|0|1
909|Dominion Squad|13|1||Power weapon||Melee|Melee|2|4|4|-2|1
910|Sororitas Rhino|1|1||Hunter-killer missile|one shot|48|Ranged|1|2|14|-3|D6
910|Sororitas Rhino|2|1||Storm bolter|rapid fire 2|24|Ranged|2|3|4|0|1
910|Sororitas Rhino|3|1||Armoured tracks||Melee|Melee|3|4|6|0|1
911|Immolator|1|1||Heavy bolter|sustained hits 1|36|Ranged|3|3|5|-1|2
911|Immolator|2|1||Hunter-killer missile|one shot|48|Ranged|1|2|14|-3|D6
911|Immolator|3|1||Immolation flamers|ignores cover, torrent|18|Ranged|2D6|N/A|6|-1|1
911|Immolator|4|1||Twin heavy bolter|sustained hits 2, twin-linked|36|Ranged|3|3|5|-1|2
911|Immolator|5|1||Twin multi-melta|melta 2, twin-linked|18|Ranged|2|3|9|-4|D6
911|Immolator|6|1||Armoured tracks||Melee|Melee|3|4|6|0|1
912|Exorcist|1|1||Exorcist conflagration rockets|blast, ignores cover, indirect fire|36|Ranged|3D6|3|6|-1|1
912|Exorcist|2|1||Exorcist missile launcher|indirect fire|36|Ranged|D6+2|3|10|-3|D6
912|Exorcist|3|1||Heavy bolter|sustained hits 1|36|Ranged|3|3|5|-1|2
912|Exorcist|4|1||Hunter-killer missile|one shot|48|Ranged|1|2|14|-3|D6
912|Exorcist|5|1||Armoured tracks||Melee|Melee|3|4|6|0|1
924|Abaddon The Despoiler|1|1||Talon of Horus|sustained hits 1|24|Ranged|4|2|5|-1|2
924|Abaddon The Despoiler|2|1||Drach’nyen|devastating wounds|Melee|Melee|8|2|14|-4|3
924|Abaddon The Despoiler|3|1||Talon of Horus|devastating wounds|Melee|Melee|14|2|7|-3|1
925|Huron Blackheart|1|1||Tyrant’s Claw heavy flamer|ignores cover, pistol, torrent|12|Ranged|D6+2|N/A|6|-1|1
925|Huron Blackheart|2|1||Tyrant’s Claw and exalted power weapon||Melee|Melee|6|2|8|-3|3
926|Cypher|1|1||Cypher’s bolt pistol|assault, pistol, sustained hits 1|12|Ranged|6|2|4|-1|1
926|Cypher|2|1||Cypher’s plasma pistol|assault, pistol, sustained hits 1|12|Ranged|3|2|8|-3|2
926|Cypher|3|1||Cypher’s bolt pistol|sustained hits 1|Melee|Melee|6|2|4|-1|1
926|Cypher|4|1||Cypher’s plasma pistol|EXTRA ATTACKS|Melee|Melee|3|2|8|-3|2
928|FABIUS BILE|1|1||Xyclos Needler|anti-infantry 2+, pistol|18|Ranged|3|2|2|-1|2
928|FABIUS BILE|2|1||Chirurgeon|extra attacks|Melee|Melee|2|2|4|0|1
928|FABIUS BILE|3|1||Rod of Torment||Melee|Melee|6|2|5|-1|3
928|FABIUS BILE|4|1||Surgeon Acolyte’s tools||Melee|Melee|1|5|3|0|1
929|Chaos Lord|1|1||Plasma pistol – standard|pistol|12|Ranged|1|2|7|-2|1
929|Chaos Lord|2|2||Plasma pistol – supercharge|pistol, hazardous|12|Ranged|1|2|8|-3|2
929|Chaos Lord|3|1||Accursed weapon||Melee|Melee|6|2|5|-2|1
929|Chaos Lord|4|1||Astartes chainblade||Melee|Melee|7|2|4|-1|1
929|Chaos Lord|5|1||Daemon hammer|devastating wounds|Melee|Melee|5|3|8|-2|2
929|Chaos Lord|6|1||Power fist||Melee|Melee|5|2|8|-2|2
930|Chaos Lord In Terminator Armour|1|1||Combi-bolter|rapid fire 2|24|Ranged|2|2|4|0|1
930|Chaos Lord In Terminator Armour|2|1||Combi-weapon|anti-infantry 4+, devastating wounds, rapid fire 1|24|Ranged|1|3|4|0|1
930|Chaos Lord In Terminator Armour|3|1||Chainfist|anti-vehicle 3+|Melee|Melee|5|3|8|-2|2
930|Chaos Lord In Terminator Armour|4|1||Exalted weapon||Melee|Melee|6|2|5|-2|2
930|Chaos Lord In Terminator Armour|5|1||Paired accursed weapons|twin-linked|Melee|Melee|7|2|5|-2|1
930|Chaos Lord In Terminator Armour|6|1||Power fist||Melee|Melee|5|2|8|-2|2
931|Chaos Lord On Bike|1|1||Bolt pistol|pistol|12|Ranged|1|2|4|0|1
931|Chaos Lord On Bike|2|1||Combi-bolter|rapid fire 2|24|Ranged|2|2|4|0|1
931|Chaos Lord On Bike|3|1||Combi-weapon|anti-infantry 4+, devastating wounds, rapid fire 1|24|Ranged|1|4|4|0|1
931|Chaos Lord On Bike|4|1||Plasma pistol – standard|pistol|12|Ranged|1|2|7|-2|1
931|Chaos Lord On Bike|5|2||Plasma pistol – supercharge|hazardous, pistol|12|Ranged|1|2|8|-3|2
931|Chaos Lord On Bike|6|1||Accursed weapon||Melee|Melee|6|2|5|-2|1
931|Chaos Lord On Bike|7|1||Astartes chainsword||Melee|Melee|7|2|4|-1|1
931|Chaos Lord On Bike|8|1||Close combat weapon||Melee|Melee|6|2|4|0|1
931|Chaos Lord On Bike|9|1||Paired accursed weapons|twin-linked|Melee|Melee|7|2|4|-1|1
931|Chaos Lord On Bike|10|1||Power fist||Melee|Melee|5|2|8|-2|2
932|Chaos Lord On Juggernaut|1|1||Bolt pistol|pistol|12|Ranged|1|2|4|0|1
932|Chaos Lord On Juggernaut|2|1||Combi-bolter|rapid fire 2|24|Ranged|2|2|4|0|1
932|Chaos Lord On Juggernaut|3|1||Combi-weapon|anti-infantry 4+, devastating wounds, rapid fire 1|24|Ranged|1|4|4|0|1
932|Chaos Lord On Juggernaut|4|1||Plasma pistol – standard|pistol|12|Ranged|1|2|7|-2|1
932|Chaos Lord On Juggernaut|5|2||Plasma pistol – supercharge|hazardous, pistol|12|Ranged|1|2|8|-3|2
932|Chaos Lord On Juggernaut|6|1||Accursed weapon||Melee|Melee|6|2|5|-2|1
932|Chaos Lord On Juggernaut|7|1||Astartes chainsword||Melee|Melee|7|2|4|-1|1
932|Chaos Lord On Juggernaut|8|1||Bladed horn|extra attacks, lance|Melee|Melee|4|4|6|-1|1
932|Chaos Lord On Juggernaut|9|1||Close combat weapon||Melee|Melee|6|2|4|0|1
932|Chaos Lord On Juggernaut|10|1||Paired accursed weapons|twin-linked|Melee|Melee|7|2|4|-1|1
932|Chaos Lord On Juggernaut|11|1||Power fist||Melee|Melee|5|2|8|-2|2
933|Chaos Lord On Disc Of Tzeentch|1|1||Bolt pistol|pistol|12|Ranged|1|2|4|0|1
933|Chaos Lord On Disc Of Tzeentch|2|1||Combi-bolter|rapid fire 2|24|Ranged|2|2|4|0|1
933|Chaos Lord On Disc Of Tzeentch|3|1||Combi-weapon|anti-infantry 4+, devastating wounds, rapid fire 1|24|Ranged|1|4|4|0|1
933|Chaos Lord On Disc Of Tzeentch|4|1||Plasma pistol – standard|pistol|12|Ranged|1|2|7|-2|1
933|Chaos Lord On Disc Of Tzeentch|5|2||Plasma pistol – supercharge|hazardous, pistol|12|Ranged|1|2|8|-3|2
933|Chaos Lord On Disc Of Tzeentch|6|1||Accursed weapon||Melee|Melee|6|2|5|-2|1
933|Chaos Lord On Disc Of Tzeentch|7|1||Astartes chainsword||Melee|Melee|7|2|4|-1|1
933|Chaos Lord On Disc Of Tzeentch|8|1||Close combat weapon||Melee|Melee|6|2|4|0|1
933|Chaos Lord On Disc Of Tzeentch|9|1||Paired accursed weapons|twin-linked|Melee|Melee|7|2|4|-1|1
933|Chaos Lord On Disc Of Tzeentch|10|1||Power fist||Melee|Melee|5|2|8|-2|2
934|Chaos Lord On Palanquin Of Nurgle|1|1||Bolt pistol|pistol|12|Ranged|1|2|4|0|1
934|Chaos Lord On Palanquin Of Nurgle|2|1||Combi-bolter|rapid fire 2|24|Ranged|2|2|4|0|1
934|Chaos Lord On Palanquin Of Nurgle|3|1||Combi-weapon|anti-infantry 4+, devastating wounds, rapid fire 1|24|Ranged|1|4|4|0|1
934|Chaos Lord On Palanquin Of Nurgle|4|1||Plasma pistol – standard|pistol|12|Ranged|1|2|7|-2|1
934|Chaos Lord On Palanquin Of Nurgle|5|2||Plasma pistol – supercharge|hazardous, pistol|12|Ranged|1|2|8|-3|2
934|Chaos Lord On Palanquin Of Nurgle|6|1||Accursed weapon||Melee|Melee|6|2|5|-2|1
934|Chaos Lord On Palanquin Of Nurgle|7|1||Astartes chainsword||Melee|Melee|7|2|4|-1|1
934|Chaos Lord On Palanquin Of Nurgle|8|1||Close combat weapon||Melee|Melee|6|2|4|0|1
934|Chaos Lord On Palanquin Of Nurgle|9|1||Nurgling’s claws and teeth|extra attacks, lethal hits|Melee|Melee|4|5|2|0|1
934|Chaos Lord On Palanquin Of Nurgle|10|1||Paired accursed weapons|twin-linked|Melee|Melee|7|2|4|-1|1
934|Chaos Lord On Palanquin Of Nurgle|11|1||Power fist||Melee|Melee|5|2|8|-2|2
935|Chaos Lord On Steed Of Slaanesh|1|1||Bolt pistol|pistol|12|Ranged|1|2|4|0|1
935|Chaos Lord On Steed Of Slaanesh|2|1||Combi-bolter|rapid fire 2|24|Ranged|2|2|4|0|1
935|Chaos Lord On Steed Of Slaanesh|3|1||Combi-weapon|anti-infantry 4+, devastating wounds, rapid fire 1|24|Ranged|1|4|4|0|1
935|Chaos Lord On Steed Of Slaanesh|4|1||Plasma pistol – standard|pistol|12|Ranged|1|2|7|-2|1
935|Chaos Lord On Steed Of Slaanesh|5|2||Plasma pistol – supercharge|hazardous, pistol|12|Ranged|1|2|8|-3|2
935|Chaos Lord On Steed Of Slaanesh|6|1||Accursed weapon||Melee|Melee|6|2|5|-2|1
935|Chaos Lord On Steed Of Slaanesh|7|1||Astartes chainsword||Melee|Melee|7|2|4|-1|1
935|Chaos Lord On Steed Of Slaanesh|8|1||Close combat weapon||Melee|Melee|6|2|4|0|1
935|Chaos Lord On Steed Of Slaanesh|9|1||Lashing tongue|extra attacks, lethal hits|Melee|Melee|2|4|4|0|1
935|Chaos Lord On Steed Of Slaanesh|10|1||Paired accursed weapons|twin-linked|Melee|Melee|7|2|4|-1|1
935|Chaos Lord On Steed Of Slaanesh|11|1||Power fist||Melee|Melee|5|2|8|-2|2
936|DARK APOSTLE|1|1||Bolt pistol|pistol|12|Ranged|1|3|4|0|1
936|DARK APOSTLE|2|1||Accursed crozius||Melee|Melee|5|2|6|-1|2
936|DARK APOSTLE|3|1||Close combat weapon||Melee|Melee|1|4|3|0|1
937|Heretic Astartes Daemon Prince|1|1||Infernal cannon||24|Ranged|3|2|5|-1|2
937|Heretic Astartes Daemon Prince|2|1||Hellforged weapons – strike||Melee|Melee|6|2|8|-2|3
937|Heretic Astartes Daemon Prince|3|2||Hellforged weapons – sweep||Melee|Melee|14|2|6|0|1
938|Sorcerer|1|1||Bolt pistol|pistol|12|Ranged|1|3|4|0|1
938|Sorcerer|2|1||Infernal Gaze – witchfire|psychic|24|Ranged|D6|3|5|-1|D3
938|Sorcerer|3|2||Infernal Gaze – focused witchfire|devastating wounds, hazardous, psychic|24|Ranged|D6|3|6|-2|D3
938|Sorcerer|4|1||Force weapon|psychic|Melee|Melee|4|3|6|-1|D3
939|Sorcerer In Terminator Armour|1|1||Combi-bolter|rapid fire 2|24|Ranged|2|3|4|0|1
939|Sorcerer In Terminator Armour|2|1||Combi-weapon|anti-infantry 4+, devastating wounds, rapid fire 1|24|Ranged|1|4|4|0|1
939|Sorcerer In Terminator Armour|3|1||Infernal Gaze – witchfire|psychic|24|Ranged|D6|3|5|-1|D3
939|Sorcerer In Terminator Armour|4|2||Infernal Gaze – focused witchfire|devastating wounds, hazardous, psychic|24|Ranged|D6|3|6|-2|D3
939|Sorcerer In Terminator Armour|5|1||Force weapon|psychic|Melee|Melee|4|3|6|-1|D3
940|Sorcerer On Bike|1|1||Bolt pistol|pistol|12|Ranged|1|2|4|0|1
940|Sorcerer On Bike|2|1||Combi-bolter|rapid fire 2|24|Ranged|2|2|4|0|1
940|Sorcerer On Bike|3|1||Combi-weapon|anti-infantry 4+, devastating wounds, rapid fire 1|24|Ranged|1|4|4|0|1
940|Sorcerer On Bike|4|1||Infernal Gaze – focused witchfire|devastating wounds, hazardous, psychic|24|Ranged|D6|3|6|-2|D3
940|Sorcerer On Bike|5|2||Infernal Gaze – witchfire|psychic|24|Ranged|D6|3|5|-1|D3
940|Sorcerer On Bike|6|1||Plasma pistol – standard|pistol|12|Ranged|1|2|7|-2|1
940|Sorcerer On Bike|7|2||Plasma pistol – supercharge|hazardous, pistol|12|Ranged|1|2|8|-3|2
940|Sorcerer On Bike|8|1||Accursed weapon||Melee|Melee|4|3|5|-2|1
940|Sorcerer On Bike|9|1||Astartes chainsword||Melee|Melee|5|3|4|-1|1
940|Sorcerer On Bike|10|1||Force weapon|psychic|Melee|Melee|4|3|6|-1|D3
940|Sorcerer On Bike|11|1||Power fist||Melee|Melee|3|3|8|-2|2
941|Sorcerer On Disc Of Tzeentch|1|1||Bolt pistol|pistol|12|Ranged|1|2|4|0|1
941|Sorcerer On Disc Of Tzeentch|2|1||Combi-bolter|rapid fire 2|24|Ranged|2|2|4|0|1
941|Sorcerer On Disc Of Tzeentch|3|1||Combi-weapon|anti-infantry 4+, devastating wounds, rapid fire 1|24|Ranged|1|4|4|0|1
941|Sorcerer On Disc Of Tzeentch|4|1||Infernal Gaze – focused witchfire|devastating wounds, hazardous, psychic|24|Ranged|D6|3|6|-2|D3
941|Sorcerer On Disc Of Tzeentch|5|2||Infernal Gaze – witchfire|psychic|24|Ranged|D6|3|5|-1|D3
941|Sorcerer On Disc Of Tzeentch|6|1||Plasma pistol – standard|pistol|12|Ranged|1|2|7|-2|1
941|Sorcerer On Disc Of Tzeentch|7|2||Plasma pistol – supercharge|hazardous, pistol|12|Ranged|1|2|8|-3|2
941|Sorcerer On Disc Of Tzeentch|8|1||Accursed weapon||Melee|Melee|4|3|5|-2|1
941|Sorcerer On Disc Of Tzeentch|9|1||Astartes chainsword||Melee|Melee|5|3|4|-1|1
941|Sorcerer On Disc Of Tzeentch|10|1||Force weapon|psychic|Melee|Melee|4|3|6|-1|D3
941|Sorcerer On Disc Of Tzeentch|11|1||Power fist||Melee|Melee|3|3|8|-2|2
942|Sorcerer On Palanquin Of Nurgle|1|1||Bolt pistol|pistol|12|Ranged|1|2|4|0|1
942|Sorcerer On Palanquin Of Nurgle|2|1||Combi-bolter|rapid fire 2|24|Ranged|2|2|4|0|1
942|Sorcerer On Palanquin Of Nurgle|3|1||Combi-weapon|anti-infantry 4+, devastating wounds, rapid fire 1|24|Ranged|1|4|4|0|1
942|Sorcerer On Palanquin Of Nurgle|4|1||Infernal Gaze – focused witchfire|devastating wounds, hazardous, psychic|24|Ranged|D6|3|6|-2|D3
942|Sorcerer On Palanquin Of Nurgle|5|2||Infernal Gaze – witchfire|psychic|24|Ranged|D6|3|5|-1|D3
942|Sorcerer On Palanquin Of Nurgle|6|1||Plasma pistol – standard|pistol|12|Ranged|1|2|7|-2|1
942|Sorcerer On Palanquin Of Nurgle|7|2||Plasma pistol – supercharge|hazardous, pistol|12|Ranged|1|2|8|-3|2
942|Sorcerer On Palanquin Of Nurgle|8|1||Accursed weapon||Melee|Melee|4|3|5|-2|1
942|Sorcerer On Palanquin Of Nurgle|9|1||Astartes chainsword||Melee|Melee|5|3|4|-1|1
942|Sorcerer On Palanquin Of Nurgle|10|1||Force weapon|psychic|Melee|Melee|4|3|6|-1|D3
942|Sorcerer On Palanquin Of Nurgle|11|1||Nurgling’s claws and teeth|extra attacks, lethal hits|Melee|Melee|4|5|2|0|1
942|Sorcerer On Palanquin Of Nurgle|12|1||Power fist||Melee|Melee|3|3|8|-2|2
943|Sorcerer On Steed Of Slaanesh|1|1||Bolt pistol|pistol|12|Ranged|1|2|4|0|1
943|Sorcerer On Steed Of Slaanesh|2|1||Combi-bolter|rapid fire 2|24|Ranged|2|2|4|0|1
943|Sorcerer On Steed Of Slaanesh|3|1||Combi-weapon|anti-infantry 4+, devastating wounds, rapid fire 1|24|Ranged|1|4|4|0|1
943|Sorcerer On Steed Of Slaanesh|4|1||Infernal Gaze – focused witchfire|devastating wounds, hazardous, psychic|24|Ranged|D6|3|6|-2|D3
943|Sorcerer On Steed Of Slaanesh|5|2||Infernal Gaze – witchfire|psychic|24|Ranged|D6|3|5|-1|D3
943|Sorcerer On Steed Of Slaanesh|6|1||Plasma pistol – standard|pistol|12|Ranged|1|2|7|-2|1
943|Sorcerer On Steed Of Slaanesh|7|2||Plasma pistol – supercharge|hazardous, pistol|12|Ranged|1|2|8|-3|2
943|Sorcerer On Steed Of Slaanesh|8|1||Accursed weapon||Melee|Melee|4|3|5|-2|1
943|Sorcerer On Steed Of Slaanesh|9|1||Astartes chainsword||Melee|Melee|5|3|4|-1|1
943|Sorcerer On Steed Of Slaanesh|10|1||Force weapon|psychic|Melee|Melee|4|3|6|-1|D3
943|Sorcerer On Steed Of Slaanesh|11|1||Lashing tongue|extra attacks, lethal hits|Melee|Melee|2|3|4|0|1
943|Sorcerer On Steed Of Slaanesh|12|1||Power fist||Melee|Melee|3|3|8|-2|2
944|Warpsmith|1|1||Flamer tendril|pistol, torrent, ignores cover|12|Ranged|D6|N/A|3|0|1
944|Warpsmith|2|1||Melta tendril|pistol, melta 2|6|Ranged|1|2|8|-4|D3
944|Warpsmith|3|1||Plasma pistol – standard|pistol|12|Ranged|1|2|7|-2|1
944|Warpsmith|4|2||Plasma pistol – supercharge|pistol, hazardous|12|Ranged|1|2|8|-3|2
944|Warpsmith|5|1||Forge weapon|Anti-Vehicle 4+|Melee|Melee|4|3|6|-2|2
946|Cultist Mob|1|1||Autopistol|pistol|12|Ranged|1|4|3|0|1
946|Cultist Mob|2|1||Bolt pistol|pistol|12|Ranged|1|4|4|0|1
946|Cultist Mob|3|1||Brutal assault weapon||Melee|Melee|2|4|3|0|1
947|Chaos Terminator Squad|1|1||Combi-bolter|rapid fire 2|24|Ranged|2|3|4|0|1
947|Chaos Terminator Squad|2|1||Combi-weapon|anti-infantry 4+, devastating wounds, rapid fire 1|24|Ranged|1|4|4|0|1
947|Chaos Terminator Squad|3|1||Heavy flamer|ignores cover, torrent|12|Ranged|D6|N/A|5|-1|1
947|Chaos Terminator Squad|4|1||Reaper autocannon|devastating wounds, sustained hits 1|36|Ranged|4|3|7|-1|1
947|Chaos Terminator Squad|5|1||Accursed weapon||Melee|Melee|4|3|5|-2|1
947|Chaos Terminator Squad|6|1||Chainfist|anti-vehicle 3+|Melee|Melee|3|4|8|-2|2
947|Chaos Terminator Squad|7|1||Paired accursed weapons|twin-linked|Melee|Melee|5|3|5|-2|1
947|Chaos Terminator Squad|8|1||Power fist||Melee|Melee|3|3|8|-2|2
952|Chosen|1|1||Bolt pistol|pistol|12|Ranged|1|3|4|0|1
952|Chosen|2|1||Boltgun||24|Ranged|2|3|4|0|1
952|Chosen|3|1||Combi-weapon|anti-infantry 4+, devastating wounds, rapid fire 1|24|Ranged|1|4|4|0|1
952|Chosen|4|1||Plasma pistol – standard|pistol|12|Ranged|1|3|7|-2|1
952|Chosen|5|2||Plasma pistol – supercharge|hazardous, pistol|12|Ranged|1|3|8|-3|2
952|Chosen|6|1||Accursed weapon||Melee|Melee|4|3|5|-2|1
952|Chosen|7|1||Paired accursed weapons|twin-linked|Melee|Melee|5|3|5|-2|1
952|Chosen|8|1||Power fist||Melee|Melee|4|3|8|-2|2
953|Possessed|1|1||Hideous mutations||Melee|Melee|4|3|5|-1|2
954|Helbrute|1|1||Combi-bolter|rapid fire 2|24|Ranged|2|3|4|0|1
954|Helbrute|2|1||Heavy flamer|ignores cover, torrent|12|Ranged|D6|N/A|5|-1|1
954|Helbrute|3|1||Helbrute plasma cannon|blast, hazardous|36|Ranged|D3|3|8|-3|3
954|Helbrute|4|1||Missile launcher – frag|blast|48|Ranged|D6|3|4|0|1
954|Helbrute|5|2||Missile launcher – krak||48|Ranged|1|3|9|-2|D6
954|Helbrute|6|1||Multi-melta|melta 2|18|Ranged|2|3|9|-4|D6
954|Helbrute|7|1||Twin autocannon|twin-linked|48|Ranged|2|3|9|-1|3
954|Helbrute|8|1||Twin heavy bolter|sustained hits 1, twin-linked|36|Ranged|3|3|5|-1|2
954|Helbrute|9|1||Twin lascannon|twin-linked|48|Ranged|1|3|12|-3|D6+1
954|Helbrute|10|1||Close combat weapon||Melee|Melee|5|3|6|0|1
954|Helbrute|11|1||Helbrute fist||Melee|Melee|5|3|12|-2|3
954|Helbrute|12|1||Helbrute hammer||Melee|Melee|5|4|14|-3|D6+1
954|Helbrute|13|1||Power scourge||Melee|Melee|8|3|7|-1|2
956|Chaos Rhino|1|1||Combi-bolter|rapid fire 2|24|Ranged|2|3|4|0|1
956|Chaos Rhino|2|1||Combi-weapon|anti-infantry 4+, devastating wounds, rapid fire 1|24|Ranged|1|4|4|0|1
956|Chaos Rhino|3|1||Havoc launcher|blast|48|Ranged|D6|3|5|0|1
956|Chaos Rhino|4|1||Armoured tracks||Melee|Melee|3|4|6|0|1
957|Chaos Bikers|1|1||Bolt pistol|pistol|12|Ranged|1|3|4|0|1
957|Chaos Bikers|2|1||Combi-bolter|rapid fire 2|24|Ranged|2|3|4|0|1
957|Chaos Bikers|3|1||Combi-weapon|anti-infantry 4+, devastating wounds, rapid fire 1|24|Ranged|1|4|4|0|1
957|Chaos Bikers|4|1||Flamer|ignores cover, torrent|12|Ranged|D6|N/A|4|0|1
957|Chaos Bikers|5|1||Meltagun|melta 2|12|Ranged|1|3|9|-4|D6
957|Chaos Bikers|6|1||Plasma gun – standard|rapid fire 1|24|Ranged|1|3|7|-2|1
957|Chaos Bikers|7|2||Plasma gun – supercharge|hazardous, rapid fire 1|24|Ranged|1|3|8|-3|2
957|Chaos Bikers|8|1||Plasma pistol – standard|pistol|12|Ranged|1|3|7|-2|1
957|Chaos Bikers|9|2||Plasma pistol – supercharge|hazardous, pistol|12|Ranged|1|3|8|-3|2
957|Chaos Bikers|10|1||Close combat weapon||Melee|Melee|3|3|4|0|1
957|Chaos Bikers|11|1||Accursed weapon||Melee|Melee|4|3|5|-2|1
957|Chaos Bikers|12|1||Astartes chainsword||Melee|Melee|4|3|4|-1|1
957|Chaos Bikers|13|1||Power fist||Melee|Melee|3|3|8|-2|2
958|Raptors|1|1||Bolt pistol|pistol|12|Ranged|1|3|4|0|1
958|Raptors|2|1||Flamer|ignores cover, torrent|12|Ranged|D6|N/A|4|0|1
958|Raptors|3|1||Meltagun|melta 2|12|Ranged|1|3|9|-4|D6
958|Raptors|4|1||Plasma pistol – standard|pistol|12|Ranged|1|3|7|-2|1
958|Raptors|5|2||Plasma pistol – supercharge|hazardous, pistol|12|Ranged|1|3|8|-3|2
958|Raptors|6|1||Plasma gun – standard|rapid fire 1|24|Ranged|1|3|7|-2|1
958|Raptors|7|2||Plasma gun – supercharge|hazardous, rapid fire 1|24|Ranged|1|3|8|-3|2
958|Raptors|8|1||Accursed weapon||Melee|Melee|4|3|5|-2|1
958|Raptors|9|1||Astartes chainsword||Melee|Melee|4|3|4|-1|1
958|Raptors|10|1||Close combat weapon||Melee|Melee|3|3|4|0|1
958|Raptors|11|1||Heavy melee weapon||Melee|Melee|3|3|8|-2|2
958|Raptors|12|1||Mutations||Melee|Melee|4|3|5|-2|1
959|Warp Talons|1|1||Warp claws|twin-linked|Melee|Melee|4|3|5|-2|1
960|Chaos Spawn|1|1||Hideous mutations||Melee|Melee|D6+2|4|5|-1|2
961|Heldrake|1|1||Baleflamer|ignores cover, torrent|12|Ranged|D6+3|N/A|6|-1|2
961|Heldrake|2|1||Hades autocannon||36|Ranged|6|3|8|-1|2
961|Heldrake|3|1||Heldrake claws|anti-fly 2+, devastating wounds|Melee|Melee|5|3|7|-1|2
962|Chaos Land Raider|1|1||Combi-bolter|rapid fire 2|24|Ranged|2|3|4|0|1
962|Chaos Land Raider|2|1||Combi-weapon|anti-infantry 4+, devastating wounds, rapid fire 1|24|Ranged|1|4|4|0|1
962|Chaos Land Raider|3|1||Havoc launcher|blast|48|Ranged|D6|3|5|0|1
962|Chaos Land Raider|4|1||Soulshatter lascannon||48|Ranged|2|3|12|-3|D6+1
962|Chaos Land Raider|5|1||Twin heavy bolter|sustained hits 1, twin-linked|36|Ranged|3|3|5|-1|2
962|Chaos Land Raider|6|1||Armoured tracks||Melee|Melee|6|4|8|0|1
963|Chaos Predator Destructor|1|1||Combi-bolter|rapid fire 2|24|Ranged|2|3|4|0|1
963|Chaos Predator Destructor|2|1||Combi-weapon|anti-infantry 4+, devastating wounds, rapid fire 1|24|Ranged|1|4|4|0|1
963|Chaos Predator Destructor|3|1||Havoc launcher|blast|48|Ranged|D6|3|5|0|1
963|Chaos Predator Destructor|4|1||Heavy bolter|sustained hits 1|36|Ranged|3|3|5|-1|2
963|Chaos Predator Destructor|5|1||Lascannon||48|Ranged|1|3|12|-3|D6+1
963|Chaos Predator Destructor|6|1||Predator autocannon|rapid fire 2|48|Ranged|4|3|9|-1|3
963|Chaos Predator Destructor|7|1||Armoured tracks||Melee|Melee|3|4|6|0|1
964|Chaos Vindicator|1|1||Combi-bolter|rapid fire 2|24|Ranged|2|3|4|0|1
964|Chaos Vindicator|2|1||Combi-weapon|anti-infantry 4+, devastating wounds, rapid fire 1|24|Ranged|1|4|4|0|1
964|Chaos Vindicator|3|1||Demolisher cannon|blast|24|Ranged|D6+3|3|14|-3|D6
964|Chaos Vindicator|4|1||Havoc launcher|blast|48|Ranged|D6|3|5|0|1
964|Chaos Vindicator|5|1||Armoured tracks||Melee|Melee|3|4|6|0|1
965|Obliterators|1|1||Fleshmetal guns – focused malice|melta 2|18|Ranged|D3|3|12|-3|4
965|Obliterators|2|2||Fleshmetal guns – ruinous salvo|blast|24|Ranged|D6|3|8|-2|2
965|Obliterators|3|3||Fleshmetal guns – warp hail|sustained hits 1|24|Ranged|D6+3|3|5|-1|1
965|Obliterators|4|1||Crushing fists||Melee|Melee|4|3|9|-2|2
966|Havocs|1|1||Boltgun||24|Ranged|2|3|4|0|1
966|Havocs|2|1||Flamer|ignores cover, torrent|12|Ranged|D6|N/A|4|0|1
966|Havocs|3|1||Havoc autocannon||48|Ranged|2|3|9|-1|3
966|Havocs|4|1||Havoc heavy bolter|sustained hits 1|36|Ranged|3|3|5|-1|2
966|Havocs|5|1||Havoc lascannon||48|Ranged|1|3|12|-3|D6+1
966|Havocs|6|1||Havoc missile launcher – frag|blast|48|Ranged|D6|3|4|0|1
966|Havocs|7|2||Havoc missile launcher – krak||48|Ranged|1|3|9|-2|D6
966|Havocs|8|1||Havoc reaper chaincannon||24|Ranged|8|3|5|0|1
966|Havocs|9|1||Meltagun|MELTA 2|12|Ranged|1|3|9|-4|D6
966|Havocs|10|1||Plasma gun – standard|RAPID FIRE 1|24|Ranged|1|3|7|-2|1
966|Havocs|11|2||Plasma gun – supercharge|HAZARDOUS, RAPID FIRE 1|24|Ranged|1|3|8|-3|2
966|Havocs|12|1||Plasma pistol – standard |PISTOL|12|Ranged|1|3|7|-2|1
966|Havocs|13|2||Plasma pistol – supercharge|HAZARDOUS, PISTOL|12|Ranged|1|3|8|-3|2
966|Havocs|14|1||Accursed weapon||Melee|Melee|4|3|5|-2|1
966|Havocs|15|1||Astartes chainsword||Melee|Melee|5|3|4|-1|1
966|Havocs|16|1||Close combat weapon||Melee|Melee|3|3|4|0|1
966|Havocs|17|1||Power fist||Melee|Melee|3|3|8|-2|2
967|Forgefiend|1|1||Ectoplasma cannon|blast|36|Ranged|D3|3|10|-3|3
967|Forgefiend|2|1||Hades autocannon||36|Ranged|6|3|8|-1|2
967|Forgefiend|3|1||Armoured limbs||Melee|Melee|2|3|6|0|2
967|Forgefiend|4|1||Forgefiend jaws||Melee|Melee|5|3|7|0|2
968|Maulerfiend|1|1||Magma cutters|melta 2|6|Ranged|2|3|9|-4|D6
968|Maulerfiend|2|1||Lasher tendrils|extra attacks|Melee|Melee|6|3|7|-1|1
968|Maulerfiend|3|1||Maulerfiend fists||Melee|Melee|6|3|14|-2|D6+1
969|Defiler|1|1||Hades battle cannon|blast|48|Ranged|D6+3|3|10|-1|3
969|Defiler|2|1||Ectoplasma destructor|blast|36|Ranged|D6|3|12|-3|3
969|Defiler|3|1||Excruciator cannon||36|Ranged|6|3|6|-1|2
969|Defiler|4|1||Magma cutters|melta 2|12|Ranged|2|3|9|-4|D6
969|Defiler|5|1||Heavy baleflamer|ignores cover, torrent|12|Ranged|D6+3|N/A|7|-2|2
969|Defiler|6|1||Hades lascannon||48|Ranged|2|3|12|-3|D6+1
969|Defiler|7|1||Heavy reaper autocannon|devastating wounds, sustained hits 1|48|Ranged|4|3|9|-1|3
969|Defiler|8|1||Heavy missile launcher – krak||48|Ranged|2|3|10|-2|D6+1
969|Defiler|9|2||Heavy missile launcher – frag|blast|48|Ranged|2D6|3|5|-1|1
969|Defiler|10|1||Shearing claws – strike||Melee|Melee|5|3|16|-3|D6+1
969|Defiler|11|2||Shearing claws – sweep||Melee|Melee|10|3|6|-2|1
969|Defiler|12|1||Electroscourge|extra attacks, sustained hits 2|Melee|Melee|5|3|12|-2|2
970|Khorne Lord Of Skulls|1|1||Daemongore cannon|blast|18|Ranged|D6|3|14|-4|D6+2
970|Khorne Lord Of Skulls|2|1||Gorestorm cannon|blast|24|Ranged|D6+3|3|10|-2|3
970|Khorne Lord Of Skulls|3|1||Hades gatling cannon|sustained hits 1|48|Ranged|12|3|8|-2|2
970|Khorne Lord Of Skulls|4|1||Ichor cannon|blast|48|Ranged|2D6|3|7|-2|2
970|Khorne Lord Of Skulls|5|1||Skullhurler||60|Ranged|2D6|3|14|-3|3
970|Khorne Lord Of Skulls|6|1||Great cleaver of Khorne – strike||Melee|Melee|5|3|16|-4|8
970|Khorne Lord Of Skulls|7|2||Great cleaver of Khorne – sweep||Melee|Melee|15|3|8|-2|2
1016|Sorcerer|1|1||Inferno bolt pistol|pistol|12|Ranged|1|3|4|-1|1
1016|Sorcerer|2|1||Pandaemonic Delusion|psychic, sustained hits 3|24|Ranged|6|3|5|-1|1
1016|Sorcerer|3|1||Force weapon|psychic|Melee|Melee|4|3|6|-1|D3
1016|Sorcerer|4|1||Prosperine khopesh||Melee|Melee|3|3|5|-2|2
1017|Sorcerer In Terminator Armour|1|1||Gaze of Hate|anti-monster 4+, anti-vehicle 4+, devastating wounds, psychic|18|Ranged|3|3|4|-3|2
1017|Sorcerer In Terminator Armour|2|1||Inferno combi-bolter|rapid fire 2|24|Ranged|2|3|4|-2|1
1017|Sorcerer In Terminator Armour|3|1||Inferno combi-weapon|anti-infantry 4+, devastating wounds, rapid fire 1|24|Ranged|1|4|4|-2|1
1017|Sorcerer In Terminator Armour|4|1||Force weapon|psychic|Melee|Melee|5|3|6|-1|D3
1020|Rubric Marine|1|1||Inferno bolt pistol|pistol|12|Ranged|1|3|4|-1|1
1020|Rubric Marine|2|1||Inferno boltgun||24|Ranged|2|3|4|-2|1
1020|Rubric Marine|3|1||Malefic Curse|anti-infantry 4+, devastating wounds, psychic|24|Ranged|3|3|4|-3|1
1020|Rubric Marine|4|1||Soulreaper cannon|devastating wounds|24|Ranged|6|3|6|-2|1
1020|Rubric Marine|5|1||Warpflame pistol|ignores cover, pistol, torrent|12|Ranged|D6|N/A|3|-1|1
1020|Rubric Marine|6|1||Warpflamer|ignores cover, torrent|12|Ranged|D6|N/A|4|-1|1
1020|Rubric Marine|7|1||Close combat weapon||Melee|Melee|2|3|4|0|1
1020|Rubric Marine|8|1||Force weapon|psychic|Melee|Melee|3|3|6|-1|D3
1021|Helbrute|1|1||Heavy flamer|ignores cover, torrent|12|Ranged|D6|N/A|5|-2|1
1021|Helbrute|2|1||Helbrute plasma cannon|blast, hazardous|36|Ranged|D3|3|8|-3|3
1021|Helbrute|3|1||Inferno combi-bolter|rapid fire 2|24|Ranged|2|3|4|-2|1
1021|Helbrute|4|1||Missile launcher – frag|blast|48|Ranged|D6|3|4|0|1
1021|Helbrute|5|2||Missile launcher – krak||48|Ranged|1|3|9|-2|D6
1021|Helbrute|6|1||Multi-melta|melta 2|18|Ranged|2|3|9|-4|D6
1021|Helbrute|7|1||Twin autocannon|twin-linked|48|Ranged|2|3|9|-2|3
1021|Helbrute|8|1||Twin inferno heavy bolter|sustained hits 1, twin-linked|36|Ranged|3|3|5|-2|2
1021|Helbrute|9|1||Twin lascannon|twin-linked|48|Ranged|1|3|12|-3|D6+1
1021|Helbrute|10|1||Close combat weapon||Melee|Melee|5|3|6|0|1
1021|Helbrute|11|1||Helbrute fist||Melee|Melee|5|3|12|-2|3
1021|Helbrute|12|1||Helbrute hammer||Melee|Melee|5|4|14|-3|D6+1
1021|Helbrute|13|1||Power scourge||Melee|Melee|8|3|7|-1|2
1022|Chaos Rhino|1|1||Havoc launcher|blast|48|Ranged|D6|3|5|0|1
1022|Chaos Rhino|2|1||Inferno combi-bolter|rapid fire 2|24|Ranged|2|3|4|-2|1
1022|Chaos Rhino|3|1||Inferno combi-weapon|anti-infantry 4+, devastating wounds, rapid fire 1|24|Ranged|1|4|4|-2|1
1022|Chaos Rhino|4|1||Armoured tracks||Melee|Melee|3|4|6|0|1
1023|Chaos Spawn|1|1||Hideous mutations||Melee|Melee|D6+2|4|5|-1|2
1024|Heldrake|1|1||Baleflamer|ignores cover, torrent|12|Ranged|D6+3|N/A|6|-2|2
1024|Heldrake|2|1||Hades autocannon||36|Ranged|6|3|8|-2|2
1024|Heldrake|3|1||Heldrake claws|anti-fly 2+, devastating wounds|Melee|Melee|5|3|7|-1|2
1025|Chaos Land Raider|1|1||Havoc launcher|blast|48|Ranged|D6|3|5|0|1
1025|Chaos Land Raider|2|1||Inferno combi-bolter|rapid fire 2|24|Ranged|2|3|4|-2|1
1025|Chaos Land Raider|3|1||Inferno combi-weapon|anti-infantry 4+, devastating wounds, rapid fire 1|24|Ranged|1|4|4|-2|1
1025|Chaos Land Raider|4|1||Soulshatter lascannon||48|Ranged|2|3|12|-3|D6+1
1025|Chaos Land Raider|5|1||Twin inferno heavy bolter|sustained hits 1, twin-linked|36|Ranged|3|3|5|-2|2
1025|Chaos Land Raider|6|1||Armoured tracks||Melee|Melee|6|4|8|0|1
1026|Chaos Predator Destructor|1|1||Havoc launcher|blast|48|Ranged|D6|3|5|0|1
1026|Chaos Predator Destructor|2|1||Inferno combi-bolter|rapid fire 2|24|Ranged|2|3|4|-2|1
1026|Chaos Predator Destructor|3|1||Inferno combi-weapon|anti-infantry 4+, devastating wounds, rapid fire 1|24|Ranged|1|4|4|-2|1
1026|Chaos Predator Destructor|4|1||Inferno heavy bolter|sustained hits 1|36|Ranged|3|3|5|-2|2
1026|Chaos Predator Destructor|5|1||Lascannon||48|Ranged|1|3|12|-3|D6+1
1026|Chaos Predator Destructor|6|1||Predator autocannon|rapid fire 2|48|Ranged|4|3|9|-1|3
1026|Chaos Predator Destructor|7|1||Armoured tracks||Melee|Melee|3|4|6|0|1
1027|Chaos Vindicator|1|1||Demolisher cannon|blast|24|Ranged|D6+3|3|14|-3|D6
1027|Chaos Vindicator|2|1||Havoc launcher|blast|48|Ranged|D6|3|5|0|1
1027|Chaos Vindicator|3|1||Inferno combi-bolter|rapid fire 2|24|Ranged|2|3|4|-2|1
1027|Chaos Vindicator|4|1||Inferno combi-weapon|anti-infantry 4+, devastating wounds, rapid fire 1|24|Ranged|1|4|4|-2|1
1027|Chaos Vindicator|5|1||Armoured tracks||Melee|Melee|3|4|6|0|1
1028|Forgefiend|1|1||Ectoplasma cannon|blast|36|Ranged|D3|3|10|-3|3
1028|Forgefiend|2|1||Hades autocannon||36|Ranged|6|3|8|-2|2
1028|Forgefiend|3|1||Forgefiend claws||Melee|Melee|3|3|6|0|1
1028|Forgefiend|4|1||Forgefiend jaws||Melee|Melee|5|3|7|0|2
1029|Maulerfiend|1|1||Magma cutter|melta 2|6|Ranged|2|3|9|-4|D6
1029|Maulerfiend|2|1||Lasher tendrils|extra attacks|Melee|Melee|6|3|7|-1|1
1029|Maulerfiend|3|1||Maulerfiend fists||Melee|Melee|6|3|14|-2|D6+1
1030|Defiler|1|1||Ectoplasma destructor|blast|36|Ranged|D6|3|12|-3|3
1030|Defiler|2|1||Excruciator cannon||36|Ranged|6|3|6|-2|2
1030|Defiler|3|1||Hades battle cannon|blast|48|Ranged|D6+3|3|10|-1|3
1030|Defiler|4|1||Hades lascannon||48|Ranged|2|3|12|-3|D6+1
1030|Defiler|5|1||Heavy baleflamer|ignores cover, torrent|12|Ranged|D6+3|N/A|7|-2|2
1030|Defiler|6|1||Heavy missile launcher – krak||48|Ranged|2|3|10|-2|D6+1
1030|Defiler|7|2||Heavy missile launcher – frag|blast|48|Ranged|2D6|3|5|-1|1
1030|Defiler|8|1||Heavy reaper autocannon|devastating wounds, sustained hits 1|48|Ranged|4|3|9|-2|3
1030|Defiler|9|1||Pyraflux magma cutters|melta 2|12|Ranged|2|3|10|-4|D6
1030|Defiler|10|1||Electroscourge|extra attacks, sustained hits 2|Melee|Melee|5|3|12|-2|2
1030|Defiler|11|1||Shearing claws – strike||Melee|Melee|5|3|16|-3|D6+1
1030|Defiler|12|2||Shearing claws – sweep||Melee|Melee|10|3|6|-2|1
1031|Magnus The Red|1|1||Gaze of Magnus|devastating wounds, psychic|24|Ranged|3D3|2|11|-2|3
1031|Magnus The Red|2|1||Tzeentch’s Firestorm|blast, ignores cover, psychic|24|Ranged|D6+3|2|6|-1|2
1031|Magnus The Red|3|1||Blade of Magnus – strike|devastating wounds, psychic|Melee|Melee|7|2|16|-3|3
1031|Magnus The Red|4|2||Blade of Magnus – sweep|psychic|Melee|Melee|14|2|8|-1|2
1032|Ahriman|1|1||Inferno bolt pistol|pistol|12|Ranged|1|2|4|-1|1
1032|Ahriman|2|1||Transmogrifying Blast|blast, psychic|18|Ranged|D6+1|2|6|-1|D3
1032|Ahriman|3|1||Black Staff of Ahriman|psychic|Melee|Melee|5|2|7|-1|3
1033|Exalted Sorcerer|1|1||Astral Blast|blast, devastating wounds, psychic|18|Ranged|D6|2|6|-2|D3
1033|Exalted Sorcerer|2|1||Inferno bolt pistol|pistol|12|Ranged|1|2|4|-1|1
1033|Exalted Sorcerer|3|1||Force weapon|psychic|Melee|Melee|5|2|6|-1|D3
1033|Exalted Sorcerer|4|1||Prosperine khopesh||Melee|Melee|4|2|5|-2|2
1034|Tzaangors|1|1||Autopistol|pistol|12|Ranged|1|4|3|0|1
1034|Tzaangors|2|1||Chainsword||Melee|Melee|3|4|4|0|1
1034|Tzaangors|3|1||Tzaangor blades||Melee|Melee|2|4|5|0|1
1035|Scarab Occult Terminator|1|1||Heavy warpflamer|ignores cover, torrent|12|Ranged|D6|N/A|5|-2|1
1035|Scarab Occult Terminator|2|1||Hellfyre missile rack||36|Ranged|2|3|10|-2|3
1035|Scarab Occult Terminator|3|1||Inferno combi-bolter|rapid fire 2|24|Ranged|2|3|4|-2|1
1035|Scarab Occult Terminator|4|1||Malefic Curse|anti-infantry 4+, devastating wounds, psychic|24|Ranged|3|3|4|-3|1
1035|Scarab Occult Terminator|5|1||Soulreaper cannon|devastating wounds|24|Ranged|6|3|6|-2|1
1035|Scarab Occult Terminator|6|1||Force weapon|psychic|Melee|Melee|4|3|6|-1|D3
1035|Scarab Occult Terminator|7|1||Prosperine khopesh||Melee|Melee|3|3|5|-2|2
1036|Daemon Prince of Tzeentch|1|1||Dark Blessing|ignores cover, psychic, sustained hits 1|24|Ranged|9|2|4|-1|1
1036|Daemon Prince of Tzeentch|2|1||Infernal cannon||24|Ranged|3|2|5|-2|2
1036|Daemon Prince of Tzeentch|3|1||Hellforged weapons – strike|devastating wounds, psychic|Melee|Melee|6|2|8|-2|3
1036|Daemon Prince of Tzeentch|4|2||Hellforged weapons – sweep|devastating wounds, psychic|Melee|Melee|12|2|6|-1|1
1037|Death Guard Chaos Lord|1|1||Combi-weapon|anti-infantry 4+, devastating wounds, rapid fire 1|24|Ranged|1|2|4|0|1
1037|Death Guard Chaos Lord|2|1||Plague bolt pistol|lethal hits, pistol|12|Ranged|1|2|4|0|1
1037|Death Guard Chaos Lord|3|1||Plague combi-bolter|lethal hits, rapid fire 2|24|Ranged|2|2|4|0|1
1037|Death Guard Chaos Lord|4|1||Plasma pistol – standard|pistol|12|Ranged|1|2|7|-2|1
1037|Death Guard Chaos Lord|5|2||Plasma pistol – supercharge|hazardous, pistol|12|Ranged|1|2|8|-3|2
1037|Death Guard Chaos Lord|6|1||Astartes chainsword||Melee|Melee|7|2|4|-1|1
1037|Death Guard Chaos Lord|7|1||Plague fist|lethal hits|Melee|Melee|5|3|8|-2|2
1037|Death Guard Chaos Lord|8|1||Plague-encrusted exalted weapon|lethal hits|Melee|Melee|6|2|5|-2|1
1037|Death Guard Chaos Lord|9|1||Twin lightning claws|twin-linked|Melee|Melee|7|2|5|-2|1
1038|Death Guard Chaos Lord In Terminator Armour|1|1||Combi-weapon|anti-infantry 4+, devastating wounds, rapid fire 1|24|Ranged|1|3|4|0|1
1038|Death Guard Chaos Lord In Terminator Armour|2|1||Plague combi-bolter|lethal hits, rapid fire 2|24|Ranged|2|2|4|0|1
1038|Death Guard Chaos Lord In Terminator Armour|3|1||Chainfist|anti-vehicle 3+|Melee|Melee|5|3|8|-2|2
1038|Death Guard Chaos Lord In Terminator Armour|4|1||Plague fist|lethal hits|Melee|Melee|5|2|8|-2|2
1038|Death Guard Chaos Lord In Terminator Armour|5|1||Plague-encrusted exalted weapon|lethal hits|Melee|Melee|6|2|5|-2|1
1038|Death Guard Chaos Lord In Terminator Armour|6|1||Twin lightning claws|twin-linked|Melee|Melee|7|2|5|-2|1
1041|Death Guard Sorcerer In Terminator Armour|1|1||Combi-weapon|anti-infantry 4+, devastating wounds, rapid fire 1|24|Ranged|1|4|4|0|1
1041|Death Guard Sorcerer In Terminator Armour|2|1||Curse of the Leper – witchfire|psychic|24|Ranged|D6|3|6|-1|1
1041|Death Guard Sorcerer In Terminator Armour|3|2||Curse of the Leper – focused witchfire|hazardous, psychic|24|Ranged|2D6|3|6|-2|1
1041|Death Guard Sorcerer In Terminator Armour|4|1||Plague combi-bolter|lethal hits, rapid fire 2|24|Ranged|2|3|4|0|1
1041|Death Guard Sorcerer In Terminator Armour|5|1||Chainfist|anti-vehicle 3+|Melee|Melee|3|4|8|-2|2
1041|Death Guard Sorcerer In Terminator Armour|6|1||Force weapon|psychic|Melee|Melee|4|3|6|-1|D3
1041|Death Guard Sorcerer In Terminator Armour|7|1||Plague fist|lethal hits|Melee|Melee|3|3|8|-2|2
1041|Death Guard Sorcerer In Terminator Armour|8|1||Plague-encrusted exalted weapon|lethal hits|Melee|Melee|4|3|5|-2|1
1041|Death Guard Sorcerer In Terminator Armour|9|1||Twin lightning claws|twin-linked|Melee|Melee|5|3|5|-2|1
1043|Death Guard Cultists|1|1||Cultist firearm||24|Ranged|1|4|3|0|1
1043|Death Guard Cultists|2|1||Flamer|ignores cover, torrent|12|Ranged|D6|N/A|4|0|1
1043|Death Guard Cultists|3|1||Grenade launcher – frag|blast|24|Ranged|D3|4|4|0|1
1043|Death Guard Cultists|4|2||Grenade launcher – krak||24|Ranged|1|4|9|-2|D3
1043|Death Guard Cultists|5|1||Heavy stubber|rapid fire 3|36|Ranged|3|5|4|0|1
1043|Death Guard Cultists|6|1||Brutal assault weapon||Melee|Melee|2|4|3|0|1
1044|Plague Marines|1|1||Blight launcher|blast, lethal hits|24|Ranged|D3|3|6|-1|2
1044|Plague Marines|2|1||Boltgun|lethal hits|24|Ranged|2|3|4|0|1
1044|Plague Marines|3|1||Bolt pistol|lethal hits, pistol|12|Ranged|1|3|4|0|1
1044|Plague Marines|4|1||Meltagun|melta 2|12|Ranged|1|3|9|-4|D6
1044|Plague Marines|5|1||Plague belcher|anti-infantry 4+, ignores cover, torrent|12|Ranged|D6|N/A|4|0|1
1044|Plague Marines|6|1||Plague spewer|anti-infantry 2+, ignores cover, torrent|12|Ranged|D6|N/A|5|-1|1
1044|Plague Marines|7|1||Plasma gun – standard|rapid fire 1|24|Ranged|1|3|7|-2|1
1044|Plague Marines|8|2||Plasma gun – supercharge|hazardous, rapid fire 1|24|Ranged|1|3|8|-3|2
1044|Plague Marines|9|1||Plasma pistol – standard|pistol|12|Ranged|1|3|7|-2|1
1044|Plague Marines|10|2||Plasma pistol – supercharge|hazardous, pistol|12|Ranged|1|3|8|-3|2
1044|Plague Marines|11|1||Bubotic weapons|lethal hits|Melee|Melee|4|3|5|-2|1
1044|Plague Marines|12|1||Heavy plague weapon|lethal hits|Melee|Melee|3|4|8|-2|2
1044|Plague Marines|13|1||Plague knives|lethal hits|Melee|Melee|3|3|4|0|1
1044|Plague Marines|14|1||Power fist|lethal hits|Melee|Melee|3|3|8|-2|2
1045|Death Guard Possessed|1|1||Hideous mutations||Melee|Melee|4|3|5|-1|2
1046|Helbrute|1|1||Combi-bolter|lethal hits, rapid fire 2|24|Ranged|2|3|4|0|1
1046|Helbrute|2|1||Heavy flamer|ignores cover, torrent|12|Ranged|D6|N/A|5|-1|1
1046|Helbrute|3|1||Missile launcher – frag|blast|48|Ranged|D6|3|4|0|1
1046|Helbrute|4|2||Missile launcher – krak||48|Ranged|1|3|9|-2|D6
1046|Helbrute|5|1||Multi-melta|melta 2, lethal hits|18|Ranged|2|3|9|-4|D6
1046|Helbrute|6|1||Plasma cannon|blast, hazardous, lethal hits|36|Ranged|D3|3|8|-3|3
1046|Helbrute|7|1||Twin autocannon|twin-linked, lethal hits|48|Ranged|2|3|10|-1|3
1046|Helbrute|8|1||Twin heavy bolter|lethal hits, sustained hits 1, twin-linked|36|Ranged|3|3|5|-1|2
1046|Helbrute|9|1||Twin lascannon|twin-linked|48|Ranged|1|3|12|-3|D6+1
1046|Helbrute|10|1||Close combat weapon||Melee|Melee|5|3|6|0|1
1046|Helbrute|11|1||Helbrute fist||Melee|Melee|5|3|12|-2|3
1046|Helbrute|12|1||Helbrute hammer||Melee|Melee|4|3|14|-3|D6+1
1046|Helbrute|13|1||Power scourge||Melee|Melee|8|3|7|-1|2
1047|Chaos Rhino|1|1||Combi-bolter|lethal hits, rapid fire 2|24|Ranged|2|3|4|0|1
1047|Chaos Rhino|2|1||Combi-weapon|anti-infantry 4+, devastating wounds, rapid fire 1|24|Ranged|1|4|4|0|1
1047|Chaos Rhino|3|1||Havoc launcher|blast|48|Ranged|D6|3|5|0|1
1047|Chaos Rhino|4|1||Armoured tracks||Melee|Melee|3|4|6|0|1
1048|Chaos Spawn|1|1||Hideous mutations||Melee|Melee|D6+2|4|5|-1|2
1049|Chaos Land Raider|1|1||Combi-bolter|lethal hits, rapid fire 2|24|Ranged|2|3|4|0|1
1049|Chaos Land Raider|2|1||Combi-weapon|anti-infantry 4+, devastating wounds, rapid fire 1|24|Ranged|1|4|4|0|1
1049|Chaos Land Raider|3|1||Havoc launcher|blast|48|Ranged|D6|3|5|0|1
1049|Chaos Land Raider|4|1||Soulshatter lascannon||48|Ranged|2|3|12|-3|D6+1
1049|Chaos Land Raider|5|1||Twin heavy bolter|lethal hits, sustained hits 1, twin-linked|36|Ranged|3|3|5|-1|2
1049|Chaos Land Raider|6|1||Armoured tracks||Melee|Melee|6|4|8|0|1
1050|Chaos Predator Annihilator|1|1||Combi-bolter|lethal hits, rapid fire 2|24|Ranged|2|3|4|0|1
1050|Chaos Predator Annihilator|2|1||Combi-weapon|anti-infantry 4+, devastating wounds, rapid fire 1|24|Ranged|1|4|4|0|1
1050|Chaos Predator Annihilator|3|1||Heavy bolter|lethal hits, sustained hits 1|36|Ranged|3|3|5|-1|2
1050|Chaos Predator Annihilator|4|1||Havoc launcher|blast|48|Ranged|D6|3|5|0|1
1050|Chaos Predator Annihilator|5|1||Lascannon||48|Ranged|1|3|12|-3|D6+1
1050|Chaos Predator Annihilator|6|1||Predator twin lascannon|twin-linked|48|Ranged|1|3|14|-3|D6+1
1050|Chaos Predator Annihilator|7|1||Armoured tracks||Melee|Melee|3|4|6|0|1
1052|Daemon Prince of Nurgle|1|1||Infernal cannon|lethal hits|24|Ranged|3|2|5|-1|2
1052|Daemon Prince of Nurgle|2|1||Hellforged weapons – strike|lethal hits|Melee|Melee|7|2|8|-2|3
1052|Daemon Prince of Nurgle|3|2||Hellforged weapons – sweep|lethal hits|Melee|Melee|14|2|6|-1|1
1053|Typhus|1|1||Lakrimae – strike|lethal hits|Melee|Melee|6|2|9|-2|3
1053|Typhus|2|2||Lakrimae – sweep|lethal hits|Melee|Melee|12|2|6|-1|1
1054|Lord of Contagion|1|1||Manreaper – strike|lethal hits|Melee|Melee|5|2|9|-2|3
1054|Lord of Contagion|2|2||Manreaper – sweep|lethal hits|Melee|Melee|10|2|6|-1|1
1055|Malignant Plaguecaster|1|1||Bolt pistol|lethal hits, pistol|12|Ranged|1|3|4|0|1
1055|Malignant Plaguecaster|2|1||Plague Wind – witchfire|psychic, torrent|12|Ranged|D6|N/A|4|-1|D3
1055|Malignant Plaguecaster|3|2||Plague Wind – focused witchfire|hazardous, psychic, torrent|12|Ranged|D6+3|N/A|6|-2|D3
1055|Malignant Plaguecaster|4|1||Corrupted staff|lethal hits, psychic|Melee|Melee|4|3|6|-1|D3
1056|Poxwalkers|1|1||Improvised weapon|lethal hits|Melee|Melee|2|5|3|0|1
1057|Foetid Bloat-drone|1|1||Plaguespitter|anti-infantry 2+, ignores cover, torrent|12|Ranged|D6|N/A|6|-1|1
1057|Foetid Bloat-drone|2|1||Fleshmower|lethal hits|Melee|Melee|10|3|7|-1|2
1057|Foetid Bloat-drone|3|1||Plague probe|lethal hits|Melee|Melee|3|3|6|-1|1
1058|Noxious Blightbringer|1|1||Plasma pistol – standard|pistol|12|Ranged|1|3|7|-2|1
1058|Noxious Blightbringer|2|2||Plasma pistol – supercharge|pistol, hazardous|12|Ranged|1|3|8|-3|2
1058|Noxious Blightbringer|3|1||Cursed plague bell|anti-psyker 2+, lethal hits|Melee|Melee|5|3|4|0|2
1094|Chaos Cerastus Knight Acheron|1|1||Acheron flame cannon|ignores cover, torrent|18|Ranged|2D6|N/A|8|-1|2
1094|Chaos Cerastus Knight Acheron|2|1||Twin heavy bolter|sustained hits 1, twin-linked|36|Ranged|3|3|5|-1|2
1094|Chaos Cerastus Knight Acheron|3|1||Reaper chainfist – strike||Melee|Melee|4|3|14|-4|6
1094|Chaos Cerastus Knight Acheron|4|2||Reaper chainfist – sweep||Melee|Melee|12|3|9|-3|2
1095|Chaos Cerastus Knight Lancer|1|1||Cerastus shock lance|assault, sustained hits 2|12|Ranged|6|3|6|0|2
1095|Chaos Cerastus Knight Lancer|2|2||Cerastus shock lance – strike|lance|Melee|Melee|5|2|20|-3|8
1095|Chaos Cerastus Knight Lancer|3|3||Cerastus shock lance – sweep||Melee|Melee|10|2|10|-2|3
1096|Chaos Cerastus Knight Castigator|1|1||Castigator bolt cannon|twin-linked|36|Ranged|18|3|6|-2|2
1096|Chaos Cerastus Knight Castigator|2|1||Tempest warblade – strike||Melee|Melee|4|3|14|-4|6
1096|Chaos Cerastus Knight Castigator|3|2||Tempest warblade – sweep||Melee|Melee|12|3|9|-3|2
1097|Chaos Cerastus Knight Atrapos|1|1||Atrapos lascutter – low intensity|sustained hits 1|36|Ranged|2D6|3|7|-1|2
1097|Chaos Cerastus Knight Atrapos|2|2||Atrapos lascutter – high intensity|sustained hits 1|24|Ranged|D6|3|14|-3|4
1097|Chaos Cerastus Knight Atrapos|3|1||Graviton singularity cannon – contained|blast|24|Ranged|D3|3|16|-4|D6+1
1097|Chaos Cerastus Knight Atrapos|4|2||Graviton singularity cannon – singularity|blast, devastating wounds, hazardous|24|Ranged|D3|3|16|-4|D6+1
1097|Chaos Cerastus Knight Atrapos|5|1||Atrapos lascutter – low intensity|sustained hits 1|Melee|Melee|12|3|7|-1|2
1097|Chaos Cerastus Knight Atrapos|6|2||Atrapos lascutter – high intensity|sustained hits 1|Melee|Melee|6|3|14|-3|4
1098|Chaos Questoris Knight Magaera|1|1||Lightning cannon|sustained hits 2|48|Ranged|12|3|9|0|2
1098|Chaos Questoris Knight Magaera|2|1||Phased plasma-fusil|rapid fire 2|24|Ranged|2|3|8|-3|2
1098|Chaos Questoris Knight Magaera|3|1||Twin rad cleanser|anti-infantry 2+, ignores cover, torrent, twin-linked|12|Ranged|D6|N/A|2|0|1
1098|Chaos Questoris Knight Magaera|4|1||Hekaton siege claw – strike||Melee|Melee|4|3|20|-3|8
1098|Chaos Questoris Knight Magaera|5|2||Hekaton siege claw – sweep||Melee|Melee|8|3|10|-2|3
1098|Chaos Questoris Knight Magaera|6|1||Reaper chainsword – strike||Melee|Melee|4|3|14|-4|6
1098|Chaos Questoris Knight Magaera|7|2||Reaper chainsword – sweep||Melee|Melee|12|3|9|-3|2
1099|Chaos Acastus Knight Porphyrion|1|1||Acastus Autocannon||48|Ranged|2|3|9|-1|3
1099|Chaos Acastus Knight Porphyrion|2|1||Acastus ironstorm missile pod|blast, heavy, indirect fire|48|Ranged|D6+6|3|5|0|1
1099|Chaos Acastus Knight Porphyrion|3|1||Helios defence missiles|anti-fly 2+, heavy|48|Ranged|3|3|10|-2|D6
1099|Chaos Acastus Knight Porphyrion|4|1||Lascannon||48|Ranged|1|3|12|-3|D6+1
1099|Chaos Acastus Knight Porphyrion|5|1||Twin magna lascannon|blast, twin-linked|72|Ranged|D6|3|18|-4|D6+6
1099|Chaos Acastus Knight Porphyrion|6|1||Titanic feet||Melee|Melee|6|4|10|-1|2
1100|Chaos Questoris Knight Styrix|1|1||Graviton crusher|anti-vehicle 2+, blast|18|Ranged|3|3|6|-1|2
1100|Chaos Questoris Knight Styrix|2|1||Twin rad cleanser|anti-infantry 2+, ignores cover, torrent, twin-linked|12|Ranged|D6|N/A|2|0|1
1100|Chaos Questoris Knight Styrix|3|1||Volkite chierovile|devastating wounds|30|Ranged|12|3|12|0|3
1100|Chaos Questoris Knight Styrix|4|1||Hekaton siege claw – strike||Melee|Melee|4|3|20|-3|8
1100|Chaos Questoris Knight Styrix|5|2||Hekaton siege claw – sweep||Melee|Melee|8|3|10|-2|3
1100|Chaos Questoris Knight Styrix|6|1||Reaper chainsword – strike||Melee|Melee|4|3|14|-4|6
1100|Chaos Questoris Knight Styrix|7|2||Reaper chainsword – sweep||Melee|Melee|12|3|9|-3|2
1104|Karanak|1|1||Scalding roar|ignores cover, torrent|12|Ranged|D6+3|N/A|5|-1|1
1104|Karanak|2|1||Soul-rending fangs|anti-character 3+, precision|Melee|Melee|6|2|6|-2|2
1105|Skarbrand|1|1||Bellow of endless fury|ignores cover, torrent|12|Ranged|2D6|N/A|8|-1|1
1105|Skarbrand|2|1||Slaughter and Carnage – strike||Melee|Melee|8|2|16|-4|6
1105|Skarbrand|3|2||Slaughter and Carnage – sweep||Melee|Melee|16|2|8|-2|2
1106|Skulltaker|1|1||The Slayer Sword|devastating wounds, precision|Melee|Melee|6|2|6|-2|3
1111|Rendmaster On Blood Throne|1|1||Attendants’ hellblades|extra attacks|Melee|Melee|4|3|5|-2|2
1111|Rendmaster On Blood Throne|2|1||Blade of blood||Melee|Melee|5|2|6|-2|3
1112|Flesh Hounds|1|1||Burning roar|ignores cover, torrent|12|Ranged|D6|N/A|4|0|1
1112|Flesh Hounds|2|1||Gore-drenched fangs||Melee|Melee|3|3|5|-1|1
1114|Bloodletters|1|1||Hellblade||Melee|Melee|2|3|5|-2|2
1115|Bloodcrushers|1|1||Hellblade||Melee|Melee|2|3|5|-2|2
1115|Bloodcrushers|2|1||Juggernaut’s bladed horn|extra attacks, lance|Melee|Melee|4|4|6|-1|1
1116|Skull Cannon|1|1||Skull cannon|blast|48|Ranged|D6+2|3|9|-1|2
1116|Skull Cannon|2|1||Attendants’ hellblades|extra attacks|Melee|Melee|4|3|5|-2|2
1116|Skull Cannon|3|1||Biting maw||Melee|Melee|2|4|6|0|2
1117|Kairos Fateweaver|1|1||Infernal Gateway – witchfire|blast, indirect fire, psychic|24|Ranged|D6+3|2|9|-2|D3
1117|Kairos Fateweaver|2|2||Infernal Gateway – focused witchfire|blast, indirect fire, hazardous, psychic|24|Ranged|D3+6|2|9|-2|3
1117|Kairos Fateweaver|3|1||Staff of Tomorrow|psychic|Melee|Melee|5|3|8|-2|2D3
1118|The Changeling|1|1||Infernal Flames – witchfire|ignores cover, psychic, torrent|12|Ranged|D6|N/A|6|-1|1
1118|The Changeling|2|2||Infernal Flames – focused witchfire|ignores cover, hazardous, psychic, torrent|12|Ranged|D6+3|N/A|6|-1|D3
1118|The Changeling|3|1||The Trickster’s Staff|psychic|Melee|Melee|3|4|4|-1|D3
1119|The Blue Scribes|1|1||Sharp quills|anti-psyker 2+|Melee|Melee|4|5|2|0|1
1120|Lord of Change|1|1||Rod of sorcery|psychic|18|Ranged|6|2|8|-1|2
1120|Lord of Change|2|1||Bolt of Change – witchfire|psychic|18|Ranged|9|2|9|-1|1
1120|Lord of Change|3|2||Bolt of Change – focused witchfire|hazardous, psychic|18|Ranged|9|2|9|-2|3
1120|Lord of Change|4|1||Baleful sword|extra attacks|Melee|Melee|3|3|7|-2|3
1120|Lord of Change|5|1||Staff of Tzeentch|psychic|Melee|Melee|5|3|6|-1|3
1125|Flamers|1|1||Flickering Flames|ignores cover, psychic, torrent|12|Ranged|D6|N/A|4|-1|1
1125|Flamers|2|1||Flamer mouths||Melee|Melee|3|4|4|0|1
1126|Exalted Flamer|1|1||Fire of Tzeentch – blue fire|ignores cover, psychic|18|Ranged|3|3|9|-3|3
1126|Exalted Flamer|2|2||Fire of Tzeentch – pink fire|ignores cover, psychic, torrent|12|Ranged|2D6|N/A|5|-1|1
1126|Exalted Flamer|3|1||Flamer mouths||Melee|Melee|4|4|5|0|1
1127|Screamers|1|1||Lamprey bite|anti-monster 4+, anti-vehicle 4+|Melee|Melee|3|3|6|-2|2
1128|Burning Chariot|1|1||Fire of Tzeentch – blue fire|ignores cover, psychic|18|Ranged|3|3|9|-3|3
1128|Burning Chariot|2|2||Fire of Tzeentch – pink fire|ignores cover, psychic, torrent|12|Ranged|2D6|N/A|5|-1|1
1128|Burning Chariot|3|1||Flamer mouths||Melee|Melee|6|4|5|0|1
1128|Burning Chariot|4|1||Screamer bites|anti-monster 4+, anti-vehicle 4+, extra attacks|Melee|Melee|6|3|6|-2|2
1129|Epidemius|1|1||Balesword and Nurgling attendants|lethal hits|Melee|Melee|D6+3|3|5|-2|2
1130|Great Unclean One|1|1||Plague flail||6|Ranged|D6+1|3|7|-2|2
1130|Great Unclean One|2|1||Putrid vomit|ignores cover, torrent|12|Ranged|D6+3|N/A|5|-2|1
1130|Great Unclean One|3|1||Bileblade|extra attacks, lethal hits|Melee|Melee|3|2|6|-2|2
1130|Great Unclean One|4|1||Bilesword – strike|lethal hits|Melee|Melee|6|2|10|-2|D6+1
1130|Great Unclean One|5|2||Bilesword – sweep|lethal hits|Melee|Melee|12|2|7|-1|1
1130|Great Unclean One|6|1||Doomsday bell|lethal hits, Reverberating summons|Melee|Melee|6|2|7|-1|2
1132|Plaguebearers|1|1||Plaguesword|lethal hits|Melee|Melee|2|3|4|-1|1
1133|Nurglings|1|1||Diseased claws and teeth|lethal hits|Melee|Melee|4|5|2|0|1
1134|Beasts Of Nurgle|1|1||Putrid appendages|devastating wounds|Melee|Melee|6|4|6|-1|2
1135|Plague Drones|1|1||Death’s heads|blast, lethal hits|12|Ranged|D3|4|4|0|1
1135|Plague Drones|2|1||Foul mouthparts|extra attacks, lethal hits|Melee|Melee|2|4|5|-1|2
1135|Plague Drones|3|1||Plaguesword|lethal hits|Melee|Melee|2|3|4|-1|1
1136|The Masque Of Slaanesh|1|1||Serrated claws|devastating wounds|Melee|Melee|6|2|4|-1|2
1137|Keeper Of Secrets|1|1||Living whip|assault|12|Ranged|6|2|6|-1|2
1137|Keeper Of Secrets|2|1||Phantasmagoria – witchfire|devastating wounds, psychic|18|Ranged|6|2|6|-2|1
1137|Keeper Of Secrets|3|2||Phantasmagoria – focused witchfire|devastating wounds, hazardous, psychic|18|Ranged|9|2|6|-2|1
1137|Keeper Of Secrets|4|1||Ritual knife|extra attacks|Melee|Melee|3|2|6|-2|2
1137|Keeper Of Secrets|5|1||Snapping claws|devastating wounds, extra attacks|Melee|Melee|4|2|6|-2|3
1137|Keeper Of Secrets|6|1||Witstealer sword||Melee|Melee|6|2|8|-2|3
1138|Tranceweaver|1|1||Ravaging claws|devastating wounds|Melee|Melee|6|2|4|-1|1
1139|Herald Of Slaanesh On Steed Of Slaanesh|1|1||Lashing tongue|extra attacks, lethal hits|Melee|Melee|2|4|4|0|1
1139|Herald Of Slaanesh On Steed Of Slaanesh|2|1||Ravaging claws|devastating wounds|Melee|Melee|6|2|4|-1|1
1142|Daemonettes|1|1||Slashing claws|devastating wounds|Melee|Melee|3|3|4|-1|1
1143|Fiends|1|1||Barbed tail and dissecting claws|devastating wounds|Melee|Melee|5|3|5|-2|2
1144|Hellflayer|1|1||Lashes of torment|anti-infantry 3+, assault, pistol|12|Ranged|3|3|4|-1|2
1144|Hellflayer|2|1||Lashes of torment|anti-infantry 3+, extra attacks|Melee|Melee|3|3|4|-1|2
1144|Hellflayer|3|1||Seeker tongues|extra attacks, lethal hits|Melee|Melee|4|4|4|0|1
1144|Hellflayer|4|1||Slashing claws|devastating wounds|Melee|Melee|8|3|4|-1|1
1145|Seekers|1|1||Lashing tongue|extra attacks, lethal hits|Melee|Melee|2|4|4|0|1
1145|Seekers|2|1||Slashing claws|devastating wounds|Melee|Melee|3|3|4|-1|1
1148|Be’lakor|1|1||Betraying Shades – witchfire|devastating wounds, ignores cover, psychic|18|Ranged|9|2|5|-2|1
1148|Be’lakor|2|2||Betraying Shades – focused witchfire|devastating wounds, hazardous, ignores cover, psychic|18|Ranged|12|2|6|-3|1
1148|Be’lakor|3|1||The Blade of Shadows – strike|devastating wounds|Melee|Melee|7|2|14|-4|D6+1
1148|Be’lakor|4|2||The Blade of Shadows – sweep|sustained hits 1|Melee|Melee|14|2|8|-3|1
1149|Daemon Prince of Chaos|1|1||Infernal cannon||24|Ranged|3|2|5|-1|2
1149|Daemon Prince of Chaos|2|1||Hellforged weapons – strike||Melee|Melee|6|2|8|-2|3
1149|Daemon Prince of Chaos|3|2||Hellforged weapons – sweep||Melee|Melee|14|2|6|0|1
1150|Furies|1|1||Daemonic claws||Melee|Melee|2|4|4|0|1
1151|Soul Grinder|1|1||Harvester cannon||36|Ranged|3|3|10|-1|3
1151|Soul Grinder|2|1||Torrent of burning blood|ignores cover, torrent|12|Ranged|2D6|N/A|5|-1|1
1151|Soul Grinder|3|1||Phlegm bombardment|blast, indirect fire, lethal hits|36|Ranged|D6+1|3|7|-1|2
1151|Soul Grinder|4|1||Scream of despair|devastating wounds, sustained hits 1|24|Ranged|6|3|9|-2|2
1151|Soul Grinder|5|1||Warp gaze|blast|48|Ranged|D3|3|12|-2|D6+2
1151|Soul Grinder|6|1||Iron claw||Melee|Melee|5|3|16|-3|D6+2
1151|Soul Grinder|7|1||Warpclaw|extra attacks|Melee|Melee|6|3|8|-1|2
1151|Soul Grinder|8|1||Warpsword|extra attacks|Melee|Melee|3|3|8|-2|D6
1153|Cerberus|1|1||Cerberus neutron pulse array|twin-linked|48|Ranged|3|3|16|-4|D6+3
1153|Cerberus|2|1||Heavy bolter|sustained hits 1|36|Ranged|3|3|5|-1|2
1153|Cerberus|3|1||Heavy flamer|torrent, ignores cover|12|Ranged|D6|N/A|5|-1|1
1153|Cerberus|4|1||Lascannon||48|Ranged|1|3|12|-3|D6+1
1153|Cerberus|5|1||Multi-melta|melta 2|18|Ranged|2|3|9|-4|D6
1153|Cerberus|6|1||Storm bolter|rapid fire 2|24|Ranged|2|3|4|0|1
1153|Cerberus|7|1||Armoured tracks||Melee|Melee|6|4|8|0|1
1154|Vanguard Veteran Squad|1|1||Bolt pistol|pistol|12|Ranged|1|3|4|0|1
1154|Vanguard Veteran Squad|2|1||Grav-pistol|anti-vehicle 2+, pistol|12|Ranged|1|3|4|-1|2
1154|Vanguard Veteran Squad|3|1||Hand flamer|ignores cover, pistol, torrent|12|Ranged|D6|N/A|3|0|1
1154|Vanguard Veteran Squad|4|1||Inferno pistol|melta 2, pistol|6|Ranged|1|3|8|-4|D3
1154|Vanguard Veteran Squad|5|1||Plasma pistol – standard|pistol|12|Ranged|1|3|7|-2|1
1154|Vanguard Veteran Squad|6|2||Plasma pistol – supercharge|hazardous, pistol|12|Ranged|1|3|8|-3|2
1154|Vanguard Veteran Squad|7|1||Heirloom weapon||Melee|Melee|4|3|5|-1|1
1156|Invictor Tactical Warsuit|1|1||Fragstorm grenade launcher|blast|18|Ranged|D6|3|4|0|1
1156|Invictor Tactical Warsuit|2|1||Heavy bolter|sustained hits 1|36|Ranged|3|3|5|-1|2
1156|Invictor Tactical Warsuit|3|1||Incendium cannon|ignores cover, torrent|12|Ranged|D6+3|N/A|6|-1|1
1156|Invictor Tactical Warsuit|4|1||Twin ironhail autocannon|twin-linked|48|Ranged|3|3|9|-1|3
1156|Invictor Tactical Warsuit|5|1||Twin ironhail heavy stubber|rapid fire 3, twin-linked|36|Ranged|3|3|4|0|1
1156|Invictor Tactical Warsuit|6|1||Invictor fist||Melee|Melee|5|3|14|-2|3
1157|Intercessor Squad|1|1||Astartes grenade launcher – frag|blast|24|Ranged|D3|3|4|0|1
1157|Intercessor Squad|2|2||Astartes grenade launcher – krak||24|Ranged|1|3|9|-2|D3
1157|Intercessor Squad|3|1||Bolt pistol|pistol|12|Ranged|1|3|4|0|1
1157|Intercessor Squad|4|1||Bolt rifle|assault, heavy|24|Ranged|2|3|4|-1|1
1157|Intercessor Squad|5|1||Hand flamer|ignores cover, pistol, torrent|12|Ranged|D6|N/A|3|0|1
1157|Intercessor Squad|6|1||Plasma pistol – standard|pistol|12|Ranged|1|3|7|-2|1
1157|Intercessor Squad|7|2||Plasma pistol – supercharge|hazardous, pistol|12|Ranged|1|3|8|-3|2
1157|Intercessor Squad|8|1||Astartes chainsword||Melee|Melee|5|3|4|-1|1
1157|Intercessor Squad|9|1||Close combat weapon||Melee|Melee|3|3|4|0|1
1157|Intercessor Squad|10|1||Power fist||Melee|Melee|3|3|8|-2|2
1157|Intercessor Squad|11|1||Power weapon||Melee|Melee|4|3|5|-2|1
1157|Intercessor Squad|12|1||Thunder hammer|devastating wounds|Melee|Melee|3|4|8|-2|2
1158|Invader Atv|1|1||Bolt pistol|PISTOL|12|Ranged|1|3|4|0|1
1158|Invader Atv|2|1||Multi-melta|melta 2|18|Ranged|2|3|9|-4|D6
1158|Invader Atv|3|1||Onslaught gatling cannon|devastating wounds|24|Ranged|8|3|5|0|1
1158|Invader Atv|4|1||Twin bolt rifle|twin-linked|24|Ranged|2|3|4|-1|1
1158|Invader Atv|5|1||Close combat weapon||Melee|Melee|5|3|4|0|1
1159|Incursor Squad|1|1||Bolt pistol|pistol|12|Ranged|1|3|4|0|1
1159|Incursor Squad|2|1||Occulus bolt carbine|assault, ignores cover|24|Ranged|2|3|4|0|1
1159|Incursor Squad|3|1||Paired combat blades|sustained hits 1|Melee|Melee|3|3|4|-1|1
1160|Scout Squad|1|1||Astartes shotgun|assault|18|Ranged|2|3|4|0|1
1160|Scout Squad|2|1||Bolt pistol|pistol|12|Ranged|1|3|4|0|1
1160|Scout Squad|3|1||Boltgun||24|Ranged|2|3|4|0|1
1160|Scout Squad|4|1||Heavy bolter|heavy, sustained hits 1|36|Ranged|3|4|5|-1|2
1160|Scout Squad|5|1||Missile launcher – frag|blast, heavy|48|Ranged|D6|4|4|0|1
1160|Scout Squad|6|2||Missile launcher – krak|heavy|48|Ranged|1|4|9|-2|D6
1160|Scout Squad|7|1||Scout sniper rifle|HEAVY, PRECISION|36|Ranged|1|3|4|-2|2
1160|Scout Squad|8|1||Astartes chainsword||Melee|Melee|4|3|4|-1|1
1160|Scout Squad|9|1||Close combat weapon||Melee|Melee|2|3|4|0|1
1160|Scout Squad|10|1||Combat knife||Melee|Melee|3|3|4|-1|1
1161|Sicaran Arcus|1|1||Arcus multi-launcher|indirect fire|48|Ranged|2D6|3|6|0|2
1161|Sicaran Arcus|2|1||Heavy bolter|sustained hits 1|36|Ranged|3|3|5|-1|2
1161|Sicaran Arcus|3|1||Hunter-killer missile|one shot|48|Ranged|1|2|14|-3|D6
1161|Sicaran Arcus|4|1||Lascannon||48|Ranged|1|3|12|-3|D6+1
1161|Sicaran Arcus|5|1||Storm bolter|rapid fire 2|24|Ranged|2|3|4|0|1
1161|Sicaran Arcus|6|1||Armoured tracks||Melee|Melee|6|4|8|0|1
1162|Sergeant Telion|1|1||Bolt pistol|pistol|12|Ranged|1|2|4|0|1
1162|Sergeant Telion|2|1||Quietus|precision|36|Ranged|2|2|4|-2|3
1162|Sergeant Telion|3|1||Combat knife||Melee|Melee|4|3|4|0|1
1163|Sicaran Omega|1|1||Heavy bolter|sustained hits 1|36|Ranged|3|3|5|-1|2
1163|Sicaran Omega|2|1||Hunter-killer missile|one shot|48|Ranged|1|2|14|-3|D6
1163|Sicaran Omega|3|1||Lascannon||48|Ranged|1|3|12|-3|D6+1
1163|Sicaran Omega|4|1||Omega plasma array – standard||36|Ranged|6|3|9|-3|2
1163|Sicaran Omega|5|2||Omega plasma array – supercharge|hazardous|36|Ranged|6|3|10|-3|3
1163|Sicaran Omega|6|1||Storm bolter|rapid fire 2|24|Ranged|2|3|4|0|1
1163|Sicaran Omega|7|1||Armoured tracks||Melee|Melee|6|4|8|0|1
1164|Thunderfire Cannon|1|1||Bolt pistol|pistol|12|Ranged|1|2|4|0|1
1164|Thunderfire Cannon|2|1||Flamer|ignores cover, torrent|12|Ranged|D6|N/A|4|0|1
1164|Thunderfire Cannon|3|1||Thunderfire cannon|blast, indirect fire|48|Ranged|D6+4|3|5|0|1
1164|Thunderfire Cannon|4|1||Close combat weapon||Melee|Melee|3|3|4|0|1
1164|Thunderfire Cannon|5|1||Gunner’s servo-arms|extra attacks|Melee|Melee|2|3|8|-2|3
1164|Thunderfire Cannon|6|1||Plasma cutter|extra attacks|Melee|Melee|2|3|8|-2|1
1165|Bladeguard Ancient|1|1||Heavy bolt pistol|pistol|18|Ranged|1|3|4|-1|1
1165|Bladeguard Ancient|2|1||Close combat weapon||Melee|Melee|5|2|4|0|1
1166|Company Veterans On Bikes|1|1||Bolt pistol|pistol|12|Ranged|1|3|4|0|1
1166|Company Veterans On Bikes|2|1||Boltgun||24|Ranged|2|3|4|0|1
1166|Company Veterans On Bikes|3|1||Combi-weapon|anti-infantry 4+, devastating wounds, rapid fire 1|24|Ranged|1|4|4|0|1
1166|Company Veterans On Bikes|4|1||Flamer|ignores cover, torrent|12|Ranged|D6|N/A|4|0|1
1166|Company Veterans On Bikes|5|1||Grav-gun|anti-vehicle 2+|18|Ranged|2|3|5|-1|1
1166|Company Veterans On Bikes|6|1||Grav-pistol|anti-vehicle 2+, pistol|12|Ranged|1|3|4|-1|2
1166|Company Veterans On Bikes|7|1||Meltagun|melta 2|12|Ranged|1|3|9|-4|D6
1166|Company Veterans On Bikes|8|1||Plasma gun – standard|RAPID FIRE 1|24|Ranged|1|3|7|-2|1
1166|Company Veterans On Bikes|9|2||Plasma gun – supercharge|HAZARDOUS, RAPID FIRE 1|24|Ranged|1|3|8|-3|2
1166|Company Veterans On Bikes|10|1||Plasma pistol – standard|PISTOL|12|Ranged|1|3|7|-2|1
1166|Company Veterans On Bikes|11|2||Plasma pistol – supercharge|HAZARDOUS, PISTOL|12|Ranged|1|3|8|-3|2
1166|Company Veterans On Bikes|12|1||Storm bolter|rapid fire 2|24|Ranged|2|3|4|0|1
1166|Company Veterans On Bikes|13|1||Twin boltgun|twin-linked|24|Ranged|2|3|4|0|1
1166|Company Veterans On Bikes|14|1||Astartes chainsword||Melee|Melee|4|3|4|-1|1
1166|Company Veterans On Bikes|15|1||Power fist||Melee|Melee|3|3|8|-2|2
1166|Company Veterans On Bikes|16|1||Power weapon||Melee|Melee|3|3|5|-2|2
1166|Company Veterans On Bikes|17|1||Thunder hammer|devastating wounds|Melee|Melee|2|4|8|-2|2
1168|Land Speeder Tempest|1|1||Assault cannon|devastating wounds|24|Ranged|6|3|6|0|1
1168|Land Speeder Tempest|2|1||Tempest salvo launcher – frag|blast|36|Ranged|2D6|3|4|0|1
1168|Land Speeder Tempest|3|2||Tempest salvo launcher – krak||36|Ranged|2|3|9|-2|D6
1168|Land Speeder Tempest|4|1||Armoured hull||Melee|Melee|3|4|4|0|1
1169|Land Speeder Tornado|1|1||Assault cannon|devastating wounds|24|Ranged|6|3|6|0|1
1169|Land Speeder Tornado|2|1||Heavy bolter|sustained hits 1|36|Ranged|3|3|5|-1|2
1169|Land Speeder Tornado|3|1||Heavy flamer|ignores cover, torrent|12|Ranged|D6|N/A|5|-1|1
1169|Land Speeder Tornado|4|1||Multi-melta|melta 2|18|Ranged|2|3|9|-4|D6
1169|Land Speeder Tornado|5|1||Close combat weapon||Melee|Melee|3|3|4|0|1
1172|Captain In Gravis Armour|1|1||Boltstorm gauntlet|pistol|12|Ranged|3|2|4|-1|1
1172|Captain In Gravis Armour|2|1||Master-crafted heavy bolt rifle|assault, heavy|30|Ranged|2|2|5|-1|3
1172|Captain In Gravis Armour|3|1||Master-crafted power weapon||Melee|Melee|6|2|5|-2|2
1172|Captain In Gravis Armour|4|1||Power fist||Melee|Melee|5|2|8|-2|2
1172|Captain In Gravis Armour|5|1||Relic blade|extra attacks|Melee|Melee|2|2|5|-2|2
1172|Captain In Gravis Armour|6|1||Relic chainsword|extra attacks|Melee|Melee|3|2|4|-1|2
1172|Captain In Gravis Armour|7|1||Relic fist|extra attacks|Melee|Melee|1|2|8|-2|2
1174|Chaplain|1|1||Absolvor bolt pistol|Pistol|18|Ranged|1|3|5|-1|2
1174|Chaplain|2|1||Crozius arcanum||Melee|Melee|5|2|6|-1|2
1175|Kratos|1|1||Autocannon||48|Ranged|2|3|9|-1|3
1175|Kratos|2|1||Combi-weapon|ANTI-INFANTRY 4+, DEVASTATING WOUNDS, RAPID FIRE 1|24|Ranged|1|3|4|0|1
1175|Kratos|3|1||Havoc launcher|blast|48|Ranged|D6|3|5|0|1
1175|Kratos|4|1||Heavy bolter|SUSTAINED HITS 1|36|Ranged|3|3|5|-1|2
1175|Kratos|5|1||Heavy flamer|IGNORES COVER, TORRENT|12|Ranged|D6|N/A|5|-1|1
1175|Kratos|6|1||Hunter-killer missile|one shot|48|Ranged|1|2|14|-3|D6
1175|Kratos|7|1||Kratos battle cannon – AP|heavy|36|Ranged|1|3|18|-4|D6+3
1175|Kratos|8|2||Kratos battle cannon – HE|blast|36|Ranged|D6+3|3|10|-1|3
1175|Kratos|9|1||Lascannons||48|Ranged|1|3|12|-3|D6+1
1175|Kratos|10|1||Melta blast-gun|melta 2|24|Ranged|4|3|12|-4|D6
1175|Kratos|11|1||Multi-melta|MELTA 2|18|Ranged|2|3|9|-4|D6
1175|Kratos|12|1||Twin boltgun|twin-linked|24|Ranged|2|3|4|0|1
1175|Kratos|13|1||Volkite caliver|devastating wounds|24|Ranged|2|3|5|0|2
1175|Kratos|14|1||Volkite cardanelle|devastating wounds|36|Ranged|9|3|9|0|3
1175|Kratos|15|1||Volkite culverin|devastating wounds|36|Ranged|4|3|6|0|2
1175|Kratos|16|1||Armoured tracks||Melee|Melee|6|4|8|0|1
1177|Heavy Intercessor Squad|1|1||Bolt pistol|pistol|12|Ranged|1|3|4|0|1
1177|Heavy Intercessor Squad|2|1||Heavy bolt rifle|assault, heavy|30|Ranged|2|3|5|-1|2
1177|Heavy Intercessor Squad|3|1||Heavy bolter|assault, heavy, sustained hits 1|36|Ranged|3|3|5|-1|2
1177|Heavy Intercessor Squad|4|1||Close combat weapon||Melee|Melee|3|3|4|0|1
1178|Vindicator Laser Destroyer|1|1||Hunter-killer missile|one shot|48|Ranged|1|2|14|-3|D6
1178|Vindicator Laser Destroyer|2|1||Laser volley cannon – overcharge fire|hazardous|36|Ranged|3|3|14|-4|D6+3
1178|Vindicator Laser Destroyer|3|2||Laser volley cannon – volley fire||36|Ranged|3|3|12|-3|D3+3
1178|Vindicator Laser Destroyer|4|1||Storm bolter|rapid fire 2|24|Ranged|2|3|4|0|1
1178|Vindicator Laser Destroyer|5|1||Armoured tracks||Melee|Melee|3|4|6|0|1
1179|Sokar-pattern Stormbird|1|1||Hellstrike missile battery|anti-fly 3+|48|Ranged|4|3|10|-3|D6
1179|Sokar-pattern Stormbird|2|1||Twin heavy bolter|sustained hits 1, twin-linked|36|Ranged|3|3|5|-1|2
1179|Sokar-pattern Stormbird|3|1||Twin lascannon|twin-linked|48|Ranged|1|3|12|-3|D6+1
1179|Sokar-pattern Stormbird|4|1||Armoured hull||Melee|Melee|9|4|9|0|1
1182|Ancient On Bike|1|1||Bolt pistol|pistol|12|Ranged|1|3|4|0|1
1182|Ancient On Bike|2|1||Boltgun||24|Ranged|2|3|4|0|1
1182|Ancient On Bike|3|1||Combi-weapon|anti-infantry 4+, devastating wounds, rapid fire 1|24|Ranged|1|4|4|0|1
1182|Ancient On Bike|4|1||Grav-pistol|anti-vehicle 2+, pistol|12|Ranged|1|3|4|-1|2
1182|Ancient On Bike|5|1||Plasma pistol – standard|pistol|12|Ranged|1|3|7|-2|1
1182|Ancient On Bike|6|2||Plasma pistol – supercharge|hazardous, pistol|12|Ranged|1|3|8|-3|2
1182|Ancient On Bike|7|1||Storm bolter|rapid fire 2|24|Ranged|2|3|4|0|1
1182|Ancient On Bike|8|1||Twin boltgun|twin-linked|24|Ranged|2|3|4|0|1
1182|Ancient On Bike|9|1||Astartes chainsword||Melee|Melee|5|3|4|-1|1
1182|Ancient On Bike|10|1||Power fist||Melee|Melee|4|3|8|-2|2
1182|Ancient On Bike|11|1||Power weapon||Melee|Melee|4|3|5|-2|1
1182|Ancient On Bike|12|1||Thunder hammer|devastating wounds|Melee|Melee|3|4|8|-2|2
1183|Terminator Squad|1|1||Assault cannon|devastating wounds|24|Ranged|6|3|6|0|1
1183|Terminator Squad|2|1||Cyclone missile launcher – frag|blast|36|Ranged|2D6|3|4|0|1
1183|Terminator Squad|3|2||Cyclone missile launcher – krak||36|Ranged|2|3|9|-2|D6
1183|Terminator Squad|4|1||Heavy flamer|ignores cover, torrent|12|Ranged|D6|N/A|5|-1|1
1183|Terminator Squad|5|1||Storm bolter|rapid fire 2|24|Ranged|2|3|4|0|1
1183|Terminator Squad|6|1||Chainfist|anti-vehicle 3+|Melee|Melee|3|4|8|-2|2
1183|Terminator Squad|7|1||Power fist||Melee|Melee|3|3|8|-2|2
1183|Terminator Squad|8|1||Power weapon||Melee|Melee|4|3|5|-2|1
1184|Terminus Ultra|1|1||Hunter-killer missile|one shot|48|Ranged|1|2|14|-3|D6
1184|Terminus Ultra|2|1||Lascannon||48|Ranged|1|3|12|-3|D6+1
1184|Terminus Ultra|3|1||Multi-melta|melta 2|18|Ranged|2|3|9|-4|D6
1184|Terminus Ultra|4|1||Storm bolter|rapid fire 2|24|Ranged|2|3|4|0|1
1184|Terminus Ultra|5|1||Terminus lascannon – standard|twin-linked|48|Ranged|1|3|12|-3|D6+1
1184|Terminus Ultra|6|2||Terminus lascannon – overload|hazardous, twin-linked|48|Ranged|1|3|14|-3|D6+3
1184|Terminus Ultra|7|1||Armoured tracks||Melee|Melee|6|4|8|0|1
1185|Sicaran Battle Tank|1|1||Heavy bolter|sustained hits 1|36|Ranged|3|3|5|-1|2
1185|Sicaran Battle Tank|2|1||Herakles-pattern autocannon|rapid fire 2|48|Ranged|6|3|9|-1|3
1185|Sicaran Battle Tank|3|1||Hunter-killer missile|one shot|48|Ranged|1|2|14|-3|D6
1185|Sicaran Battle Tank|4|1||Lascannon||48|Ranged|1|3|12|-3|D6+1
1185|Sicaran Battle Tank|5|1||Storm bolter|rapid fire 2|24|Ranged|2|3|4|0|1
1185|Sicaran Battle Tank|6|1||Armoured tracks||Melee|Melee|6|4|8|0|1
1188|Vindicator|1|1||Demolisher cannon|blast|24|Ranged|D6+3|3|14|-3|D6
1188|Vindicator|2|1||Hunter-killer missile|one shot|48|Ranged|1|2|14|-3|D6
1188|Vindicator|3|1||Storm bolter|rapid fire 2|24|Ranged|2|3|4|0|1
1188|Vindicator|4|1||Armoured tracks||Melee|Melee|3|4|6|0|1
1189|Mastodon|1|1||Heavy bolter|sustained hits 1|36|Ranged|3|3|5|-1|2
1189|Mastodon|2|1||Heavy flamer|ignores cover, torrent|12|Ranged|D6|N/A|5|-1|1
1189|Mastodon|3|1||Lascannon||48|Ranged|1|3|12|-3|D6+1
1189|Mastodon|4|1||Siege melta array|melta 2|24|Ranged|6|3|9|-4|D6
1189|Mastodon|5|1||Skyreaper battery|anti-fly 4+|48|Ranged|8|3|7|-1|2
1189|Mastodon|6|1||Volkite culverin|devastating wounds|36|Ranged|4|3|6|0|2
1189|Mastodon|7|1||Armoured tracks||Melee|Melee|6|4|8|0|1
1190|Stormtalon Gunship|1|1||Skyhammer missile launcher|anti-fly 2+, twin-linked|48|Ranged|3|3|8|-1|D3
1190|Stormtalon Gunship|2|1||Twin assault cannon|devastating wounds, twin-linked|24|Ranged|6|3|6|0|1
1190|Stormtalon Gunship|3|1||Twin heavy bolter|sustained hits 1, twin-linked|36|Ranged|3|3|5|-1|2
1190|Stormtalon Gunship|4|1||Twin lascannon|twin-linked|48|Ranged|1|3|12|-3|D6+1
1190|Stormtalon Gunship|5|1||Typhoon missile launcher – frag|blast|48|Ranged|2D6|3|4|0|1
1190|Stormtalon Gunship|6|2||Typhoon missile launcher – krak||48|Ranged|2|3|9|-2|D6
1190|Stormtalon Gunship|7|1||Armoured hull||Melee|Melee|3|4|6|0|1
1191|Stormraven Gunship|1|1||Hurricane bolter|rapid fire 6, twin-linked|24|Ranged|6|3|4|0|1
1191|Stormraven Gunship|2|1||Stormstrike missile launcher||48|Ranged|1|3|10|-2|3
1191|Stormraven Gunship|3|1||Twin assault cannon|devastating wounds, twin-linked|24|Ranged|6|3|6|0|1
1191|Stormraven Gunship|4|1||Twin heavy bolter|sustained hits 1, twin-linked|36|Ranged|3|3|5|-1|2
1191|Stormraven Gunship|5|1||Twin heavy plasma cannon – standard|blast, twin-linked|36|Ranged|D3|3|7|-2|2
1191|Stormraven Gunship|6|2||Twin heavy plasma cannon – supercharge|blast, hazardous, twin-linked|36|Ranged|D3|3|8|-3|3
1191|Stormraven Gunship|7|1||Twin lascannon|twin-linked|48|Ranged|1|3|12|-3|D6+1
1191|Stormraven Gunship|8|1||Twin multi-melta|melta 2, twin-linked|18|Ranged|2|3|9|-4|D6
1191|Stormraven Gunship|9|1||Typhoon missile launcher – frag|blast|48|Ranged|2D6|3|4|0|1
1191|Stormraven Gunship|10|2||Typhoon missile launcher – krak||48|Ranged|2|3|9|-2|D6
1191|Stormraven Gunship|11|1||Armoured hull||Melee|Melee|6|4|8|0|1
1192|Chaplain Venerable Dreadnought|1|1||Assault cannon|devastating wounds|24|Ranged|6|3|6|0|1
1192|Chaplain Venerable Dreadnought|2|1||Dreadnought inferno cannon|ignores cover, torrent|12|Ranged|2D6|N/A|6|-1|1
1192|Chaplain Venerable Dreadnought|3|1||Heavy flamer|ignores cover, torrent|12|Ranged|D6|N/A|5|-1|1
1192|Chaplain Venerable Dreadnought|4|1||Heavy plasma cannon – standard|blast|36|Ranged|D3|3|7|-2|2
1192|Chaplain Venerable Dreadnought|5|2||Heavy plasma cannon – supercharge|blast, hazardous|36|Ranged|D3|3|8|-3|3
1192|Chaplain Venerable Dreadnought|6|1||Multi-melta|melta 2|18|Ranged|2|3|9|-4|D6
1192|Chaplain Venerable Dreadnought|7|1||Storm bolter|rapid fire 2|24|Ranged|2|3|4|0|1
1192|Chaplain Venerable Dreadnought|8|1||Twin lascannon|twin-linked|48|Ranged|1|3|12|-3|D6+1
1192|Chaplain Venerable Dreadnought|9|1||Armoured feet||Melee|Melee|5|3|6|0|1
1192|Chaplain Venerable Dreadnought|10|1||Dreadnought combat weapon||Melee|Melee|5|3|12|-2|3
1193|Centurion Devastator Squad|1|1||Centurion bolters|rapid fire 3, twin-linked|24|Ranged|3|3|4|0|1
1193|Centurion Devastator Squad|2|1||Centurion missile launcher|blast|36|Ranged|D3|3|9|-2|D3
1193|Centurion Devastator Squad|3|1||Grav-cannon|anti-vehicle 2+|24|Ranged|3|3|6|-1|3
1193|Centurion Devastator Squad|4|1||Twin heavy bolter|sustained hits 1, twin-linked|36|Ranged|3|3|5|-1|2
1193|Centurion Devastator Squad|5|1||Twin lascannon|twin-linked|48|Ranged|1|3|12|-3|D6+1
1193|Centurion Devastator Squad|6|1||Centurion fists||Melee|Melee|3|4|5|-1|2
1197|Grey Knights Thunderhawk Gunship|1|1||Hellstrike missile battery|anti-fly 4+|72|Ranged|4|3|8|-2|3
1197|Grey Knights Thunderhawk Gunship|2|1||Lascannon||48|Ranged|1|3|12|-3|D6+1
1197|Grey Knights Thunderhawk Gunship|3|1||Thunderhawk heavy cannon|blast|48|Ranged|D6+6|3|10|-2|3
1197|Grey Knights Thunderhawk Gunship|4|1||Turbo-laser destructor|blast|96|Ranged|D3+1|3|20|-4|D6+6
1197|Grey Knights Thunderhawk Gunship|5|1||Twin heavy bolter|sustained hits 1, twin-linked|36|Ranged|3|3|5|-1|2
1197|Grey Knights Thunderhawk Gunship|6|1||Armoured hull||Melee|Melee|6|4|8|0|1
1199|Repressor|1|1||Heavy flamer|ignores cover, torrent|12|Ranged|D6|N/A|6|-1|1
1199|Repressor|2|1||Hunter-killer missile|one shot|48|Ranged|1|2|14|-3|D6
1199|Repressor|3|1||Repressor twin heavy flamer|ignores cover, torrent, twin-linked|12|Ranged|D6|N/A|6|-1|1
1199|Repressor|4|1||Storm bolter|rapid fire 2|24|Ranged|2|3|4|0|1
1199|Repressor|5|1||Dozer ram||Melee|Melee|3|4|7|0|1
1237|Valkyrie Sky Talon|1|1||Heavy bolter|sustained hits 1|36|Ranged|3|4|5|-1|2
1237|Valkyrie Sky Talon|2|1||Hellstrike missile|anti-fly 2+|48|Ranged|1|4|10|-3|D6
1237|Valkyrie Sky Talon|3|1||Multiple rocket pod|blast|36|Ranged|D6|4|6|0|1
1237|Valkyrie Sky Talon|4|1||Armoured hull||Melee|Melee|3|4|6|0|1
1248||6|1||Lascannon|heavy|48|Ranged|1|5|12|-3|D6+1
1248||7|1||Missile launcher – frag|blast, heavy|48|Ranged|D6|5|4|0|1
1248||7|2||Missile launcher – krak|heavy|48|Ranged|1|5|9|-2|D6
1249||2|1||Laspistol|pistol|12|Ranged|2|4|3|0|1
1254||2|1||Laspistol|pistol|12|Ranged|2|4|3|0|1
1258||2|1||Laspistol|pistol|12|Ranged|2|4|3|0|1
1259||2|1||Laspistol|pistol|12|Ranged|2|4|3|0|1
1259||4|1||Boltgun|rapid fire 1|24|Ranged|1|4|4|0|1
1293|Blood Slaughterer|1|1||Impaler harpoon|anti-monster 2+, anti-vehicle 2+, impaled|12|Ranged|1|3|12|-2|3
1293|Blood Slaughterer|2|1||Slaughter blade||Melee|Melee|5|3|12|-3|3
1293|Blood Slaughterer|3|1||Twin slaughter blade|twin-linked|Melee|Melee|5|3|12|-3|3
1294|Greater Blight Drone|1|1||Bile maw|lethal hits|12|Ranged|3|3|5|0|1
1294|Greater Blight Drone|2|1||Blightreaper cannon|lethal hits|36|Ranged|6|3|8|-2|2
1294|Greater Blight Drone|3|1||Greater plague probe|lethal hits|Melee|Melee|4|3|6|-1|1
1295|Decimator|1|1||Decimator butcher cannon||36|Ranged|4|3|9|-1|2
1295|Decimator|2|1||Decimator conversion beamer|conversion, sustained hits d3|24|Ranged|1|3|7|-1|3
1295|Decimator|3|1||Hellflamer|anti-infantry 4+, ignores cover, torrent|12|Ranged|D6|N/A|5|-1|1
1295|Decimator|4|1||Soulburner petard|anti-infantry 3+, devastating wounds, hazardous|24|Ranged|4|3|2|0|1
1295|Decimator|5|1||Storm laser|sustained hits 1|36|Ranged|8|3|6|-1|1
1295|Decimator|6|1||Armoured feet||Melee|Melee|5|3|6|0|1
1295|Decimator|7|1||Decimator claw||Melee|Melee|5|3|14|-3|3
1295|Decimator|8|1||Twin Decimator claws|twin-linked|Melee|Melee|5|3|14|-3|3
1297|Kytan Ravager|1|1||Kytan gatling cannon||36|Ranged|18|3|6|-2|2
1297|Kytan Ravager|2|1||Kytan cleaver – strike||Melee|Melee|4|3|14|-4|6
1297|Kytan Ravager|3|2||Kytan cleaver – sweep||Melee|Melee|12|3|9|-3|2
1298|Greater Brass Scorpion|1|1||Demolisher cannon|blast|24|Ranged|D6+3|3|14|-3|D6
1298|Greater Brass Scorpion|2|1||Hellmaw flame cannons|ignores cover, torrent|12|Ranged|2D6|N/A|8|-1|1
1298|Greater Brass Scorpion|3|1||Scorpion cannon|sustained hits 1|36|Ranged|15|3|5|-1|2
1298|Greater Brass Scorpion|4|1||Hellcrusher claws – strike||Melee|Melee|6|3|14|-3|6
1298|Greater Brass Scorpion|5|2||Hellcrusher claws – sweep||Melee|Melee|18|3|8|-2|2
1302|Chaos Deimos Predator|1|1||Combi-bolter|rapid fire 2|24|Ranged|2|3|4|0|1
1302|Chaos Deimos Predator|2|1||Conversion beam cannon|conversion, sustained hits d3|24|Ranged|1|3|7|-1|3
1302|Chaos Deimos Predator|3|1||Heavy bolter|sustained hits 1|36|Ranged|3|3|5|-1|2
1302|Chaos Deimos Predator|4|1||Heavy flamer|ignores cover, torrent|12|Ranged|D6|N/A|5|-1|1
1302|Chaos Deimos Predator|5|1||Hunter-killer missile|one shot|48|Ranged|1|2|14|-3|D6
1302|Chaos Deimos Predator|6|1||Infernus cannon|torrent, ignores cover|12|Ranged|2D6|N/A|6|-1|1
1302|Chaos Deimos Predator|7|1||Lascannon||48|Ranged|1|3|12|-3|D6+1
1302|Chaos Deimos Predator|8|1||Magna-melta cannon|melta 4|18|Ranged|2|3|12|-4|D6
1302|Chaos Deimos Predator|9|1||Plasma destroyer – standard|blast|36|Ranged|D3|3|8|-2|2
1302|Chaos Deimos Predator|10|2||Plasma destroyer – supercharge|blast, hazardous|36|Ranged|D3|3|9|-3|3
1302|Chaos Deimos Predator|11|1||Armoured tracks||Melee|Melee|3|4|6|0|1
1310|Dreadclaw Drop Pod|1|1||Blade struts||Melee|Melee|8|4|6|-2|1
1311|Kharybdis Assault Claw|1|1||Kharybdis storm launcher – frag|blast|36|Ranged|2D6|3|4|0|1
1311|Kharybdis Assault Claw|2|2||Kharybdis storm launcher – krak||36|Ranged|2|3|9|-2|D6
1311|Kharybdis Assault Claw|3|1||Blade struts||Melee|Melee|12|4|8|-2|1
1311|Kharybdis Assault Claw|4|1||Melta array|extra attacks|Melee|Melee|1|4|12|-4|D6+2
1317|Hell Blade|1|1||Twin autocannon|twin-linked|48|Ranged|2|3|9|-3|3
1317|Hell Blade|2|1||Twin lascannon|twin-linked|48|Ranged|1|3|12|-3|D6+1
1317|Hell Blade|3|1||Armoured hull||Melee|Melee|3|4|6|0|1
1318|Hell Talon|1|1||Autocannon||48|Ranged|2|3|9|-1|3
1318|Hell Talon|2|1||Havoc launcher|blast|48|Ranged|D6|3|5|0|1
1318|Hell Talon|3|1||Twin lascannon|twin-linked|48|Ranged|1|3|12|-3|D6+1
1318|Hell Talon|4|1||Armoured hull||Melee|Melee|6|4|6|0|1
1321|Chaos Thunderhawk|1|1||Hellstrike missile battery|anti-fly 4+|72|Ranged|4|3|8|-2|3
1321|Chaos Thunderhawk|2|1||Lascannon||48|Ranged|1|3|12|-3|D6+1
1321|Chaos Thunderhawk|3|1||Thunderhawk heavy cannon|blast|48|Ranged|D6+6|3|10|-2|3
1321|Chaos Thunderhawk|4|1||Turbo-laser destructor|blast|96|Ranged|D3+1|3|20|-4|D6+6
1321|Chaos Thunderhawk|5|1||Twin heavy bolter|sustained hits 1, twin-linked|36|Ranged|3|3|5|-1|2
1321|Chaos Thunderhawk|6|1||Armoured hull||Melee|Melee|6|4|8|0|1
1329|An'ggrath The Unbound|1|1||Bloodlash||12|Ranged|9|2|8|0|2
1329|An'ggrath The Unbound|2|1||Axe of Khorne – strike||Melee|Melee|8|2|16|-4|D6+2
1329|An'ggrath The Unbound|3|2||Axe of Khorne – sweep||Melee|Melee|16|2|10|-2|2
1332|Zarakynel|1|1||Phantasmagoria – focused witchfire|devastating wounds, hazardous, psychic|18|Ranged|9|2|6|-2|1
1332|Zarakynel|2|2||Phantasmagoria – witchfire|devastating wounds, psychic|18|Ranged|6|2|6|-2|1
1332|Zarakynel|3|1||Snapping claws|devastating wounds, extra attacks|Melee|Melee|4|2|6|-2|3
1332|Zarakynel|4|1||Souleater blade||Melee|Melee|6|2|9|-2|3
1333|Aetaos'rau'keres|1|1||Bolt of Tzeentch – focused witchfire|hazardous, psychic|24|Ranged|9|2|10|-2|D3
1333|Aetaos'rau'keres|2|2||Bolt of Tzeentch – witchfire|psychic|24|Ranged|9|2|10|-1|1
1333|Aetaos'rau'keres|3|1||Staff of cataclysm|psychic|Melee|Melee|6|3|8|-2|3
1333|Aetaos'rau'keres|4|1||Warpfire talons|psychic|Melee|Melee|12|3|4|-1|1
1336|Plague Toads|1|1||Grasping tongue|lethal hits|9|Ranged|D3|4|5|0|1
1336|Plague Toads|2|1||Yawning maw|lethal hits|Melee|Melee|3|3|6|-1|2
1337|Pox Riders|1|1||Grasping tongue|lethal hits|9|Ranged|D3|4|5|0|1
1337|Pox Riders|2|1||Pox Rider plaguesword|extra attacks, lethal hits|Melee|Melee|2|3|4|-1|1
1337|Pox Riders|3|1||Yawning maw|lethal hits|Melee|Melee|3|3|6|-1|2
1338|Spined Chaos Beast|1|1||Jagged claws and tusked maw||Melee|Melee|6|3|12|-2|3
1339|Giant Chaos Spawn|1|1||Churning fangs and claws||Melee|Melee|D6+6|3|10|-1|2
1340|Scabeiathrax The Bloated|1|1||Putrid vomit|ignores cover, torrent|6|Ranged|D6+3|N/A|5|-2|1
1340|Scabeiathrax The Bloated|2|1||Blade of decay – Strike|lethal hits|Melee|Melee|7|2|9|-2|D6
1340|Scabeiathrax The Bloated|3|2||Blade of decay – Sweep|lethal hits|Melee|Melee|14|2|7|-1|1
1344|Librarian With Jump Pack|1|1||Bolt pistol|pistol|12|Ranged|1|3|4|0|1
1344|Librarian With Jump Pack|2|1||Boltgun||24|Ranged|2|3|4|0|1
1344|Librarian With Jump Pack|3|1||Combi-weapon|anti-infantry 4+, devastating wounds, rapid fire 1|24|Ranged|1|4|4|0|1
1344|Librarian With Jump Pack|4|1||Grav-pistol|anti-vehicle 2+, pistol|12|Ranged|1|3|4|-1|2
1344|Librarian With Jump Pack|5|1||Hand flamer|ignores cover, pistol, torrent|12|Ranged|D6|N/A|3|0|1
1344|Librarian With Jump Pack|6|1||Inferno pistol|melta 2, pistol|6|Ranged|1|3|8|-4|D3
1344|Librarian With Jump Pack|7|1||Plasma pistol – standard|pistol|12|Ranged|1|3|7|-2|1
1344|Librarian With Jump Pack|8|2||Plasma pistol – supercharge|hazardous, pistol|12|Ranged|1|3|8|-3|2
1344|Librarian With Jump Pack|9|1||Smite – witchfire|psychic|24|Ranged|D6|3|5|-1|D3
1344|Librarian With Jump Pack|10|2||Smite – focused witchfire|devastating wounds, hazardous, psychic|24|Ranged|D6|3|6|-2|D3
1344|Librarian With Jump Pack|11|1||Storm bolter|rapid fire 2|24|Ranged|2|3|4|0|1
1344|Librarian With Jump Pack|12|1||Force weapon|psychic|Melee|Melee|4|3|6|-1|D3
1345|Lieutenant In Reiver Armour|1|1||Master-crafted special issue bolt pistol|pistol, precision|12|Ranged|1|2|4|-1|2
1345|Lieutenant In Reiver Armour|2|1||Combat knife|precision|Melee|Melee|6|2|4|-1|1
1346|Lieutenant|1|1||Bolt pistol|pistol|12|Ranged|1|2|4|0|1
1346|Lieutenant|2|1||Heavy bolt pistol|pistol|18|Ranged|1|3|4|-1|1
1346|Lieutenant|3|1||Master-crafted bolter||24|Ranged|2|2|4|-1|2
1346|Lieutenant|4|1||Neo-volkite pistol|DEVASTATING WOUNDS, PISTOL|12|Ranged|1|2|5|0|2
1346|Lieutenant|5|1||Plasma pistol – standard|pistol|12|Ranged|1|2|7|-2|1
1346|Lieutenant|6|2||Plasma pistol – supercharge|hazardous, pistol|12|Ranged|1|2|8|-3|2
1346|Lieutenant|7|1||Close combat weapon||Melee|Melee|5|2|4|0|1
1346|Lieutenant|8|1||Master-crafted power weapon||Melee|Melee|5|2|5|-2|2
1346|Lieutenant|9|1||Power fist||Melee|Melee|4|2|8|-2|2
1347|Land Raider Prometheus|1|1||Hunter-killer missile|one shot|48|Ranged|1|2|14|-3|D6
1347|Land Raider Prometheus|2|1||Multi-melta|melta 2|18|Ranged|2|3|9|-4|D6
1347|Land Raider Prometheus|3|1||Quad heavy bolter|sustained hits 1, twin-linked|36|Ranged|6|3|5|-1|2
1347|Land Raider Prometheus|4|1||Storm bolter|rapid fire 2|24|Ranged|2|3|4|0|1
1347|Land Raider Prometheus|5|1||Armoured tracks||Melee|Melee|6|4|8|0|1
1348|Librarian On Bike|1|1||Bolt pistol|pistol|12|Ranged|1|3|4|0|1
1348|Librarian On Bike|2|1||Boltgun||24|Ranged|2|3|4|0|1
1348|Librarian On Bike|3|1||Combi-weapon|anti-infantry 4+, devastating wounds, rapid fire 1|24|Ranged|1|4|4|0|1
1348|Librarian On Bike|4|1||Grav-pistol|anti-vehicle 2+, pistol|12|Ranged|1|3|4|-1|2
1348|Librarian On Bike|5|1||Plasma pistol – standard|pistol|12|Ranged|1|3|7|-2|1
1348|Librarian On Bike|6|2||Plasma pistol – supercharge|hazardous, pistol|12|Ranged|1|3|8|-3|2
1348|Librarian On Bike|7|1||Smite – focused witchfire|devastating wounds, hazardous, psychic|24|Ranged|D6|3|6|-2|D3
1348|Librarian On Bike|8|2||Smite – witchfire|psychic|24|Ranged|D6|3|5|-1|D3
1348|Librarian On Bike|9|1||Storm bolter|rapid fire 2|24|Ranged|2|3|4|0|1
1348|Librarian On Bike|10|1||Twin boltgun|twin-linked|24|Ranged|2|3|4|0|1
1348|Librarian On Bike|11|1||Force weapon|psychic|Melee|Melee|4|3|6|-1|D3
1355|Exalted Champion|1|1||Bolt pistol|pistol|12|Ranged|1|2|4|0|1
1355|Exalted Champion|2|1||Combi-weapon|anti-infantry 4+, devastating wounds, rapid fire 1|24|Ranged|1|4|4|0|1
1355|Exalted Champion|3|1||Exalted weapon||Melee|Melee|5|2|5|-2|2
1360|Grand Master In Nemesis Dreadknight|1|1||Fragstorm grenade launcher|blast|18|Ranged|D6|3|4|0|1
1360|Grand Master In Nemesis Dreadknight|2|1||Gatling psilencer|psychic, sustained hits 1|24|Ranged|12|3|6|0|1
1360|Grand Master In Nemesis Dreadknight|3|1||Heavy incinerator|ignores cover, torrent|18|Ranged|2D6|N/A|6|-1|1
1360|Grand Master In Nemesis Dreadknight|4|1||Heavy psycannon|ignores cover, psychic|24|Ranged|6|3|10|-2|3
1360|Grand Master In Nemesis Dreadknight|5|1||Sublimator|melta 4, psychic, twin-linked|18|Ranged|2|3|9|-4|D6
1360|Grand Master In Nemesis Dreadknight|6|1||Dreadfists||Melee|Melee|6|2|6|-1|1
1360|Grand Master In Nemesis Dreadknight|7|1||Nemesis daemon greathammer|psychic|Melee|Melee|5|3|14|-3|D6+1
1360|Grand Master In Nemesis Dreadknight|8|1||Nemesis flail|psychic|Melee|Melee|10|2|5|-1|2
1360|Grand Master In Nemesis Dreadknight|9|1||Nemesis greatsword – strike|psychic|Melee|Melee|5|2|10|-2|D6
1360|Grand Master In Nemesis Dreadknight|10|2||Nemesis greatsword – sweep|psychic|Melee|Melee|10|2|5|-1|1
1360|Grand Master In Nemesis Dreadknight|11|1||Nemesis mace|anti-character 2+, precision, psychic|Melee|Melee|5|2|6|-3|3
1361|Brotherhood Librarian|1|1||Combi-weapon|anti-infantry 4+, devastating wounds, rapid fire 1|24|Ranged|1|4|4|0|1
1361|Brotherhood Librarian|2|1||Storm bolter|rapid fire 2|24|Ranged|2|3|4|0|1
1361|Brotherhood Librarian|3|1||Vortex of Doom|blast, psychic|18|Ranged|D6+3|3|8|-2|2
1361|Brotherhood Librarian|4|1||Nemesis force weapon|psychic|Melee|Melee|4|2|6|-1|2
1362|Brotherhood Chaplain|1|1||Storm bolter|rapid fire 2|24|Ranged|2|3|4|0|1
1362|Brotherhood Chaplain|2|1||Crozius arcanum||Melee|Melee|5|2|6|-1|2
1363|Stormhawk Interceptor|1|1||Icarus stormcannon|anti-fly 2+|48|Ranged|6|3|7|-1|2
1363|Stormhawk Interceptor|2|1||Las-talon||36|Ranged|2|3|10|-3|D6+1
1363|Stormhawk Interceptor|3|1||Skyhammer missile launcher|anti-fly 2+|48|Ranged|3|3|8|-1|D3
1363|Stormhawk Interceptor|4|1||Twin assault cannon|devastating wounds, twin-linked|24|Ranged|6|3|6|0|1
1363|Stormhawk Interceptor|5|1||Twin heavy bolter|sustained hits 1, twin-linked|36|Ranged|3|3|5|-1|2
1363|Stormhawk Interceptor|6|1||Typhoon missile launcher – frag|blast|48|Ranged|2D6|3|4|0|1
1363|Stormhawk Interceptor|7|2||Typhoon missile launcher – krak||48|Ranged|2|3|9|-2|D6
1363|Stormhawk Interceptor|8|1||Armoured hull||Melee|Melee|3|4|6|0|1
1364|Stormtalon Gunship|1|1||Skyhammer missile launcher|anti-fly 2+|48|Ranged|3|3|8|-1|D3
1364|Stormtalon Gunship|2|1||Twin assault cannon|devastating wounds, twin-linked|24|Ranged|6|3|6|0|1
1364|Stormtalon Gunship|3|1||Twin heavy bolter|sustained hits 1, twin-linked|36|Ranged|3|3|5|-1|2
1364|Stormtalon Gunship|4|1||Twin lascannon|twin-linked|48|Ranged|1|3|12|-3|D6+1
1364|Stormtalon Gunship|5|1||Typhoon missile launcher – frag|blast|48|Ranged|2D6|3|4|0|1
1364|Stormtalon Gunship|6|2||Typhoon missile launcher – krak||48|Ranged|2|3|9|-2|D6
1364|Stormtalon Gunship|7|1||Armoured hull||Melee|Melee|3|4|6|0|1
1367|Foul Blightspawn|1|1||Plague sprayer|anti-infantry 2+, ignores cover, torrent|12|Ranged|D6|N/A|7|-2|2
1367|Foul Blightspawn|2|1||Close combat weapon||Melee|Melee|4|3|4|0|1
1368|Biologus Putrifier|1|1||Hyper blight grenades|assault, blast, lethal hits|12|Ranged|D6|3|7|-1|2
1368|Biologus Putrifier|2|1||Injector pistol|anti-infantry 2+, pistol, precision|3|Ranged|1|3|4|-1|3
1368|Biologus Putrifier|3|1||Plague knives|lethal hits|Melee|Melee|4|3|4|0|1
1369|Plague Surgeon|1|1||Bolt pistol|lethal hits, pistol|12|Ranged|1|3|4|0|1
1369|Plague Surgeon|2|1||Balesword|lethal hits|Melee|Melee|4|3|5|-2|2
1370|Tallyman|1|1||Plasma pistol – standard|pistol|12|Ranged|1|3|7|-2|1
1370|Tallyman|2|2||Plasma pistol – supercharge|hazardous, pistol|12|Ranged|1|3|8|-3|2
1370|Tallyman|3|1||Close combat weapon||Melee|Melee|4|3|4|0|1
1371|Deathshroud Terminators|1|1||Plaguespurt gauntlet|anti-infantry 4+, ignores cover, pistol, torrent|12|Ranged|D6|N/A|3|0|1
1371|Deathshroud Terminators|2|1||Manreaper – strike|lethal hits|Melee|Melee|4|2|8|-2|2
1371|Deathshroud Terminators|3|2||Manreaper – sweep|lethal hits|Melee|Melee|8|3|4|-1|1
1372|Blightlord Terminators|1|1||Blight launcher|blast, lethal hits|24|Ranged|D3|3|6|-1|2
1372|Blightlord Terminators|2|1||Combi-bolter|lethal hits, rapid fire 2|24|Ranged|2|3|4|0|1
1372|Blightlord Terminators|3|1||Combi-weapon|anti-infantry 4+, devastating wounds, rapid fire 1|24|Ranged|1|4|4|0|1
1372|Blightlord Terminators|4|1||Plague spewer|anti-infantry 2+, ignores cover, torrent|12|Ranged|D6|N/A|5|-1|1
1372|Blightlord Terminators|5|1||Reaper autocannon|devastating wounds, sustained hits 1|36|Ranged|4|3|7|-1|1
1372|Blightlord Terminators|6|1||Bubotic blade|lethal hits|Melee|Melee|3|3|5|-2|2
1372|Blightlord Terminators|7|1||Close combat weapon||Melee|Melee|3|3|4|0|1
1372|Blightlord Terminators|8|1||Flail of corruption|lethal hits|Melee|Melee|6|3|5|-1|2
1374|Myphitic Blight-haulers|1|1||Bile spurt|lethal hits|12|Ranged|3|3|5|0|1
1374|Myphitic Blight-haulers|2|1||Missile launcher – frag|blast|48|Ranged|D6|3|4|0|1
1374|Myphitic Blight-haulers|3|2||Missile launcher – krak||48|Ranged|1|3|9|-2|D6
1374|Myphitic Blight-haulers|4|1||Multi-melta|melta 2, lethal hits|18|Ranged|2|3|9|-4|D6
1374|Myphitic Blight-haulers|5|1||Gnashing maw|lethal hits|Melee|Melee|4|3|6|-1|1
1376|Plagueburst Crawler|1|1||Entropy cannon|lethal hits|36|Ranged|1|3|10|-3|D6+1
1376|Plagueburst Crawler|2|1||Heavy slugger|lethal hits|36|Ranged|4|3|5|-1|1
1376|Plagueburst Crawler|3|1||Plagueburst mortar|blast, indirect fire, lethal hits|48|Ranged|D6+3|3|8|-1|2
1376|Plagueburst Crawler|4|1||Plaguespitter|anti-infantry 2+, ignores cover, torrent|12|Ranged|D6|N/A|6|-1|1
1376|Plagueburst Crawler|5|1||Rothail volley gun|lethal hits, rapid fire 3|36|Ranged|3|3|5|0|1
1376|Plagueburst Crawler|6|1||Armoured tracks||Melee|Melee|3|4|6|0|1
1377|Mortarion|1|1||Lantern|pistol, sustained hits d3|24|Ranged|1|2|10|-3|3
1377|Mortarion|2|1||Rotwind|blast, devastating wounds, lethal hits, psychic|24|Ranged|D6+3|2|7|-2|1
1377|Mortarion|3|1||Silence – strike|devastating wounds, lethal hits|Melee|Melee|5|2|14|-3|D6+1
1377|Mortarion|4|2||Silence – sweep|lethal hits, sustained hits 1|Melee|Melee|15|2|8|-2|2
1383|Mukaali Riders|1|1||Flamer|ignores cover, torrent|12|Ranged|D6|N/A|4|0|1
1383|Mukaali Riders|2|1||Grenade launcher – frag|blast|24|Ranged|D3|4|4|0|1
1383|Mukaali Riders|3|2||Grenade launcher – krak||24|Ranged|1|4|9|-2|D3
1383|Mukaali Riders|4|1||Laspistol|pistol|12|Ranged|1|4|3|0|1
1383|Mukaali Riders|5|1||Meltagun|melta 2|12|Ranged|1|4|9|-4|D6
1383|Mukaali Riders|6|1||Plasma gun – standard|rapid fire 1|24|Ranged|1|4|7|-2|1
1383|Mukaali Riders|7|2||Plasma gun – supercharge|hazardous, rapid fire 1|24|Ranged|1|4|8|-3|2
1383|Mukaali Riders|8|1||Plasma pistol – standard|rapid fire 1|24|Ranged|1|4|7|-2|1
1383|Mukaali Riders|9|2||Plasma pistol – supercharge|hazardous, rapid fire 1|24|Ranged|1|4|8|-3|2
1383|Mukaali Riders|10|1||Chainsword||Melee|Melee|4|4|3|0|1
1383|Mukaali Riders|11|1||Hunting lance|lance|Melee|Melee|3|4|4|0|1
1383|Mukaali Riders|12|1||Power weapon||Melee|Melee|3|4|4|-2|1
1383|Mukaali Riders|13|1||Stomping feet|extra attacks|Melee|Melee|2|4|4|0|1
1390|Raven Strike Fighter|1|1||Dark lance||36|Ranged|1|3|12|-3|D6+2
1390|Raven Strike Fighter|2|1||Splinterstorm cannon|anti-infantry 3+, sustained hits 2|36|Ranged|8|3|3|-1|2
1390|Raven Strike Fighter|3|1||Bladed wings||Melee|Melee|3|4|6|-1|1
1391|Knarloc Riders|1|1||Kroot rifle|rapid fire 1|24|Ranged|1|4|4|0|1
1391|Knarloc Riders|2|1||Knarloc beak and talons|extra attacks|Melee|Melee|4|3|6|-1|1
1391|Knarloc Riders|3|1||Kroot rifle||Melee|Melee|2|3|4|0|1
1392|Great Knarloc|1|1||Kroot bolt thrower|hooked|12|Ranged|1|4|12|-2|3
1392|Great Knarloc|2|1||Kroot rifle|rapid fire 1|24|Ranged|1|4|4|0|1
1392|Great Knarloc|3|1||Twin Kroot gun|twin-linked|36|Ranged|2|4|7|0|2
1392|Great Knarloc|4|1||Great Knarloc beak and talons|extra attacks|Melee|Melee|4|3|7|-1|3
1392|Great Knarloc|5|1||Kroot rifle||Melee|Melee|2|3|4|0|1
1393|Firestorm|1|1||Firestorm scatter laser|anti-fly 2+|36|Ranged|16|3|5|0|1
1393|Firestorm|2|1||Shuriken cannon|sustained hits 1|24|Ranged|3|3|6|-1|2
1393|Firestorm|3|1||Twin shuriken catapult|assault, twin-linked|18|Ranged|2|3|4|-3|1
1393|Firestorm|4|1||Wraithbone hull||Melee|Melee|3|4|6|0|1
1394|Ministorum Priest|1|1||Holy pistol|pistol|12|Ranged|3|4|4|0|1
1394|Ministorum Priest|2|1||Zealot’s vindictor|ignores cover, torrent|12|Ranged|D6|N/A|5|0|1
1394|Ministorum Priest|3|1||Power weapon||Melee|Melee|3|3|4|-2|1
1394|Ministorum Priest|4|1||Zealot’s vindictor||Melee|Melee|3|4|5|-1|2
1396|Tech-Priest Enginseer|1|1||Mechanicus pistol|devastating wounds, pistol|12|Ranged|1|3|6|0|1
1396|Tech-Priest Enginseer|2|1||Enginseer axe||Melee|Melee|3|4|6|-2|2
1396|Tech-Priest Enginseer|3|1||Servo-arm|extra attacks|Melee|Melee|1|4|6|-2|2
1397|Munitorum Servitors|1|1||Heavy bolter|heavy, sustained hits 1|36|Ranged|3|6|5|-1|2
1397|Munitorum Servitors|2|1||Multi-melta|heavy, melta 2|18|Ranged|2|6|9|-4|D6
1397|Munitorum Servitors|3|1||Plasma cannon – standard|blast, heavy|36|Ranged|D3|6|7|-2|1
1397|Munitorum Servitors|4|2||Plasma cannon – supercharge|blast, hazardous, heavy|36|Ranged|D3|6|8|-3|2
1397|Munitorum Servitors|5|1||Close combat weapon||Melee|Melee|1|5|3|0|1
1397|Munitorum Servitors|6|1||Servitor’s servo-arm||Melee|Melee|1|5|6|-2|3
1398|Ogryn Bodyguard|1|1||Grenadier gauntlet|blast|18|Ranged|D6|4|4|0|1
1398|Ogryn Bodyguard|2|1||Ripper gun|rapid fire 3|18|Ranged|3|4|5|-1|2
1398|Ogryn Bodyguard|3|1||Bullgryn maul||Melee|Melee|5|3|7|-1|2
1398|Ogryn Bodyguard|4|1||Close combat weapon||Melee|Melee|4|3|6|0|1
1398|Ogryn Bodyguard|5|1||Huge knife||Melee|Melee|6|3|8|-1|2
1398|Ogryn Bodyguard|6|1||Ripper gun||Melee|Melee|5|3|6|-1|1
1400|Bonesinger|1|1||Psytronome shaper|psychic|Melee|Melee|2|2|3|0|D3
1406|Sly Marbo|1|1||Ripper pistol|anti-infantry 2+, pistol, precision|12|Ranged|3|2|5|-1|2
1406|Sly Marbo|2|1||Envenomed blade|anti-infantry 2+, precision|Melee|Melee|5|2|5|-1|2
1423|Ravenwing Talonmaster|1|1||Twin assault cannon|devastating wounds, twin-linked|24|Ranged|6|3|6|0|1
1423|Ravenwing Talonmaster|2|1||Twin heavy bolter|sustained hits 1, twin-linked|36|Ranged|3|3|5|-1|2
1423|Ravenwing Talonmaster|3|1||Power weapon||Melee|Melee|5|3|5|-2|1
1446|Trajann Valoris|1|1||Eagle's Scream|assault|24|Ranged|2|2|5|-2|3
1446|Trajann Valoris|2|1||Watcher’s Axe||Melee|Melee|6|2|10|-2|3
1447|Shield-captain|1|1||Castellan axe|assault|24|Ranged|2|2|4|-1|2
1447|Shield-captain|2|1||Guardian spear|assault|24|Ranged|2|2|4|-1|2
1447|Shield-captain|3|1||Pyrithite spear|melta 2|12|Ranged|1|2|9|-4|D6
1447|Shield-captain|4|1||Sentinel blade|assault, pistol|12|Ranged|2|2|4|-1|2
1447|Shield-captain|5|1||Castellan axe||Melee|Melee|6|2|9|-1|3
1447|Shield-captain|6|1||Guardian spear||Melee|Melee|7|2|7|-2|2
1447|Shield-captain|7|1||Pyrithite spear||Melee|Melee|7|2|7|-2|2
1447|Shield-captain|8|1||Sentinel blade||Melee|Melee|7|2|6|-2|1
1448|Shield-captain In Allarus Terminator Armour|1|1||Balistus grenade launcher|blast|18|Ranged|D6|2|4|-1|1
1448|Shield-captain In Allarus Terminator Armour|2|1||Castellan axe|assault|24|Ranged|2|2|4|-1|2
1448|Shield-captain In Allarus Terminator Armour|3|1||Guardian spear|assault|24|Ranged|2|2|4|-1|2
1448|Shield-captain In Allarus Terminator Armour|4|1||Castellan axe||Melee|Melee|6|2|9|-1|3
1448|Shield-captain In Allarus Terminator Armour|5|1||Guardian spear||Melee|Melee|7|2|7|-2|2
1449|Shield-captain On Dawneagle Jetbike|1|1||Vertus hurricane bolter|rapid fire 3, twin-linked|18|Ranged|3|2|4|-1|2
1449|Shield-captain On Dawneagle Jetbike|2|1||Salvo launcher|twin-linked|24|Ranged|1|2|10|-3|D6+1
1449|Shield-captain On Dawneagle Jetbike|3|1||Interceptor lance|lance|Melee|Melee|6|2|7|-2|2
1450|Custodian Wardens|1|1||Castellan axe|assault|24|Ranged|2|2|4|-1|2
1450|Custodian Wardens|2|1||Guardian spear|assault|24|Ranged|2|2|4|-1|2
1450|Custodian Wardens|3|1||Castellan axe||Melee|Melee|4|2|9|-1|3
1450|Custodian Wardens|4|1||Guardian spear||Melee|Melee|5|2|7|-2|2
1453|Allarus Custodians|1|1||Balistus grenade launcher|blast|18|Ranged|D6|2|4|-1|1
1453|Allarus Custodians|2|1||Castellan axe|assault|24|Ranged|2|2|4|-1|2
1453|Allarus Custodians|3|1||Guardian spear|assault|24|Ranged|2|2|4|-1|2
1453|Allarus Custodians|4|1||Castellan axe||Melee|Melee|4|2|9|-1|3
1453|Allarus Custodians|5|1||Guardian spear||Melee|Melee|5|2|7|-2|2
1453|Allarus Custodians|6|1||Misericordia||Melee|Melee|5|2|5|-2|1
1454|Vertus Praetors|1|1||Salvo launcher|twin-linked|24|Ranged|1|2|10|-3|D6+1
1454|Vertus Praetors|2|1||Vertus hurricane bolter|rapid fire 3, twin-linked|18|Ranged|3|2|4|-1|2
1454|Vertus Praetors|3|1||Interceptor lance|lance|Melee|Melee|5|2|7|-2|2
1455|Bloodmaster|1|1||Blade of blood||Melee|Melee|5|2|6|-2|3
1456|Skullmaster|1|1||Blade of blood||Melee|Melee|5|2|6|-2|3
1456|Skullmaster|2|1||Juggernaut’s bladed horn|extra attacks, lance|Melee|Melee|4|4|6|-1|1
1458|Contemptor-achillus Dreadnought|1|1||Achillus dreadspear||12|Ranged|1|2|9|-2|3
1458|Contemptor-achillus Dreadnought|2|1||Infernus incinerator|torrent, ignores cover|12|Ranged|D6|N/A|6|-1|1
1458|Contemptor-achillus Dreadnought|3|1||Lastrum storm bolter|rapid fire 2|24|Ranged|2|2|5|-1|1
1458|Contemptor-achillus Dreadnought|4|1||Twin adrathic destructor|twin-linked|18|Ranged|1|2|6|-2|3
1458|Contemptor-achillus Dreadnought|5|1||Achillus dreadspear|lance|Melee|Melee|5|2|12|-2|D6+1
1460|Caladius Grav-tank|1|1||Twin arachnus heavy blaze cannon|twin-linked|48|Ranged|4|2|12|-3|D6+2
1460|Caladius Grav-tank|2|1||Twin iliastus accelerator cannon|rapid fire 4, twin-linked|48|Ranged|4|2|10|-1|3
1460|Caladius Grav-tank|3|1||Twin lastrum bolt cannon|sustained hits 1|36|Ranged|3|2|6|-1|1
1460|Caladius Grav-tank|4|1||Armoured hull||Melee|Melee|4|4|6|0|1
1461|Coronus Grav-carrier|1|1||Twin arachnus blaze cannon|devastating wounds, twin-linked|24|Ranged|8|2|5|-1|1
1461|Coronus Grav-carrier|2|1||Twin lastrum bolt cannon|sustained hits 1|36|Ranged|3|2|6|-1|1
1461|Coronus Grav-carrier|3|1||Armoured hull||Melee|Melee|6|4|8|0|1
1462|Changecaster|1|1||Arcane Fireball – witchfire|psychic|18|Ranged|3|3|5|-1|D3
1462|Changecaster|2|2||Arcane Fireball – focused witchfire|devastating wounds, hazardous, psychic|18|Ranged|3|3|6|-2|D3
1462|Changecaster|3|1||Herald combat weapon|psychic|Melee|Melee|3|4|4|-1|1
1463|Fateskimmer|1|1||Arcane Fireball – witchfire|psychic|18|Ranged|3|3|5|-1|D3
1463|Fateskimmer|2|2||Arcane Fireball – focused witchfire|devastating wounds, hazardous, psychic|18|Ranged|3|3|6|-2|D3
1463|Fateskimmer|3|1||Herald combat weapon|psychic|Melee|Melee|3|4|4|-1|1
1463|Fateskimmer|4|1||Screamer bites|anti-monster 4+, anti-vehicle 4+, extra attacks|Melee|Melee|6|3|6|-2|2
1464|Fluxmaster|1|1||Arcane Fireball – witchfire|psychic|18|Ranged|3|3|5|-1|D3
1464|Fluxmaster|2|2||Arcane Fireball – focused witchfire|devastating wounds, hazardous, psychic|18|Ranged|3|3|6|-2|D3
1464|Fluxmaster|3|1||Herald combat weapon|psychic|Melee|Melee|3|4|4|-1|1
1465|Rotigus|1|1||Streams of brackish filth|devastating wounds, ignores cover, torrent|12|Ranged|2D6|N/A|8|-2|1
1465|Rotigus|2|1||Gnarlrod – strike|lethal hits, psychic|Melee|Melee|7|2|10|-3|3
1465|Rotigus|3|2||Gnarlrod – sweep|lethal hits, psychic|Melee|Melee|14|2|8|-1|1
1466|Horticulous Slimux|1|1||Acidic maw|devastating wounds, extra attacks|Melee|Melee|2|4|7|-4|3
1466|Horticulous Slimux|2|1||Lopping shears|lethal hits|Melee|Melee|4|3|6|-2|3
1467|Poxbringer|1|1||Foul balesword|lethal hits|Melee|Melee|4|3|5|-2|2
1468|Sloppity Bilepiper|1|1||Marotter|lethal hits|Melee|Melee|4|3|5|0|1
1469|Spoilpox Scrivener|1|1||Disgusting sneezes|pistol, torrent|6|Ranged|D6|N/A|3|0|1
1469|Spoilpox Scrivener|2|1||Plaguesword and distended maw|lethal hits|Melee|Melee|6|3|5|-1|1
1472|Tzaangor Shaman|1|1||Baleful Devolution|blast, devastating wounds, psychic|18|Ranged|D6|3|9|0|1
1472|Tzaangor Shaman|2|1||Force stave|psychic|Melee|Melee|3|3|5|-1|D3
1474|Tzaangor Enlightened|1|1||Autopistol|pistol|12|Ranged|1|4|3|0|1
1474|Tzaangor Enlightened|2|1||Chainsword|precision|Melee|Melee|6|4|4|0|1
1474|Tzaangor Enlightened|3|1||Divining spear|lance, precision|Melee|Melee|3|4|5|-1|2
1476|Mutalith Vortex Beast|1|1||Warp vortex – blast|blast|24|Ranged|D6+3|3|9|-2|2
1476|Mutalith Vortex Beast|2|2||Warp vortex – beam|devastating wounds|36|Ranged|1|3|18|-3|D6+6
1476|Mutalith Vortex Beast|3|3||Warp vortex – torrent|ignores cover, torrent|18|Ranged|2D6|N/A|6|-1|1
1476|Mutalith Vortex Beast|4|1||Betentacled maw||Melee|Melee|15|3|7|0|1
1476|Mutalith Vortex Beast|5|1||Mutalith claws||Melee|Melee|5|3|10|-2|3
1477|Commander In Crisis Battlesuit|1|1||Airbursting fragmentation projector|blast, indirect fire|24|Ranged|D6|3|3|0|1
1477|Commander In Crisis Battlesuit|2|1||Burst cannon||18|Ranged|4|3|5|0|1
1477|Commander In Crisis Battlesuit|3|1||Cyclic ion blaster – standard||18|Ranged|3|3|7|-1|1
1477|Commander In Crisis Battlesuit|4|2||Cyclic ion blaster – overcharge|hazardous|18|Ranged|3|3|8|-2|2
1477|Commander In Crisis Battlesuit|5|1||Fusion blaster|melta 2|12|Ranged|1|3|9|-4|D6
1477|Commander In Crisis Battlesuit|6|1||Missile pod||30|Ranged|2|3|7|-1|2
1477|Commander In Crisis Battlesuit|7|1||Plasma rifle||24|Ranged|1|3|8|-3|3
1477|Commander In Crisis Battlesuit|8|1||T’au flamer|ignores cover, torrent|12|Ranged|D6|N/A|4|0|1
1477|Commander In Crisis Battlesuit|9|1||Battlesuit fists||Melee|Melee|3|4|5|0|1
1478|Commander In Enforcer Battlesuit|1|1||Airbursting fragmentation projector|blast, indirect fire|24|Ranged|D6|3|3|0|1
1478|Commander In Enforcer Battlesuit|2|1||Burst cannon||18|Ranged|4|3|5|0|1
1478|Commander In Enforcer Battlesuit|3|1||Cyclic ion blaster – standard||18|Ranged|3|3|7|-1|1
1478|Commander In Enforcer Battlesuit|4|2||Cyclic ion blaster – overcharge|hazardous|18|Ranged|3|3|8|-2|2
1478|Commander In Enforcer Battlesuit|5|1||Fusion blaster|melta 2|12|Ranged|1|3|9|-4|D6
1478|Commander In Enforcer Battlesuit|6|1||Missile pod||30|Ranged|2|3|7|-1|2
1478|Commander In Enforcer Battlesuit|7|1||Plasma rifle||18|Ranged|1|3|8|-3|3
1478|Commander In Enforcer Battlesuit|8|1||T’au flamer|ignores cover, torrent|12|Ranged|D6|N/A|4|0|1
1478|Commander In Enforcer Battlesuit|9|1||Battlesuit fists||Melee|Melee|3|4|5|0|1
1479|Telemon Heavy Dreadnought|1|1||Arachnus storm cannon|devastating wounds|24|Ranged|12|2|6|-1|1
1479|Telemon Heavy Dreadnought|2|1||Iliastus accelerator culverin||48|Ranged|4|2|9|-1|3
1479|Telemon Heavy Dreadnought|3|1||Spiculus bolt launcher|blast|36|Ranged|D6+3|2|5|0|1
1479|Telemon Heavy Dreadnought|4|1||Twin plasma projector|torrent, twin-linked|12|Ranged|D3|N/A|7|-2|1
1479|Telemon Heavy Dreadnought|5|1||Armoured feet||Melee|Melee|5|2|7|0|1
1479|Telemon Heavy Dreadnought|6|1||Telemon caestus||Melee|Melee|5|2|12|-2|3
1481|Armiger Helverin|1|1||Armiger autocannon||48|Ranged|4|3|9|-1|3
1481|Armiger Helverin|2|1||Meltagun|melta 2|12|Ranged|1|3|9|-4|D6
1481|Armiger Helverin|3|1||Questoris heavy stubber|rapid fire 3|36|Ranged|3|3|4|-1|1
1481|Armiger Helverin|4|1||Armoured feet||Melee|Melee|4|3|6|0|1
1482|Armiger Warglaive|1|1||Meltagun|melta 2|12|Ranged|1|3|9|-4|D6
1482|Armiger Warglaive|2|1||Questoris heavy stubber|rapid fire 3|36|Ranged|3|3|4|-1|1
1482|Armiger Warglaive|3|1||Thermal spear|melta 4|18|Ranged|2|3|12|-4|D6
1482|Armiger Warglaive|4|1||Reaper chain-cleaver – strike||Melee|Melee|4|3|10|-3|3
1482|Armiger Warglaive|5|2||Reaper chain-cleaver – sweep||Melee|Melee|8|3|8|-2|1
1483|Knight Preceptor|1|1||Ironstorm missile pod|blast, indirect fire|48|Ranged|D6+1|3|5|0|1
1483|Knight Preceptor|2|1||Las-impulsor – high intensity|blast|24|Ranged|D6|3|14|-3|4
1483|Knight Preceptor|3|2||Las-impulsor – low intensity|blast|36|Ranged|2D6|3|7|-1|2
1483|Knight Preceptor|4|1||Meltagun|melta 2|12|Ranged|1|3|9|-4|D6
1483|Knight Preceptor|5|1||Questoris multi-laser||36|Ranged|4|3|6|0|1
1483|Knight Preceptor|6|1||Questoris heavy stubber|rapid fire 3|36|Ranged|3|3|4|-1|1
1483|Knight Preceptor|7|1||Stormspear rocket pod||48|Ranged|3|3|8|-2|D6
1483|Knight Preceptor|8|1||Twin Icarus autocannon|anti-fly 2+, twin-linked|48|Ranged|3|3|7|-1|2
1483|Knight Preceptor|9|1||Reaper chainsword – strike||Melee|Melee|4|3|14|-4|6
1483|Knight Preceptor|10|2||Reaper chainsword – sweep||Melee|Melee|12|3|9|-3|2
1483|Knight Preceptor|11|1||Thunderstrike gauntlet – strike||Melee|Melee|4|3|20|-3|8
1483|Knight Preceptor|12|2||Thunderstrike gauntlet – sweep||Melee|Melee|8|3|10|-2|3
1484|Canis Rex|1|1||Las-impulsor – high intensity|blast, sustained hits 1|24|Ranged|D6|2|14|-3|4
1484|Canis Rex|2|2||Las-impulsor – low intensity|blast, sustained hits 1|36|Ranged|2D6|2|7|-1|2
1484|Canis Rex|3|1||Questoris multi-laser|sustained hits 1|36|Ranged|4|2|6|0|1
1484|Canis Rex|4|1||Freedom’s Hand – strike|sustained hits 1|Melee|Melee|5|2|20|-3|9
1484|Canis Rex|5|2||Freedom’s Hand – sweep|sustained hits 1|Melee|Melee|10|2|10|-2|3
1485|Knight Castellan|1|1||Plasma decimator – standard|blast|48|Ranged|D6+3|3|8|-3|2
1485|Knight Castellan|2|2||Plasma decimator – supercharge|blast, hazardous|48|Ranged|D6+3|3|9|-4|3
1485|Knight Castellan|3|1||Shieldbreaker missile launcher|anti-titanic 4+, devastating wounds|72|Ranged|1|3|12|-6|D6+1
1485|Knight Castellan|4|1||Twin meltagun|melta 2, twin-linked|12|Ranged|1|3|9|-4|D6
1485|Knight Castellan|5|1||Twin siegebreaker cannon|blast, twin-linked|36|Ranged|D6|3|6|0|1
1485|Knight Castellan|6|1||Volcano lance|blast|72|Ranged|D3|3|18|-5|D6+8
1485|Knight Castellan|7|1||Titanic feet||Melee|Melee|4|4|8|-1|2
1486|Knight Valiant|1|1||Conflagration cannon|ignores cover, torrent|18|Ranged|3D6|N/A|8|-1|2
1486|Knight Valiant|2|1||Shieldbreaker missile launcher|anti-titanic 4+, devastating wounds|72|Ranged|1|3|12|-6|D6+1
1486|Knight Valiant|3|1||Thundercoil harpoon|blast, devastating wounds|12|Ranged|D3|3|24|-6|10
1486|Knight Valiant|4|1||Twin meltagun|melta 2, twin-linked|12|Ranged|1|3|9|-4|D6
1486|Knight Valiant|5|1||Twin siegebreaker cannon|blast, twin-linked|36|Ranged|D6|3|6|0|1
1486|Knight Valiant|6|1||Titanic feet||Melee|Melee|4|4|8|-1|2
1523|Scout Sniper Squad|1|1||Bolt pistol|pistol|12|Ranged|1|3|4|0|1
1523|Scout Sniper Squad|2|1||Missile launcher – frag|blast, heavy|48|Ranged|D6|4|4|0|1
1523|Scout Sniper Squad|3|2||Missile launcher – krak|heavy|48|Ranged|1|4|9|-2|D6
1523|Scout Sniper Squad|4|1||Scout sniper rifle|heavy, precision|36|Ranged|1|3|4|-2|2
1523|Scout Sniper Squad|5|1||Close combat weapon||Melee|Melee|2|3|4|0|1
1524|Sergeant Chronus|1|1||Bolt pistol|pistol|12|Ranged|1|2|4|0|1
1524|Sergeant Chronus|2|1||Chronus’ servo-arm||Melee|Melee|3|3|8|-2|3
1525|Secutarii Hoplites|1|1||Arc lance|anti-vehicle 4+, devastating wounds|12|Ranged|1|4|5|-1|1
1525|Secutarii Hoplites|2|1||Archeotech pistol|devastating wounds, pistol|12|Ranged|1|4|6|-1|1
1525|Secutarii Hoplites|3|1||Alpha close combat weapon||Melee|Melee|3|4|5|-1|1
1525|Secutarii Hoplites|4|1||Arc lance|anti-vehicle 4+, devastating wounds, lance|Melee|Melee|2|4|5|-1|1
1526|Secutarii Peltasts|1|1||Archeotech pistol|devastating wounds, pistol|12|Ranged|1|4|6|-1|1
1526|Secutarii Peltasts|2|1||Galvanic caster – flechette|assault|18|Ranged|5|4|4|0|1
1526|Secutarii Peltasts|3|2||Galvanic caster – hammershot|heavy|24|Ranged|2|4|5|-1|1
1526|Secutarii Peltasts|4|1||Alpha close combat weapon||Melee|Melee|2|4|5|-1|1
1526|Secutarii Peltasts|5|1||Close combat weapon||Melee|Melee|1|4|3|0|1
1527|Techmarine On Bike|1|1||Bolt pistol|pistol|12|Ranged|1|3|4|0|1
1527|Techmarine On Bike|2|1||Boltgun||24|Ranged|2|3|4|0|1
1527|Techmarine On Bike|3|1||Combi-weapon|anti-infantry 4+, devastating wounds, rapid fire 1|24|Ranged|1|4|4|0|1
1527|Techmarine On Bike|4|1||Conversion beamer|conversion, sustained hits d3|24|Ranged|1|3|8|-1|2
1527|Techmarine On Bike|5|1||Flamer|IGNORES COVER, TORRENT|12|Ranged|D6|N/A|4|0|1
1527|Techmarine On Bike|6|1||Grav-pistol|anti-vehicle 2+, pistol|12|Ranged|1|3|4|-1|2
1527|Techmarine On Bike|7|1||Plasma pistol – standard|PISTOL|12|Ranged|1|3|7|-2|1
1527|Techmarine On Bike|8|2||Plasma pistol – supercharge|HAZARDOUS, PISTOL|12|Ranged|1|3|8|-3|2
1527|Techmarine On Bike|9|1||Storm bolter|rapid fire 2|24|Ranged|2|3|4|0|1
1527|Techmarine On Bike|10|1||Twin boltgun|twin-linked|24|Ranged|2|3|4|0|1
1527|Techmarine On Bike|11|1||Astartes chainsword||Melee|Melee|5|3|4|-1|1
1527|Techmarine On Bike|12|1||Omnissian power axe||Melee|Melee|4|3|6|-2|2
1527|Techmarine On Bike|13|1||Plasma cutter|extra attacks|Melee|Melee|2|3|8|-2|2
1527|Techmarine On Bike|14|1||Power fist||Melee|Melee|4|3|8|-2|2
1527|Techmarine On Bike|15|1||Servo arm|extra attacks|Melee|Melee|1|3|8|-2|3
1527|Techmarine On Bike|16|1||Thunder hammer|devastating wounds|Melee|Melee|3|4|8|-2|2
1533|Terrax-pattern Termite|1|1||Combi-bolter|rapid fire 2|24|Ranged|2|4|4|0|1
1533|Terrax-pattern Termite|2|1||Heavy flamer|ignores cover, torrent|12|Ranged|D6|N/A|5|-1|1
1533|Terrax-pattern Termite|3|1||Terrax melta cutter|melta 2|12|Ranged|5|4|9|-4|D6
1533|Terrax-pattern Termite|4|1||Twin volkite charger|devastating wounds, twin-linked|18|Ranged|2|4|5|0|2
1533|Terrax-pattern Termite|5|1||Termite drill|anti-vehicle 3+|Melee|Melee|6|4|14|-2|D3+3
1536|Big Mek with Shokk Attack Gun|1|1||Shokk Attack Gun|BLAST 1, Heavy|60|Ranged|D3+3|5|12|-4|D6+1
1536|Big Mek with Shokk Attack Gun|2|1||Big Mek’s Toolz||Melee|Melee|4|3|5|0|1
1537|Deffkilla Wartrike|1|1||Boomstikks|ASSAULT, LETHAL HITS: non-MONSTER/VEHICLE|12|Ranged|6|5|5|0|1
1537|Deffkilla Wartrike|2|1||Snagga Klaw|ASSAULT, Precision|12|Ranged|1|5|7|-2|2
1537|Deffkilla Wartrike|3|1||Killa Jet - Burna|CLEAVE 1, Extra Attacks|Melee|Melee|3|3|5|-1|1
1537|Deffkilla Wartrike|4|2||Killa Jet - Cutta|Extra Attacks|Melee|Melee|1|3|10|-3|D6+2
1537|Deffkilla Wartrike|5|1||Snagga Klaw|CLEAVE 2|Melee|Melee|5|2|7|-2|2
1546|Abominant|1|1||Power sledgehammer||Melee|Melee|4|3|12|-2|D6+1
1553|Preacher|1|1||Holy pistol|pistol|12|Ranged|3|4|4|0|1
1553|Preacher|2|1||Zealot’s vindictor|ignores cover, torrent|12|Ranged|D6|N/A|5|0|1
1553|Preacher|3|1||Power Weapon||Melee|Melee|3|3|4|-2|1
1553|Preacher|4|1||Zealot’s vindictor||Melee|Melee|3|4|5|-1|2
1556|Haarken Worldclaimer|1|1||Helspear|assault, sustained hits d3|12|Ranged|1|2|8|-3|3
1556|Haarken Worldclaimer|2|1||Herald’s Talon|precision|Melee|Melee|6|2|5|-2|2
1556|Haarken Worldclaimer|3|1||Helspear|extra attacks, lance, sustained hits d3|Melee|Melee|1|2|8|-3|3
1557|Contemptor-galatus Dreadnought|1|1||Galatus warblade|ignores cover, torrent, twin-linked|12|Ranged|D6|N/A|6|-1|1
1557|Contemptor-galatus Dreadnought|2|1||Galatus warblade||Melee|Melee|8|2|8|-2|3
1558|Aquilon Custodians|1|1||Infernus firepike|ignores cover, torrent|12|Ranged|D6|N/A|6|-1|1
1558|Aquilon Custodians|2|1||Lastrum storm bolter|rapid fire 2|24|Ranged|2|2|5|-1|1
1558|Aquilon Custodians|3|1||Twin adrathic destructor|twin-linked|18|Ranged|1|2|6|-2|3
1558|Aquilon Custodians|4|1||Solerite power gauntlet||Melee|Melee|5|2|8|-2|2
1558|Aquilon Custodians|5|1||Solerite power talon||Melee|Melee|7|2|7|-2|1
1559|Custodian Guard With Adrasite And Pyrithite Spears|1|1||Adrasite spear||18|Ranged|1|2|5|-2|3
1559|Custodian Guard With Adrasite And Pyrithite Spears|2|1||Pyrithite spear|melta 2|12|Ranged|1|2|9|-4|D6
1559|Custodian Guard With Adrasite And Pyrithite Spears|3|1||Adrasite spear||Melee|Melee|5|2|7|-2|2
1559|Custodian Guard With Adrasite And Pyrithite Spears|4|1||Pyrithite spear||Melee|Melee|5|2|7|-2|2
1560|Agamatus Custodians|1|1||Adrathic devastator||18|Ranged|1|2|7|-2|3
1560|Agamatus Custodians|2|1||Lastrum bolt cannon|sustained hits 1|36|Ranged|3|2|6|-1|1
1560|Agamatus Custodians|3|1||Twin las-pulsar|twin-linked|24|Ranged|2|2|9|-1|2
1560|Agamatus Custodians|4|1||Interceptor lance|lance|Melee|Melee|5|2|7|-2|2
1561|Venatari Custodians|1|1||Kinetic destroyer|pistol, sustained hits 1|12|Ranged|2|2|6|-1|1
1561|Venatari Custodians|2|1||Venatari lance|assault|24|Ranged|2|2|4|-1|2
1561|Venatari Custodians|3|1||Tarsis buckler||Melee|Melee|5|2|5|-2|1
1561|Venatari Custodians|4|1||Venatari lance|lance|Melee|Melee|5|2|7|-2|2
1562|Pallas Grav-attack|1|1||Twin arachnus blaze cannon|devastating wounds, twin-linked|24|Ranged|8|2|5|-1|1
1562|Pallas Grav-attack|2|1||Armoured hull||Melee|Melee|3|4|6|0|1
1563|Sagittarum Custodians|1|1||Adrastus bolt caliver|sustained hits 1|36|Ranged|3|2|5|-1|2
1563|Sagittarum Custodians|2|1||Misericordia||Melee|Melee|4|2|5|-2|1
1564|Orion Assault Dropship|1|1||Arachnus heavy blaze cannon||36|Ranged|4|2|12|-3|D6+1
1564|Orion Assault Dropship|2|1||Spiculus heavy bolt launcher|blast|36|Ranged|D6+6|2|7|-1|2
1564|Orion Assault Dropship|3|1||Twin lastrum bolt cannon|sustained hits 1|36|Ranged|3|2|6|-1|1
1564|Orion Assault Dropship|4|1||Armoured hull||Melee|Melee|9|4|9|0|1
1565|Jackal Alphus|1|1||Autopistol|pistol|12|Ranged|1|3|3|0|1
1565|Jackal Alphus|2|1||Cult sniper rifle|heavy, precision|36|Ranged|1|3|5|-2|3
1565|Jackal Alphus|3|1||Close combat weapon||Melee|Melee|3|3|3|0|1
1567|Clamavus|1|1||Autopistol|pistol|12|Ranged|1|3|3|0|1
1567|Clamavus|2|1||Close combat weapon||Melee|Melee|2|3|3|0|1
1568|Locus|1|1||Locus blades||Melee|Melee|5|2|5|-2|2
1569|Sanctus|1|1||Cult sniper rifle|anti-psyker 2+, heavy, precision|36|Ranged|1|3|7|-2|3
1569|Sanctus|2|1||Sanctus bio-dagger|anti-infantry 3+, precision|Melee|Melee|6|2|3|-2|2
1569|Sanctus|3|1||Close combat weapon||Melee|Melee|2|3|3|0|1
1570|Kelermorph|1|1||Liberator autostubs|devastating wounds, pistol|12|Ranged|6|2|6|-2|1
1570|Kelermorph|2|1||Close combat weapon||Melee|Melee|3|3|3|0|1
1571|Nexos|1|1||Autopistol|pistol|12|Ranged|1|3|3|0|1
1571|Nexos|2|1||Close combat weapon||Melee|Melee|2|3|3|0|1
1572|Biophagus|1|1||Autopistol|pistol|12|Ranged|1|3|3|0|1
1572|Biophagus|2|1||Chemical vials|anti-infantry 2+|6|Ranged|1|3|1|-1|2
1572|Biophagus|3|1||Injector goad|anti-infantry 2+|Melee|Melee|1|3|2|0|D3
1573|Achilles Ridgerunners|1|1||Achilles missile launcher||36|Ranged|3|4|9|-2|3
1573|Achilles Ridgerunners|2|1||Heavy mining laser|blast|36|Ranged|D3|4|12|-3|D6+1
1573|Achilles Ridgerunners|3|1||Heavy mortar|blast, indirect fire|48|Ranged|D6+3|4|6|0|1
1573|Achilles Ridgerunners|4|1||Twin heavy stubber|twin-linked, rapid fire 3|36|Ranged|3|4|4|0|1
1573|Achilles Ridgerunners|5|1||Armoured hull||Melee|Melee|3|4|5|0|1
1574|ATALAN JACKAL|1|1||Atalan incinerator|ignores cover, torrent|12|Ranged|D6|N/A|5|-1|1
1574|ATALAN JACKAL|2|1||Atalan small arms|pistol|12|Ranged|2|4|4|0|1
1574|ATALAN JACKAL|3|1||Grenade launcher – frag|blast|24|Ranged|D3|4|4|0|1
1574|ATALAN JACKAL|4|2||Grenade launcher – krak||24|Ranged|1|4|9|-2|D3
1574|ATALAN JACKAL|5|1||Heavy stubber|assault, rapid fire 3|36|Ranged|3|4|4|0|1
1574|ATALAN JACKAL|6|1||Mining laser||24|Ranged|1|4|12|-3|D6+1
1574|ATALAN JACKAL|7|1||Atalan power weapon||Melee|Melee|2|4|4|-2|1
1574|ATALAN JACKAL|8|1||Close combat weapon||Melee|Melee|2|4|3|0|1
1576|Tectonic Fragdrill|1|1||Fragdrill||Melee|Melee|6|6|12|-2|D6
1577|Seraptek Heavy Construct|1|1||Singularity generator|blast, devastating wounds|36|Ranged|2D6|3|10|-3|4
1577|Seraptek Heavy Construct|2|1||Synaptic obliterator|sustained hits 2|48|Ranged|8|3|5|-1|2
1577|Seraptek Heavy Construct|3|1||Transdimensional projector||48|Ranged|2|3|24|-4|D6+4
1577|Seraptek Heavy Construct|4|1||Titanic forelimbs – strike||Melee|Melee|6|3|14|-3|5
1577|Seraptek Heavy Construct|5|2||Titanic forelimbs – sweep||Melee|Melee|12|3|8|-1|2
1579|Inquisitor Eisenhorn|1|1||Artificer bolt pistol||12|Ranged|4|3|4|0|2
1579|Inquisitor Eisenhorn|2|1||Mind Assault|devastating wounds, precision, psychic, sustained hits 1|18|Ranged|2|3|5|-2|3
1579|Inquisitor Eisenhorn|3|1||Runestaff and Barbarisater|psychic|Melee|Melee|5|3|6|-2|2
1580|Tech-priest Manipulus|1|1||Magnarail lance|heavy|36|Ranged|1|3|7|-2|3
1580|Tech-priest Manipulus|2|1||Transonic cannon|devastating wounds, torrent|12|Ranged|D6|N/A|4|0|2
1580|Tech-priest Manipulus|3|1||Omnissian staff||Melee|Melee|4|3|6|-1|2
1581|Master Of Possession|1|1||Bolt pistol|pistol|12|Ranged|1|3|4|0|1
1581|Master Of Possession|2|1||Rite of Possession – witchfire|anti-psyker 2+, pistol, precision, psychic|18|Ranged|2|3|4|-3|2
1581|Master Of Possession|3|2||Rite of Possession – focused witchfire|anti-psyker 2+, hazardous, pistol, precision, psychic|18|Ranged|2|3|6|-3|3
1581|Master Of Possession|4|1||Staff of possession|anti-psyker 2+, psychic|Melee|Melee|4|3|6|-1|D3
1583|Lord Discordant On Helstalker|1|1||Baleflamer|ignores cover, torrent|12|Ranged|D6+3|N/A|6|-1|2
1583|Lord Discordant On Helstalker|2|1||Bolt pistol|pistol|12|Ranged|1|2|4|0|1
1583|Lord Discordant On Helstalker|3|1||Helstalker autocannon||48|Ranged|3|2|9|-1|3
1583|Lord Discordant On Helstalker|4|1||Magma cutter|melta 2|6|Ranged|2|3|9|-4|D6
1583|Lord Discordant On Helstalker|5|1||Bladed limbs|extra attacks|Melee|Melee|4|3|6|-1|2
1583|Lord Discordant On Helstalker|6|1||Impaler chainglaive|lance|Melee|Melee|5|2|8|-3|3
1583|Lord Discordant On Helstalker|7|1||Techno-virus injector|anti-vehicle 2+, extra attacks|Melee|Melee|1|3|3|-3|2
1584|Master Of Executions|1|1||Bolt pistol|pistol|12|Ranged|1|3|4|0|1
1584|Master Of Executions|2|1||Axe of dismemberment|devastating wounds, precision|Melee|Melee|5|2|7|-2|2
1586|Venomcrawler|1|1||Excruciator cannon||36|Ranged|6|3|6|-1|2
1586|Venomcrawler|2|1||Soulflayer tendrils and claws||Melee|Melee|6|3|6|-1|2
1587|Noctilith Crown|1|1||Lashing warp energies||6|Ranged|8|4|8|-1|2
1589|Infernal Enrapturess|1|1||Heartstring lyre – cacophonous melody|assault|18|Ranged|6|3|6|0|1
1589|Infernal Enrapturess|2|2||Heartstring lyre – euphonic blast|assault|24|Ranged|1|3|12|-3|D6+1
1589|Infernal Enrapturess|3|1||Ravaging claws|devastating wounds|Melee|Melee|5|2|4|-1|1
1593||1|1||Laspistol|pistol|12|Ranged|2|4|3|0|1
1596|Rein And Raus|1|1||Demolition charge|blast, hazardous, one shot|6|Ranged|D6+3|4|12|-2|2
1596|Rein And Raus|2|1||Sniper rifle|heavy, precision|36|Ranged|1|3|4|-2|2
1596|Rein And Raus|3|1||Stub pistol|pistol|12|Ranged|1|3|4|0|1
1596|Rein And Raus|4|1||Close combat weapon||Melee|Melee|1|5|2|0|1
1598|Amallyn Shadowguide|1|1||Ranger long rifle|heavy, precision|36|Ranged|1|3|4|-1|2
1598|Amallyn Shadowguide|2|1||Power blade||Melee|Melee|4|3|4|-2|1
1600|Rogue Psyker|1|1||Laspistol|pistol|12|Ranged|1|4|3|0|1
1600|Rogue Psyker|2|1||Psychic Strike – focused witchfire|blast, devastating wounds, hazardous, psychic|12|Ranged|D6+3|3|6|-2|2
1600|Rogue Psyker|3|2||Psychic Strike – witchfire|blast, devastating wounds, psychic|12|Ranged|D6|3|6|-2|1
1600|Rogue Psyker|4|1||Chaos stave|psychic|Melee|Melee|1|4|6|-1|D3
1601|Negavolt Cultists|1|1||Electro-goads|sustained hits 2|Melee|Melee|3|3|4|0|1
1604|Fellgor Beastmen|1|1||Autopistol|pistol|12|Ranged|1|4|3|0|1
1604|Fellgor Beastmen|2|1||Bolt pistol|pistol|12|Ranged|1|4|4|0|1
1604|Fellgor Beastmen|3|1||Corrupted stave|devastating wounds, psychic|18|Ranged|D3|4|5|-1|1
1604|Fellgor Beastmen|4|1||Plasma pistol – standard|pistol|12|Ranged|1|4|7|-2|1
1604|Fellgor Beastmen|5|2||Plasma pistol – supercharge|hazardous, pistol|12|Ranged|1|4|8|-3|2
1604|Fellgor Beastmen|6|1||Chainsword||Melee|Melee|3|4|4|0|1
1604|Fellgor Beastmen|7|1||Close combat weapon||Melee|Melee|2|4|4|0|1
1604|Fellgor Beastmen|8|1||Corrupted stave|devastating wounds, psychic|Melee|Melee|2|4|4|-1|D3
1604|Fellgor Beastmen|9|1||Great weapon||Melee|Melee|2|5|8|-1|2
1606|Assault Intercessor Squad|1|1||Hand flamer|ignores cover, pistol, torrent|12|Ranged|D6|N/A|3|0|1
1606|Assault Intercessor Squad|2|1||Heavy bolt pistol|pistol|18|Ranged|1|3|4|-1|1
1606|Assault Intercessor Squad|3|1||Plasma pistol – standard|pistol|12|Ranged|1|3|7|-2|1
1606|Assault Intercessor Squad|4|2||Plasma pistol – supercharge|hazardous, pistol|12|Ranged|1|3|8|-3|2
1606|Assault Intercessor Squad|5|1||Astartes chainsword||Melee|Melee|4|3|4|-1|1
1606|Assault Intercessor Squad|6|1||Power fist||Melee|Melee|3|3|8|-2|2
1606|Assault Intercessor Squad|7|1||Power weapon||Melee|Melee|4|3|5|-2|1
1606|Assault Intercessor Squad|8|1||Thunder hammer|devastating wounds|Melee|Melee|3|4|8|-2|2
1607|Land Raider Achilles|1|1||Hunter-killer missile|one shot|48|Ranged|1|2|14|-3|D6
1607|Land Raider Achilles|2|1||Quad launcher – shatter shells||24|Ranged|4|3|9|-2|3
1607|Land Raider Achilles|3|2||Quad launcher – thunderfire shells|blast, indirect fire|60|Ranged|D6+4|3|5|0|1
1607|Land Raider Achilles|4|1||Storm bolter|rapid fire 2|24|Ranged|2|3|4|0|1
1607|Land Raider Achilles|5|1||Twin multi-melta|melta 2, twin-linked|18|Ranged|2|3|9|-4|D6
1607|Land Raider Achilles|6|1||Twin volkite culverin|devastating wounds, twin-linked|36|Ranged|4|3|6|0|2
1607|Land Raider Achilles|7|1||Armoured tracks||Melee|Melee|6|4|8|0|1
1608|Land Raider Proteus|1|1||Heavy bolter|sustained hits 1|36|Ranged|3|3|5|-1|2
1608|Land Raider Proteus|2|1||Hunter-killer missile|one shot|48|Ranged|1|2|14|-3|D6
1608|Land Raider Proteus|3|1||Multi-melta|melta 2|18|Ranged|2|3|9|-4|D6
1608|Land Raider Proteus|4|1||Storm bolter|rapid fire 2|24|Ranged|2|3|4|0|1
1608|Land Raider Proteus|5|1||Twin heavy bolter|twin-linked, sustained hits 1|36|Ranged|3|3|5|-1|2
1608|Land Raider Proteus|6|1||Twin heavy flamer|ignores cover, torrent, twin-linked|12|Ranged|D6|N/A|5|-1|1
1608|Land Raider Proteus|7|1||Twin lascannon|twin-linked|48|Ranged|1|3|12|-3|D6+1
1608|Land Raider Proteus|8|1||Armoured tracks||Melee|Melee|6|4|8|0|1
1609|Fire Raptor Gunship|1|1||Quad heavy bolter|twin-linked, sustained hits 1|36|Ranged|6|3|5|-1|2
1609|Fire Raptor Gunship|2|1||Twin autocannon|twin-linked|48|Ranged|2|3|9|-1|3
1609|Fire Raptor Gunship|3|1||Twin avenger bolt cannon|twin-linked|36|Ranged|10|3|6|-1|2
1609|Fire Raptor Gunship|4|1||Twin hellstrike launcher|anti-fly 2+, twin-linked|72|Ranged|2|3|10|-3|D6
1609|Fire Raptor Gunship|5|1||Twin lascannon|twin-linked|48|Ranged|1|3|12|-3|D6+1
1609|Fire Raptor Gunship|6|1||Armoured hull||Melee|Melee|6|4|8|0|1
1610|Storm Speeder Thunderstrike|1|1||Stormfury missiles||48|Ranged|1|2|12|-3|D6+1
1610|Storm Speeder Thunderstrike|2|1||Thunderstrike las-talon||36|Ranged|2|2|9|-3|D6+1
1610|Storm Speeder Thunderstrike|3|1||Twin Icarus rocket pod|anti-fly 2+, twin-linked|24|Ranged|D3|3|8|-1|2
1610|Storm Speeder Thunderstrike|4|1||Close combat weapon||Melee|Melee|4|3|4|0|1
1611|Chief Librarian Tigurius|1|1||Bolt pistol|pistol|12|Ranged|1|2|4|0|1
1611|Chief Librarian Tigurius|2|1||Storm of the Emperor’s Wrath – witchfire|blast, psychic|18|Ranged|D6|2|6|-2|2
1611|Chief Librarian Tigurius|3|2||Storm of the Emperor’s Wrath – focused witchfire|blast, hazardous, psychic|18|Ranged|2D6|2|6|-2|2
1611|Chief Librarian Tigurius|4|1||Rod of Tigurius|psychic|Melee|Melee|5|3|7|-2|D3
1636||3|1||Laspistol|pistol|12|Ranged|2|4|3|0|1
1638||1|1||Laspistol|pistol|12|Ranged|2|4|3|0|1
1647|Contorted Epitome|1|1||Coiled tentacles|extra attacks|Melee|Melee|D6|4|5|-1|2
1647|Contorted Epitome|2|1||Ravaging claws|devastating wounds|Melee|Melee|8|2|4|-1|1
1648|Shalaxi Helbane|1|1||Lash of Slaanesh|assault|12|Ranged|6|2|6|-1|2
1648|Shalaxi Helbane|2|1||Pavane of Slaanesh – witchfire|devastating wounds, psychic|18|Ranged|D6|2|9|-1|D3
1648|Shalaxi Helbane|3|2||Pavane of Slaanesh – focused witchfire|hazardous, devastating wounds, psychic, sustained hits 3|18|Ranged|D6|2|9|-2|D3
1648|Shalaxi Helbane|4|1||Snapping claws|devastating wounds, extra attacks|Melee|Melee|4|2|6|-2|3
1648|Shalaxi Helbane|5|1||Soulpiercer|precision|Melee|Melee|6|2|12|-3|D6+2
1649|Syll’esske|1|1||Cacophonic choir – witchfire|devastating wounds, ignores cover, psychic, torrent|12|Ranged|D6|N/A|6|-1|1
1649|Syll’esske|2|2||Cacophonic choir – focused witchfire|psychic, hazardous, ignores cover, devastating wounds, torrent|12|Ranged|2D6|N/A|6|-1|1
1649|Syll’esske|3|1||Scourging whip|assault|9|Ranged|6|3|4|-1|1
1649|Syll’esske|4|1||Axe of Dominion||Melee|Melee|6|3|7|-2|3
1649|Syll’esske|5|1||Scourging whip|extra attacks|Melee|Melee|6|2|4|-1|1
1650|Skorpius Dunerider|1|1||Cognis heavy stubber array|rapid fire 9, sustained hits 1, twin-linked|36|Ranged|9|4|4|0|1
1650|Skorpius Dunerider|2|1||Armoured hull||Melee|Melee|3|4|6|0|1
1651|Skorpius Disintegrator|1|1||Belleros energy cannon|blast, indirect fire|36|Ranged|2D6|4|7|-2|1
1651|Skorpius Disintegrator|2|1||Cognis heavy stubber|rapid fire 3, sustained hits 1|36|Ranged|3|4|4|0|1
1651|Skorpius Disintegrator|3|1||Disruptor missile launcher|twin-linked|36|Ranged|3|4|9|-2|D6
1651|Skorpius Disintegrator|4|1||Ferrumite cannon||48|Ranged|3|4|12|-3|D6+1
1651|Skorpius Disintegrator|5|1||Armoured hull||Melee|Melee|3|4|6|0|1
1658|Knight Despoiler|1|1||Daemonbreath meltagun|melta 2|12|Ranged|1|3|9|-4|D6
1658|Knight Despoiler|2|1||Daemonbreath thermal cannon|blast, melta 6|24|Ranged|2D3|3|12|-4|D6
1658|Knight Despoiler|3|1||Despoiler battle cannon|blast, rapid fire d6+3|72|Ranged|D6+3|3|10|-1|3
1658|Knight Despoiler|4|1||Despoiler gatling cannon||36|Ranged|18|3|6|-2|2
1658|Knight Despoiler|5|1||Diabolus heavy stubber|rapid fire 3|36|Ranged|3|3|5|0|1
1658|Knight Despoiler|6|1||Havoc missile pod|blast, indirect fire|48|Ranged|D6+1|3|5|0|1
1658|Knight Despoiler|7|1||Heavy darkflamer|ignores cover, torrent|12|Ranged|D6|N/A|5|-1|1
1658|Knight Despoiler|8|1||Hellstorm autocannons|anti-fly 2+, twin-linked|48|Ranged|3|3|7|-1|2
1658|Knight Despoiler|9|1||Ruinspear rocket pod||48|Ranged|3|3|8|-2|D6
1658|Knight Despoiler|10|1||Reaper chainsword – strike||Melee|Melee|4|3|14|-4|6
1658|Knight Despoiler|11|2||Reaper chainsword – sweep||Melee|Melee|12|3|9|-3|2
1658|Knight Despoiler|12|1||Titanic feet||Melee|Melee|4|4|8|-1|2
1658|Knight Despoiler|13|1||Warpstrike claw – strike||Melee|Melee|4|3|20|-3|8
1658|Knight Despoiler|14|2||Warpstrike claw – sweep||Melee|Melee|8|3|10|-2|3
1659|Knight Tyrant|1|1||Brimstone volcano lance|blast|60|Ranged|D3|3|20|-5|D6+8
1659|Knight Tyrant|2|1||Darkflame cannon|ignores cover, torrent|18|Ranged|3D6|N/A|8|-1|2
1659|Knight Tyrant|3|1||Ectoplasma decimator – standard|blast|36|Ranged|D6+3|3|8|-3|2
1659|Knight Tyrant|4|2||Ectoplasma decimator – supercharge|blast, hazardous|36|Ranged|D6+3|3|9|-4|3
1659|Knight Tyrant|5|1||Gheiststrike missile launcher|anti-titanic 4+, devastating wounds|72|Ranged|1|3|12|-6|D6+1
1659|Knight Tyrant|6|1||Twin daemonbreath meltagun|melta 2, twin-linked|12|Ranged|1|3|9|-4|D6
1659|Knight Tyrant|7|1||Twin Desecrator cannon|blast, twin-linked|36|Ranged|D6|3|6|0|1
1659|Knight Tyrant|8|1||Warpshock harpoon|blast, devastating wounds|12|Ranged|D3|3|24|-6|12
1659|Knight Tyrant|9|1||Titanic feet||Melee|Melee|4|4|8|-1|2
1660|Knight Desecrator|1|1||Desecrator laser destructor|DEVASTATING WOUNDS: MONSTER/VEHICLE|72|Ranged|3|2|18|-4|D6+3
1660|Knight Desecrator|2|1||Diabolus heavy stubber|rapid fire 3|36|Ranged|3|2|5|0|1
1660|Knight Desecrator|3|1||Reaper chainsword – strike||Melee|Melee|4|3|14|-4|6
1660|Knight Desecrator|4|2||Reaper chainsword – sweep||Melee|Melee|12|3|9|-3|2
1660|Knight Desecrator|5|1||Warpstrike claw – strike||Melee|Melee|4|3|20|-3|8
1660|Knight Desecrator|6|2||Warpstrike claw – sweep||Melee|Melee|8|3|10|-2|3
1661|Knight Rampager|1|1||Diabolus heavy stubber|rapid fire 3|36|Ranged|3|3|5|0|1
1661|Knight Rampager|2|1||Reaper chainsword – strike|sustained hits 1|Melee|Melee|6|2|14|-4|6
1661|Knight Rampager|3|2||Reaper chainsword – sweep|sustained hits 1|Melee|Melee|18|2|9|-3|2
1661|Knight Rampager|4|1||Warpstrike claw – strike|sustained hits 1|Melee|Melee|6|2|20|-3|8
1661|Knight Rampager|5|2||Warpstrike claw – sweep|sustained hits 1|Melee|Melee|12|2|10|-2|3
1662|Chaos Acastus Knight Asterius|1|1||Asterius volkite culverin|devastating wounds|24|Ranged|6|3|6|0|2
1662|Chaos Acastus Knight Asterius|2|1||Karacnos mortar battery|anti-infantry 2+, blast, ignores cover, indirect fire|48|Ranged|D6+3|3|6|-1|1
1662|Chaos Acastus Knight Asterius|3|1||Twin conversion beam cannon|conversion, sustained hits d3, twin-linked|48|Ranged|3|3|16|-2|6
1662|Chaos Acastus Knight Asterius|4|1||Titanic feet||Melee|Melee|6|4|10|-1|2
1663|War Dog Moirax|1|1||Conversion beam cannon|conversion, sustained hits d3|24|Ranged|1|3|10|-2|3
1663|War Dog Moirax|2|1||Graviton pulsar|ANTI-VEHICLE 2+, BLAST|24|Ranged|D6|3|7|-1|2
1663|War Dog Moirax|3|1||Lightning lock|sustained hits 2|36|Ranged|6|3|8|0|1
1663|War Dog Moirax|4|1||Rad cleanser|anti-infantry 2+, ignores cover, torrent|12|Ranged|D6|N/A|2|0|1
1663|War Dog Moirax|5|1||Volkite veuglaire|devastating wounds|36|Ranged|4|3|8|0|2
1663|War Dog Moirax|6|1||Armoured feet||Melee|Melee|4|3|6|0|1
1663|War Dog Moirax|7|1||Siege claw||Melee|Melee|4|3|12|-3|D6+2
1664|Acastus Knight Asterius|1|1||Asterius volkite culverin|devastating wounds|24|Ranged|6|3|6|0|2
1664|Acastus Knight Asterius|2|1||Karacnos mortar battery|anti-infantry 2+, blast, ignores cover, indirect fire|48|Ranged|D6+3|3|6|-1|1
1664|Acastus Knight Asterius|3|1||Twin conversion beam cannon|conversion, sustained hits d3, twin-linked|48|Ranged|3|3|16|-2|6
1664|Acastus Knight Asterius|4|1||Titanic feet||Melee|Melee|6|4|10|-1|2
1666|Falchion|1|1||Heavy bolter|sustained hits 1|36|Ranged|3|3|5|-1|2
1666|Falchion|2|1||Heavy flamer|ignores cover, torrent|12|Ranged|D6|N/A|5|-1|1
1666|Falchion|3|1||Laser destroyer|heavy|36|Ranged|3|3|14|-4|D6+1
1666|Falchion|4|1||Multi-melta|melta 2|18|Ranged|2|3|9|-4|D6
1666|Falchion|5|1||Quad lascannon||48|Ranged|4|3|12|-3|D6+1
1666|Falchion|6|1||Storm bolter|rapid fire 2|24|Ranged|2|3|4|0|1
1666|Falchion|7|1||Twin Falchion volcano cannon|blast, twin-linked|120|Ranged|D3+1|3|24|-5|12
1666|Falchion|8|1||Twin heavy bolter|sustained hits 1, twin-linked|36|Ranged|3|3|5|-1|2
1666|Falchion|9|1||Twin heavy flamer|ignores cover, torrent, twin-linked|12|Ranged|D6|N/A|5|-1|1
1666|Falchion|10|1||Armoured tracks||Melee|Melee|6|4|8|0|1
1667|Gladiator Reaper|1|1||Icarus rocket pod|anti-fly 2+|24|Ranged|D3|3|8|-1|2
1667|Gladiator Reaper|2|1||Ironhail heavy stubber|rapid fire 3|36|Ranged|3|3|4|0|1
1667|Gladiator Reaper|3|1||Tempest bolter|rapid fire 4|24|Ranged|4|3|4|-1|1
1667|Gladiator Reaper|4|1||Twin heavy onslaught gatling cannon|devastating wounds, twin-linked|24|Ranged|12|3|6|0|1
1667|Gladiator Reaper|5|1||Armoured hull||Melee|Melee|3|4|6|0|1
1668|Eliminator Squad|1|1||Bolt pistol|pistol|12|Ranged|1|3|4|0|1
1668|Eliminator Squad|2|1||Bolt sniper rifle|heavy, precision|36|Ranged|1|3|5|-2|3
1668|Eliminator Squad|3|1||Instigator bolt carbine|precision|24|Ranged|1|3|4|-2|2
1668|Eliminator Squad|4|1||Las fusil|heavy|36|Ranged|1|3|9|-3|D6
1668|Eliminator Squad|5|1||Close combat weapon||Melee|Melee|3|3|4|0|1
1680|Ares Gunship|1|1||Arachnus heavy blaze cannon||36|Ranged|4|2|12|-3|D6+1
1680|Ares Gunship|2|1||Arachnus magna-blaze cannon||48|Ranged|3|2|18|-4|D6+6
1680|Ares Gunship|3|1||Armoured hull||Melee|Melee|9|4|9|0|1
1822|X-101|1|1||Grav-gun|anti-vehicle 4+|18|Ranged|2|3|5|-1|2
1822|X-101|2|1||Hydraulic claw||Melee|Melee|2|4|8|-2|3
1825|Gladiator Valiant|1|1||Icarus rocket pod|anti-fly 2+|24|Ranged|D3|3|8|-1|2
1825|Gladiator Valiant|2|1||Ironhail heavy stubber|rapid fire 3|36|Ranged|3|3|4|0|1
1825|Gladiator Valiant|3|1||Multi-melta|melta 2|18|Ranged|2|3|9|-4|D6
1825|Gladiator Valiant|4|1||Twin las-talon|twin-linked|36|Ranged|2|3|10|-3|D6+1
1825|Gladiator Valiant|5|1||Armoured hull||Melee|Melee|3|4|6|0|1
1991|Terrax-pattern Termite|1|1||Combi-bolter|rapid fire 2|24|Ranged|2|3|4|0|1
1991|Terrax-pattern Termite|2|1||Heavy flamer|torrent, ignores cover|12|Ranged|D6|N/A|5|-1|1
1991|Terrax-pattern Termite|3|1||Terrax melta cutter|melta 2|12|Ranged|5|3|9|-4|D6
1991|Terrax-pattern Termite|4|1||Twin volkite charger|devastating wounds, twin-linked|18|Ranged|2|3|5|0|2
1991|Terrax-pattern Termite|5|1||Termite drill|anti-vehicle 3+|Melee|Melee|6|4|14|-2|D3+3
1994|Carnodon|1|1||Autocannon||48|Ranged|2|4|9|-1|3
1994|Carnodon|2|1||Carnodon twin autocannon|twin-linked|48|Ranged|2|4|9|-1|3
1994|Carnodon|3|1||Carnodon twin lascannon|twin-linked|48|Ranged|1|4|14|-3|D6+1
1994|Carnodon|4|1||Carnodon twin multi-laser|twin-linked|36|Ranged|6|4|6|0|1
1994|Carnodon|5|1||Heavy bolter|sustained hits 1|36|Ranged|3|4|5|-1|2
1994|Carnodon|6|1||Heavy flamer|ignores cover, torrent|12|Ranged|D6|N/A|5|-1|1
1994|Carnodon|7|1||Hunter-killer missile|one shot|48|Ranged|1|4|14|-3|D6
1994|Carnodon|8|1||Lascannon||48|Ranged|1|4|12|-3|D6+1
1994|Carnodon|9|1||Militarum Multi-laser||36|Ranged|4|4|6|0|1
1994|Carnodon|10|1||Volkite caliver|devastating wounds|24|Ranged|2|4|5|0|2
1994|Carnodon|11|1||Volkite culverin|devastating wounds|36|Ranged|4|4|6|0|2
1994|Carnodon|12|1||Armoured tracks||Melee|Melee|6|4|7|0|1
1997|Death Company Marines|1|1||Hand flamer|ignores cover, pistol, torrent|12|Ranged|D6|N/A|3|0|1
1997|Death Company Marines|2|1||Heavy bolt pistol|pistol|18|Ranged|1|3|4|-1|1
1997|Death Company Marines|3|1||Inferno pistol|pistol, melta 2|6|Ranged|1|3|8|-4|D3
1997|Death Company Marines|4|1||Plasma pistol – standard|pistol|12|Ranged|1|3|7|-2|1
1997|Death Company Marines|5|2||Plasma pistol – supercharge|hazardous, pistol|12|Ranged|1|3|8|-3|2
1997|Death Company Marines|6|1||Astartes chainsword||Melee|Melee|4|3|4|-1|1
1997|Death Company Marines|7|1||Eviscerator|sustained hits 1|Melee|Melee|3|4|7|-2|2
1997|Death Company Marines|8|1||Power fist||Melee|Melee|3|3|8|-2|2
1997|Death Company Marines|9|1||Power weapon||Melee|Melee|4|3|5|-2|1
1997|Death Company Marines|10|1||Thunder hammer|devastating wounds|Melee|Melee|3|4|8|-2|2
2063|Triumph Of Saint Katherine|1|1||Bolt pistols|pistol|12|Ranged|6|2|4|0|1
2063|Triumph Of Saint Katherine|2|1||Relic weapons||Melee|Melee|18|2|5|-2|1
2064|Junith Eruita|1|1||Twin Ministorum heavy flamer|ignores cover, torrent, twin-linked|12|Ranged|D6|N/A|6|-1|1
2064|Junith Eruita|2|1||Mace of Castigation||Melee|Melee|4|2|6|-2|2
2066|Zephyrim Squad|1|1||Bolt pistol|pistol|12|Ranged|1|3|4|0|1
2066|Zephyrim Squad|2|1||Plasma pistol – standard|pistol|12|Ranged|1|3|7|-2|1
2066|Zephyrim Squad|3|2||Plasma pistol – supercharge|hazardous, pistol|12|Ranged|1|3|8|-3|2
2066|Zephyrim Squad|4|1||Power weapon||Melee|Melee|3|3|4|-2|1
2067|Mortifiers|1|1||Heavy bolter|sustained hits 1|36|Ranged|3|3|5|-1|2
2067|Mortifiers|2|1||Mortifier flamer|ignores cover, torrent, twin-linked|12|Ranged|D6|N/A|5|0|1
2067|Mortifiers|3|1||Penitent buzz-blade|sustained hits 1|Melee|Melee|4|3|10|-3|2
2067|Mortifiers|4|1||Penitent flail|sustained hits 1|Melee|Melee|8|3|5|-1|1
2067|Mortifiers|5|1||Twin penitent buzz-blades|sustained hits 1, twin-linked|Melee|Melee|4|3|10|-3|2
2067|Mortifiers|6|1||Twin penitent flails|sustained hits 1, twin-linked|Melee|Melee|8|3|5|-1|1
2076|Attack Bike Squad|1|1||Bolt pistol|pistol|12|Ranged|1|3|4|0|1
2076|Attack Bike Squad|2|1||Heavy bolter|sustained hits 1|36|Ranged|3|3|5|-1|2
2076|Attack Bike Squad|3|1||Multi-melta|melta 2|18|Ranged|2|3|9|-4|D6
2076|Attack Bike Squad|4|1||Twin boltgun|twin-linked|24|Ranged|2|3|4|0|1
2076|Attack Bike Squad|5|1||Close combat weapon||Melee|Melee|3|3|4|0|1
2077|Warbringer Nemesis Titan|1|1||Anvillus defence battery|anti-fly 4+|72|Ranged|8|3|8|-1|2
2077|Warbringer Nemesis Titan|2|1||Ardex-defensor mauler||36|Ranged|6|3|6|-2|2
2077|Warbringer Nemesis Titan|3|1||Nemesis quake cannon|blast, indirect fire|480|Ranged|D6+6|3|16|-4|4
2077|Warbringer Nemesis Titan|4|1||Nemesis volcano cannon|blast|120|Ranged|D3+3|3|24|-5|14
2077|Warbringer Nemesis Titan|5|1||Reaver gatling blaster|sustained hits 1|72|Ranged|12|3|8|-2|3
2077|Warbringer Nemesis Titan|6|1||Reaver laser blaster|blast|72|Ranged|8|3|20|-3|D6+2
2077|Warbringer Nemesis Titan|7|1||Reaver melta cannon|blast, melta 4|48|Ranged|D6+2|3|13|-4|6
2077|Warbringer Nemesis Titan|8|1||Reaver volcano cannon|blast, heavy|120|Ranged|D3+1|3|24|-5|14
2077|Warbringer Nemesis Titan|9|1||Nemesis feet||Melee|Melee|6|4|12|-2|4
2081|Serberys Sulphurhounds|1|1||Mechanicus pistol|pistol, DEVASTATING WOUNDS|12|Ranged|1|4|6|-1|1
2081|Serberys Sulphurhounds|2|1||Phosphor blast carbine|blast, ignores cover|18|Ranged|D6|4|6|0|1
2081|Serberys Sulphurhounds|3|1||Phosphor pistol|ignores cover, pistol|12|Ranged|1|4|4|0|1
2081|Serberys Sulphurhounds|4|1||Sulphur breath|ignores cover, pistol, torrent|9|Ranged|D6|N/A|3|-1|1
2081|Serberys Sulphurhounds|5|1||Cavalry arc maul|anti-vehicle 4+, devastating wounds, extra attacks|Melee|Melee|1|4|5|-1|1
2081|Serberys Sulphurhounds|6|1||Clawed limbs||Melee|Melee|4|4|4|0|1
2082|Serberys Raiders|1|1||Mechanicus pistol|devastating wounds, pistol|12|Ranged|1|4|6|-1|1
2082|Serberys Raiders|2|1||Galvanic carbine|devastating wounds|18|Ranged|3|4|4|0|1
2082|Serberys Raiders|3|1||Cavalry sabre and clawed limbs||Melee|Melee|4|4|4|-1|1
2083|Pteraxii Sterylizors|1|1||Flechette blaster|pistol|12|Ranged|5|4|3|0|1
2083|Pteraxii Sterylizors|2|1||Phosphor torch|ignores cover, torrent|12|Ranged|D6|N/A|4|0|1
2083|Pteraxii Sterylizors|3|1||Pteraxii talons||Melee|Melee|2|4|4|0|1
2083|Pteraxii Sterylizors|4|1||Taser goad|sustained hits 2|Melee|Melee|3|4|6|0|1
2084|Pteraxii Skystalkers|1|1||Flechette blaster|pistol|12|Ranged|5|4|3|0|1
2084|Pteraxii Skystalkers|2|1||Flechette carbine||18|Ranged|6|4|3|0|1
2084|Pteraxii Skystalkers|3|1||Close combat weapon||Melee|Melee|2|4|3|0|1
2084|Pteraxii Skystalkers|4|1||Taser goad|sustained hits 2|Melee|Melee|3|4|6|0|1
2085|Archaeopter Transvector|1|1||Cognis heavy stubber array|rapid fire 9, sustained hits 1, twin-linked|36|Ranged|9|4|4|0|1
2085|Archaeopter Transvector|2|1||Armoured hull||Melee|Melee|3|4|6|0|1
2086|Archaeopter Stratoraptor|1|1||Cognis heavy stubber|rapid fire 3, sustained hits 1|36|Ranged|3|4|4|0|1
2086|Archaeopter Stratoraptor|2|1||Heavy phosphor blaster|ignores cover|36|Ranged|3|4|6|-1|2
2086|Archaeopter Stratoraptor|3|1||Twin cognis lascannon|sustained hits 1, twin-linked|48|Ranged|1|4|12|-3|D6+1
2086|Archaeopter Stratoraptor|4|1||Armoured hull||Melee|Melee|3|4|6|0|1
2087|Archaeopter Fusilave|1|1||Cognis heavy stubber array|rapid fire 9, sustained hits 1, twin-linked|36|Ranged|9|4|4|0|1
2087|Archaeopter Fusilave|2|1||Armoured hull||Melee|Melee|3|4|6|0|1
2088|Aleya|1|1||Somnus|anti-psyker 5+, devastating wounds|Melee|Melee|4|2|6|-3|3
2090|Inquisitor Draxus|1|1||Dirgesinger|anti-infantry 4+, assault, devastating wounds|18|Ranged|4|3|4|0|2
2090|Inquisitor Draxus|2|1||Psychic Tempest|psychic, sustained hits 2|18|Ranged|6|3|6|0|2
2090|Inquisitor Draxus|3|1||Power fist||Melee|Melee|3|3|6|-2|2
2092|Illuminor Szeras|1|1||Eldritch lance||36|Ranged|3|3|9|-3|3
2092|Illuminor Szeras|2|1||Eldritch lance||Melee|Melee|4|3|9|-3|3
2092|Illuminor Szeras|3|1||Impaling legs|extra attacks|Melee|Melee|4|3|6|-1|1
2098|Hellblaster Squad|1|1||Bolt pistol|pistol|12|Ranged|1|3|4|0|1
2098|Hellblaster Squad|2|1||Plasma incinerator – standard|assault, heavy|24|Ranged|2|3|7|-2|1
2098|Hellblaster Squad|3|2||Plasma incinerator – supercharge|assault, hazardous, heavy|24|Ranged|2|3|8|-3|2
2098|Hellblaster Squad|4|1||Plasma pistol – standard|pistol|12|Ranged|1|3|7|-2|1
2098|Hellblaster Squad|5|2||Plasma pistol – supercharge|hazardous, pistol|12|Ranged|1|3|8|-3|2
2098|Hellblaster Squad|6|1||Close combat weapon||Melee|Melee|3|3|4|0|1
2099|Aggressor Squad|1|1||Auto boltstorm gauntlets|twin-linked|18|Ranged|3|3|4|0|1
2099|Aggressor Squad|2|1||Flamestorm gauntlets|ignores cover, torrent, twin-linked|12|Ranged|D6+1|N/A|4|0|1
2099|Aggressor Squad|3|1||Fragstorm grenade launcher|blast|18|Ranged|D6|3|4|0|1
2099|Aggressor Squad|4|1||Twin power fists|twin-linked|Melee|Melee|3|3|8|-2|2
2100|Adrax Agatone|1|1||Drakkis|ignores cover, pistol, torrent|12|Ranged|D6+3|N/A|4|-1|1
2100|Adrax Agatone|2|1||Malleus Noctum||Melee|Melee|5|2|10|-2|3
2102|Land Speeder Typhoon|1|1||Heavy bolter|sustained hits 1|36|Ranged|3|3|5|-1|2
2102|Land Speeder Typhoon|2|1||Multi-melta|melta 2|18|Ranged|2|3|9|-4|D6
2102|Land Speeder Typhoon|3|1||Typhoon missile launcher – frag|blast|48|Ranged|2D6|3|4|0|1
2102|Land Speeder Typhoon|4|2||Typhoon missile launcher – krak||48|Ranged|2|3|9|-2|D6
2102|Land Speeder Typhoon|5|1||Close combat weapon||Melee|Melee|3|3|4|0|1
2103|Command Squad|1|1||Bolt pistol|pistol|12|Ranged|1|3|4|0|1
2103|Command Squad|2|1||Boltgun||24|Ranged|2|3|4|0|1
2103|Command Squad|3|1||Combi-weapon|ANTI-INFANTRY 4+, DEVASTATING WOUNDS, RAPID FIRE 1|24|Ranged|1|4|4|0|1
2103|Command Squad|4|1||Flamer|ignores cover, torrent|12|Ranged|D6|N/A|4|0|1
2103|Command Squad|5|1||Grav-cannon|ANTI-VEHICLE 2+, HEAVY|24|Ranged|3|4|6|-1|3
2103|Command Squad|6|1||Grav-gun|anti-vehicle 2+|18|Ranged|2|3|5|-1|2
2103|Command Squad|7|1||Grav-pistol|ANTI-VEHICLE 2+|12|Ranged|1|3|4|-1|2
2103|Command Squad|8|1||Hand flamer|IGNORES COVER, PISTOL, TORRENT|12|Ranged|D6|N/A|3|0|1
2103|Command Squad|9|1||Heavy bolter|HEAVY, SUSTAINED HITS 1|36|Ranged|3|4|5|-1|2
2103|Command Squad|10|1||Heavy flamer|IGNORES COVER, TORRENT|12|Ranged|D6|N/A|5|-1|1
2103|Command Squad|11|1||Inferno pistol|MELTA 2, PISTOL|6|Ranged|1|3|8|-4|D3
2103|Command Squad|12|1||Meltagun|melta 2|12|Ranged|1|3|9|-4|D6
2103|Command Squad|13|1||Lascannon|HEAVY|48|Ranged|1|4|12|-3|D6+1
2103|Command Squad|14|1||Missile launcher – frag|BLAST, HEAVY|48|Ranged|D6|4|4|0|1
2103|Command Squad|15|2||Missile launcher – krak|HEAVY|48|Ranged|1|4|9|-2|D6
2103|Command Squad|16|1||Multi-melta|HEAVY, MELTA 2|18|Ranged|2|4|9|-4|D6
2103|Command Squad|17|1||Plasma cannon – standard|BLAST, HEAVY|36|Ranged|D3|4|7|-2|1
2103|Command Squad|18|2||Plasma cannon – supercharge|BLAST, HAZARDOUS, HEAVY|36|Ranged|D3|4|8|-3|2
2103|Command Squad|19|1||Plasma gun – standard|rapid fire 1|24|Ranged|1|3|7|-2|1
2103|Command Squad|20|2||Plasma gun – supercharge|hazardous, rapid fire 1|24|Ranged|1|3|8|-3|2
2103|Command Squad|21|1||Plasma pistol – standard|PISTOL|12|Ranged|1|3|7|-2|1
2103|Command Squad|22|2||Plasma pistol – supercharge|HAZARDOUS, RAPID FIRE 1|12|Ranged|1|3|8|-3|2
2103|Command Squad|23|1||Storm bolter|RAPID FIRE 2|24|Ranged|2|3|4|0|1
2103|Command Squad|24|1||Astartes chainsword||Melee|Melee|4|3|4|-1|1
2103|Command Squad|25|1||Close combat weapon||Melee|Melee|3|3|4|0|1
2103|Command Squad|26|1||Champion’s blade|precision|Melee|Melee|4|3|5|-2|2
2103|Command Squad|27|1||Power fist||Melee|Melee|2|3|8|-2|2
2103|Command Squad|28|1||Power weapon||Melee|Melee|3|3|5|-2|1
2103|Command Squad|29|1||Thunder hammer|devastating wounds|Melee|Melee|2|4|8|-2|2
2103|Command Squad|30|1||Twin lightning claws|twin-linked|Melee|Melee|4|3|4|-2|1
2105|Darnath Lysander|1|1||Fist of Dorn|devastating wounds|Melee|Melee|5|2|10|-3|3
2108|Plasmancer|1|1||Plasmic lance||18|Ranged|3|4|7|-3|2
2108|Plasmancer|2|1||Plasmic lance||Melee|Melee|2|4|7|-3|2
2109|Skorpekh Lord|1|1||Enmitic annihilator|rapid fire 2|18|Ranged|2|2|6|-1|1
2109|Skorpekh Lord|2|1||Flensing claw||Melee|Melee|8|2|6|-1|1
2109|Skorpekh Lord|3|1||Hyperphase harvester||Melee|Melee|4|2|10|-3|3
2110|Skorpekh Destroyers|1|1||Skorpekh hyperphase weapons||Melee|Melee|4|3|7|-2|2
2111|Cryptothralls|1|1||Scouring eye||6|Ranged|2|4|5|-1|1
2111|Cryptothralls|2|1||Scythed limbs||Melee|Melee|4|4|5|-1|1
2112|Canoptek Reanimator|1|1||Atomiser beam||12|Ranged|3|4|6|-2|1
2112|Canoptek Reanimator|2|1||Reanimator’s claws||Melee|Melee|4|4|5|0|1
2114|Canoptek Scarab Swarms|1|1||Feeder mandibles|lethal hits|Melee|Melee|6|5|2|0|1
2115|Canoptek Doomstalker|1|1||Doomsday blaster|blast, heavy|48|Ranged|D6+1|4|14|-3|3
2115|Canoptek Doomstalker|2|1||Twin gauss flayer|lethal hits, rapid fire 1, twin-linked|24|Ranged|1|4|4|0|1
2115|Canoptek Doomstalker|3|1||Doomstalker limbs||Melee|Melee|3|4|6|0|1
2116|Lokhust Heavy Destroyers|1|1||Enmitic exterminator|heavy, rapid fire 6, sustained hits 1|36|Ranged|6|3|6|-1|1
2116|Lokhust Heavy Destroyers|2|1||Gauss destructor|heavy, lethal hits|48|Ranged|1|3|14|-4|6
2116|Lokhust Heavy Destroyers|3|1||Close combat weapon||Melee|Melee|2|3|4|0|1
2173|Land Raider Redeemer|1|1||Flamestorm cannon|ignores cover, torrent|12|Ranged|D6+3|N/A|6|-2|2
2173|Land Raider Redeemer|2|1||Hunter-killer missile|one shot|48|Ranged|1|2|14|-3|D6
2173|Land Raider Redeemer|3|1||Multi-melta|melta 2|18|Ranged|2|3|9|-4|D6
2173|Land Raider Redeemer|4|1||Storm bolter|rapid fire 2|24|Ranged|2|3|4|0|1
2173|Land Raider Redeemer|5|1||Twin assault cannon|devastating wounds, twin-linked|24|Ranged|6|3|6|0|1
2173|Land Raider Redeemer|6|1||Armoured tracks||Melee|Melee|6|4|8|0|1
2202|Devastator Squad|1|1||Bolt pistol|pistol|12|Ranged|1|3|4|0|1
2202|Devastator Squad|2|1||Boltgun||24|Ranged|2|3|4|0|1
2202|Devastator Squad|3|1||Combi-weapon|ANTI-INFANTRY 4+, DEVASTATING WOUNDS, RAPID FIRE 1|24|Ranged|1|4|4|0|1
2202|Devastator Squad|4|1||Grav-cannon|anti-vehicle 2+, heavy|24|Ranged|3|4|6|-1|3
2202|Devastator Squad|5|1||Grav-pistol|ANTI-VEHICLE 2+, PISTOL|12|Ranged|1|3|4|-1|2
2202|Devastator Squad|6|1||Heavy bolter|heavy, sustained hits 1|36|Ranged|3|4|5|-1|2
2202|Devastator Squad|7|1||Lascannon|heavy|48|Ranged|1|4|12|-3|D6+1
2202|Devastator Squad|8|1||Missile launcher – frag|blast, heavy|48|Ranged|D6|4|4|0|1
2202|Devastator Squad|9|2||Missile launcher – krak|heavy|48|Ranged|1|4|9|-2|D6
2202|Devastator Squad|10|1||Multi-melta|heavy, melta 2|18|Ranged|2|4|9|-4|D6
2202|Devastator Squad|11|1||Plasma cannon – standard|BLAST, HEAVY|36|Ranged|D3|4|7|-2|1
2202|Devastator Squad|12|2||Plasma cannon – supercharge|BLAST, HAZARDOUS, HEAVY|36|Ranged|D3|4|8|-3|2
2202|Devastator Squad|13|1||Plasma pistol – standard|PISTOL|12|Ranged|1|3|7|-2|1
2202|Devastator Squad|14|2||Plasma pistol – supercharge|HAZARDOUS, PISTOL|12|Ranged|1|3|8|-3|2
2202|Devastator Squad|15|1||Storm bolter|RAPID FIRE 2|24|Ranged|2|3|4|0|1
2202|Devastator Squad|16|1||Astartes chainsword||Melee|Melee|4|3|4|-1|1
2202|Devastator Squad|17|1||Close combat weapon||Melee|Melee|2|3|4|0|1
2202|Devastator Squad|18|1||Power fist||Melee|Melee|2|3|8|-2|2
2202|Devastator Squad|19|1||Power weapon||Melee|Melee|3|3|5|-2|1
2202|Devastator Squad|20|1||Thunder hammer|devastating wounds|Melee|Melee|2|4|8|-2|2
2234|Primaris Company Champion|1|1||Bolt pistol|pistol|12|Ranged|1|3|4|0|1
2234|Primaris Company Champion|2|1||Master-crafted power weapon|precision|Melee|Melee|5|2|5|-2|2
2252|Spartan|1|1||Heavy bolter|sustained hits 1|36|Ranged|3|3|5|-1|2
2252|Spartan|2|1||Heavy flamer|torrent, ignores cover|12|Ranged|D6|N/A|5|-1|1
2252|Spartan|3|1||Laser destroyer|heavy|36|Ranged|3|3|14|-4|D6+1
2252|Spartan|4|1||Multi-melta|melta 2|18|Ranged|2|3|9|-4|D6
2252|Spartan|5|1||Quad lascannon||48|Ranged|4|3|12|-3|D6+1
2252|Spartan|6|1||Storm bolter|rapid fire 2|24|Ranged|2|3|4|0|1
2252|Spartan|7|1||Twin heavy bolter|sustained hits 1, twin-linked|36|Ranged|3|3|5|-1|2
2252|Spartan|8|1||Twin heavy flamer|ignores cover, torrent, twin-linked|12|Ranged|D6|N/A|5|-1|1
2252|Spartan|9|1||Armoured tracks||Melee|Melee|6|4|8|0|1
2255|Sternguard Veteran Squad|1|1||Combi-weapon|anti-infantry 4+, devastating wounds, rapid fire 1|24|Ranged|1|4|4|0|1
2255|Sternguard Veteran Squad|2|1||Pyrecannon|IGNORES COVER,TORRENT|12|Ranged|D6+1|N/A|6|-1|1
2255|Sternguard Veteran Squad|3|1||Sternguard bolt pistol|devastating wounds, pistol|12|Ranged|1|3|4|0|1
2255|Sternguard Veteran Squad|4|1||Sternguard bolt rifle|assault, devastating wounds, heavy, rapid fire 1|24|Ranged|2|3|4|-1|1
2255|Sternguard Veteran Squad|5|1||Sternguard heavy bolter|devastating wounds, heavy, sustained hits 1|36|Ranged|3|4|5|-1|2
2255|Sternguard Veteran Squad|6|1||Astartes chainsword||Melee|Melee|4|3|4|-1|1
2255|Sternguard Veteran Squad|7|1||Close combat weapon||Melee|Melee|4|3|4|0|1
2255|Sternguard Veteran Squad|8|1||Power weapon||Melee|Melee|5|2|5|-2|1
2255|Sternguard Veteran Squad|9|1||Power fist||Melee|Melee|3|3|8|-2|2
2258|Stalker|1|1||Hunter-killer missile|one shot|48|Ranged|1|2|14|-3|D6
2258|Stalker|2|1||Icarus stormcannon|anti-fly 2+|48|Ranged|6|3|7|-1|2
2258|Stalker|3|1||Storm bolter|rapid fire 2|24|Ranged|2|3|4|0|1
2258|Stalker|4|1||Armoured tracks||Melee|Melee|3|4|6|0|1
2266|Librarian|1|1||Bolt pistol|pistol|12|Ranged|1|3|4|0|1
2266|Librarian|2|1||Smite – witchfire|psychic|24|Ranged|D6|3|5|-1|D3
2266|Librarian|3|2||Smite – focused witchfire|devastating wounds, hazardous, psychic|24|Ranged|D6|3|6|-2|D3
2266|Librarian|4|1||Force weapon|psychic|Melee|Melee|4|3|6|-1|D3
2267|Deathstorm Drop Pod|1|1||Deathstorm cannon array|sustained hits 2|18|Ranged|12|4|6|0|1
2267|Deathstorm Drop Pod|2|1||Deathstorm missile array|blast|18|Ranged|2D6|4|8|-2|2
2268|Deimos Predator|1|1||Conversion beam cannon|conversion, sustained hits d3|24|Ranged|1|3|7|-1|3
2268|Deimos Predator|2|1||Heavy bolter|SUSTAINED HITS 1|36|Ranged|3|3|5|-1|2
2268|Deimos Predator|3|1||Heavy flamer|IGNORES COVER, TORRENT|12|Ranged|D6|N/A|5|-1|1
2268|Deimos Predator|4|1||Hunter-killer missile|one shot|48|Ranged|1|2|14|-3|D6
2268|Deimos Predator|5|1||Infernus cannon|ignores cover, torrent|12|Ranged|2D6|N/A|6|-1|1
2268|Deimos Predator|6|1||Lascannon||48|Ranged|1|3|12|-3|D6+1
2268|Deimos Predator|7|1||Magna-melta cannon|melta 4|18|Ranged|2|3|12|-4|D6
2268|Deimos Predator|8|1||Plasma destroyer – standard|blast|36|Ranged|D3|3|8|-2|2
2268|Deimos Predator|9|2||Plasma destroyer – supercharge|blast, hazardous|36|Ranged|D3|3|9|-3|3
2268|Deimos Predator|10|1||Storm bolter|rapid fire 2|24|Ranged|2|3|4|0|1
2268|Deimos Predator|11|1||Armoured tracks||Melee|Melee|3|4|6|0|1
2269|Deredeo Dreadnought|1|1||Aiolos missile launcher|blast|48|Ranged|D6+3|3|5|0|1
2269|Deredeo Dreadnought|2|1||Anvilus autocannon battery|twin-linked|48|Ranged|4|3|9|-1|3
2269|Deredeo Dreadnought|3|1||Arachnus heavy lascannon battery||48|Ranged|2|3|12|-3|D6+1
2269|Deredeo Dreadnought|4|1||Boreas air defence missiles|anti-fly 2+|48|Ranged|1|3|12|-3|D6+1
2269|Deredeo Dreadnought|5|1||Hellfire plasma cannonade – standard||36|Ranged|6|3|7|-2|2
2269|Deredeo Dreadnought|6|2||Hellfire plasma cannonade – supercharge|hazardous|36|Ranged|6|3|8|-3|3
2269|Deredeo Dreadnought|7|1||Twin heavy bolter|sustained hits 1, twin-linked|36|Ranged|3|3|5|-1|2
2269|Deredeo Dreadnought|8|1||Twin heavy flamer|ignores cover, torrent, twin-linked|12|Ranged|D6|N/A|5|-1|1
2269|Deredeo Dreadnought|9|1||Volkite falconet battery|devastating wounds|30|Ranged|6|3|9|0|2
2269|Deredeo Dreadnought|10|1||Armoured feet||Melee|Melee|5|3|6|0|1
2270|Desolation Squad|1|1||Bolt pistol|pistol|12|Ranged|1|3|4|0|1
2270|Desolation Squad|2|1||Castellan launcher|blast, indirect fire|36|Ranged|D3|3|4|0|1
2270|Desolation Squad|3|1||Superfrag rocket launcher|blast, heavy|48|Ranged|D6+1|4|5|0|1
2270|Desolation Squad|4|1||Superkrak rocket launcher|heavy|48|Ranged|1|4|10|-2|D6+1
2270|Desolation Squad|5|1||Vengor launcher|blast, indirect fire|48|Ranged|D6|2|7|-1|2
2270|Desolation Squad|6|1||Close combat weapon||Melee|Melee|3|3|4|0|1
2285|Death Company Marines|1|1||Astartes grenade launcher - frag|blast|24|Ranged|D3|3|4|0|1
2285|Death Company Marines|2|2||Astartes grenade launcher - krak||24|Ranged|1|3|9|-1|D3
2285|Death Company Marines|3|1||Bolt pistol|pistol|12|Ranged|1|3|4|0|1
2285|Death Company Marines|4|1||Bolt rifle|assault, heavy|24|Ranged|2|3|4|-1|1
2285|Death Company Marines|5|1||Hand flamer|ignores cover, pistol, torrent|12|Ranged|D6|N/A|3|0|1
2285|Death Company Marines|6|1||Inferno pistol|pistol, melta 2|6|Ranged|1|3|8|-4|D3
2285|Death Company Marines|7|1||Plasma pistol – standard|pistol|12|Ranged|1|3|7|-2|1
2285|Death Company Marines|8|2||Plasma pistol – supercharge|hazardous, pistol|12|Ranged|1|3|8|-3|2
2285|Death Company Marines|9|1||Astartes chainsword||Melee|Melee|4|3|4|-1|1
2285|Death Company Marines|10|1||Close combat weapon||Melee|Melee|3|3|4|0|1
2285|Death Company Marines|11|1||Eviscerator|sustained hits 1|Melee|Melee|3|3|7|-2|2
2285|Death Company Marines|12|1||Power fist||Melee|Melee|3|3|8|-2|2
2285|Death Company Marines|13|1||Power weapon||Melee|Melee|4|3|5|-2|1
2285|Death Company Marines|14|1||Thunder hammer|devastating wounds|Melee|Melee|3|4|8|-2|2
2291|Sammael|1|1||Bolt pistol|pistol|12|Ranged|1|2|4|0|1
2291|Sammael|2|1||Master-crafted plasma cannon|blast|36|Ranged|D3|2|8|-3|2
2291|Sammael|3|1||Twin storm bolter|rapid fire 2, twin-linked|24|Ranged|2|2|4|0|1
2291|Sammael|4|1||The Raven Sword|sustained hits 2|Melee|Melee|6|2|6|-3|2
2296|Lazarus|1|1||Bolt pistol|pistol|12|Ranged|1|2|4|0|1
2296|Lazarus|2|1||Enmity’s Edge|anti-psyker 2+|Melee|Melee|6|2|6|-3|2
2302|Deathwing Command Squad|1|1||Assault cannon|devastating wounds|24|Ranged|6|3|6|0|1
2302|Deathwing Command Squad|2|1||Cyclone missile launcher – frag|blast|36|Ranged|2D6|3|4|0|1
2302|Deathwing Command Squad|3|2||Cyclone missile launcher – krak||36|Ranged|2|3|9|-2|D6
2302|Deathwing Command Squad|4|1||Heavy flamer|ignores cover, torrent|12|Ranged|D6|N/A|5|-1|1
2302|Deathwing Command Squad|5|1||Plasma cannon – standard|blast|36|Ranged|D3|3|7|-2|1
2302|Deathwing Command Squad|6|2||Plasma cannon – supercharge|blast, hazardous|36|Ranged|D3|3|8|-3|2
2302|Deathwing Command Squad|7|1||Storm bolter|rapid fire 2|24|Ranged|2|3|4|0|1
2302|Deathwing Command Squad|8|1||Chainfist|anti-vehicle 3+|Melee|Melee|3|4|8|-2|2
2302|Deathwing Command Squad|9|1||Halberd of Caliban|precision|Melee|Melee|5|3|6|-2|2
2302|Deathwing Command Squad|10|1||Power fist||Melee|Melee|3|3|8|-2|2
2302|Deathwing Command Squad|11|1||Power weapon||Melee|Melee|4|3|5|-2|1
2302|Deathwing Command Squad|12|1||Thunder hammer|devastating wounds|Melee|Melee|3|4|8|-2|2
2302|Deathwing Command Squad|13|1||Twin lightning claws|twin-linked|Melee|Melee|5|3|5|-2|1
2350|Royal Warden|1|1||Relic gauss blaster|lethal hits, rapid fire 2|24|Ranged|2|3|5|-1|2
2350|Royal Warden|2|1||Close combat weapon||Melee|Melee|4|3|5|0|1
2351|Lokhust Lord|1|1||Staff of light||18|Ranged|3|2|5|-2|1
2351|Lokhust Lord|2|1||Lord’s blade|devastating wounds|Melee|Melee|4|2|8|-3|2
2351|Lokhust Lord|3|1||Staff of light||Melee|Melee|4|2|5|-2|1
2352|Technomancer|1|1||Staff of light||18|Ranged|3|4|5|-2|1
2352|Technomancer|2|1||Staff of light||Melee|Melee|2|4|5|-2|1
2353|Psychomancer|1|1||Abyssal lance||18|Ranged|1|4|6|-3|3
2353|Psychomancer|2|1||Abyssal lance||Melee|Melee|1|4|6|-3|3
2354|Chronomancer|1|1||Aeonstave|blast|18|Ranged|D6|4|5|-1|1
2354|Chronomancer|2|1||Aeonstave||Melee|Melee|3|4|5|-1|1
2355|Hexmark Destroyer|1|1||Enmitic disintegrator pistols|pistol, Ignores Cover|18|Ranged|6|2|6|-2|1
2355|Hexmark Destroyer|2|1||Close combat weapon||Melee|Melee|4|3|5|0|1
2357|C’tan Shard of the Void Dragon|1|1||Spear of the Void Dragon|anti-vehicle 2+|12|Ranged|D3|2|8|-3|D6+2
2357|C’tan Shard of the Void Dragon|2|1||Voltaic storm|blast, sustained hits 2|18|Ranged|D6+3|2|7|-1|2
2357|C’tan Shard of the Void Dragon|3|1||Spear of the Void Dragon – strike|anti-vehicle 2+|Melee|Melee|5|2|12|-4|D6+2
2357|C’tan Shard of the Void Dragon|4|2||Spear of the Void Dragon – sweep||Melee|Melee|10|2|8|-1|2
2357|C’tan Shard of the Void Dragon|5|1||Canoptek tail blades|extra attacks|Melee|Melee|6|2|6|-1|1
2358|Ophydian Destroyers|1|1||Ophydian hyperphase weapons||Melee|Melee|5|3|4|-2|2
2359|Lokhust Destroyers|1|1||Gauss cannon|lethal hits|24|Ranged|3|3|5|-2|2
2359|Lokhust Destroyers|2|1||Close combat weapon||Melee|Melee|2|3|4|0|1
2360|SZAREKH|1|1||Annihilator beam||24|Ranged|1|2|14|-4|6
2360|SZAREKH|2|1||Sceptre of Eternal Glory|devastating wounds|24|Ranged|2|2|10|-3|3
2360|SZAREKH|3|1||Staff of Stars|indirect fire|24|Ranged|12|2|6|-1|1
2360|SZAREKH|4|1||Armoured bulk||Melee|Melee|1|4|4|0|1
2360|SZAREKH|5|1||Weapons of the Final Triarch|lethal hits|Melee|Melee|12|2|8|-3|2
2361|Convergence Of Dominion|1|1||Transdimensional abductor||18|Ranged|3|4|6|-2|3
2362|Tomb Citadel Walls|1|1||Gauss exterminator|lethal hits|48|Ranged|1|4|14|-3|6
2362|Tomb Citadel Walls|2|1||Twin tesla destructor|sustained hits 2, twin-linked|36|Ranged|6|3|8|0|2
2374|GRENADIER|1|1||Flamer|ignores cover, torrent|12|Ranged|D6|N/A|4|0|1
2374|GRENADIER|2|1||Grenade launcher – frag|blast|24|Ranged|D3|3|4|0|1
2374|GRENADIER|3|2||Grenade launcher – krak||24|Ranged|1|3|9|-2|D3
2374|GRENADIER|4|1||Heavy flamer|ignores cover, torrent|12|Ranged|D6|N/A|5|-1|1
2374|GRENADIER|5|1||Heavy stubber|heavy, rapid fire 3|36|Ranged|3|4|4|0|1
2374|GRENADIER|6|1||Hot-shot lasgun|rapid fire 1|24|Ranged|1|3|3|-1|1
2374|GRENADIER|7|1||Meltagun|melta 2|12|Ranged|1|3|9|-4|D6
2374|GRENADIER|8|1||Plasma gun – standard|rapid fire 1|24|Ranged|1|3|7|-2|1
2374|GRENADIER|9|2||Plasma gun – supercharge|hazardous, rapid fire 1|24|Ranged|1|3|8|-3|2
2374|GRENADIER|10|1||Sergeant’s pistol|pistol|12|Ranged|1|3|3|-1|1
2374|GRENADIER|11|1||Sniper rifle|heavy, precision|36|Ranged|1|3|4|-2|2
2374|GRENADIER|12|1||Close combat weapon||Melee|Melee|1|4|3|0|1
2374|GRENADIER|13|1||Sergeant’s close combat weapon||Melee|Melee|2|4|4|-2|1
2375|QUARTERMASTER REVENANT|1|1||Quartermaster’s pistol|pistol|12|Ranged|1|3|3|-1|1
2375|QUARTERMASTER REVENANT|2|1||Medical scalpels||Melee|Melee|1|5|3|0|1
2375|QUARTERMASTER REVENANT|3|1||Quartermaster’s close combat weapon||Melee|Melee|2|3|4|-2|1
2377|Elysian Sniper Squad|1|1||Lasgun|rapid fire 1|24|Ranged|1|4|3|0|1
2377|Elysian Sniper Squad|2|1||Sniper rifle|heavy, precision|36|Ranged|1|3|4|-2|2
2377|Elysian Sniper Squad|3|1||Close combat weapon||Melee|Melee|1|4|3|0|1
2378|Death Rider Commissar|1|1||Commissar’s pistol|pistol|12|Ranged|1|3|3|-1|1
2378|Death Rider Commissar|2|1||Commissar’s close combat weapon||Melee|Melee|3|3|4|-2|1
2378|Death Rider Commissar|3|1||Savage claws|extra attacks|Melee|Melee|2|4|4|-1|1
2379|Storm Chimera|1|1||Autocannon||48|Ranged|2|4|9|-1|3
2379|Storm Chimera|2|1||Heavy bolter|sustained hits 1|36|Ranged|3|4|5|-1|2
2379|Storm Chimera|3|1||Heavy flamer|ignores cover, torrent|12|Ranged|D6|N/A|5|-1|1
2379|Storm Chimera|4|1||Heavy stubber|rapid fire 3|36|Ranged|3|4|4|0|1
2379|Storm Chimera|5|1||Hunter-killer missile|one shot|48|Ranged|1|4|14|-3|D6
2379|Storm Chimera|6|1||Storm bolter|rapid fire 2|24|Ranged|2|4|4|0|1
2379|Storm Chimera|7|1||Armoured tracks||Melee|Melee|3|4|6|0|1
2460|Lord of Virulence|1|1||Twin plague spewer|anti-infantry 2+, ignores cover, torrent, twin-linked|12|Ranged|D6|N/A|5|-1|1
2460|Lord of Virulence|2|1||Power fist|lethal hits|Melee|Melee|5|2|8|-2|2
2461|Chaos Predator Destructor|1|1||Combi-bolter|lethal hits, rapid fire 2|24|Ranged|2|3|4|0|1
2461|Chaos Predator Destructor|2|1||Combi-weapon|anti-infantry 4+, devastating wounds, rapid fire 1|24|Ranged|1|4|4|0|1
2461|Chaos Predator Destructor|3|1||Havoc launcher|blast|48|Ranged|D6|3|5|0|1
2461|Chaos Predator Destructor|4|1||Heavy bolter|lethal hits, sustained hits 1|36|Ranged|3|3|5|-1|2
2461|Chaos Predator Destructor|5|1||Lascannon||48|Ranged|1|3|12|-3|D6+1
2461|Chaos Predator Destructor|6|1||Predator autocannon|lethal hits, rapid fire 2|48|Ranged|4|3|9|-1|3
2461|Chaos Predator Destructor|7|1||Armoured tracks||Melee|Melee|3|4|6|0|1
2462|Miasmic Malignifier|1|1||Miasmic gouts|ignores cover, torrent|9|Ranged|2D6|N/A|3|0|1
2468|Deathwing Strikemaster|1|1||Storm bolter|rapid fire 2|24|Ranged|2|2|4|0|1
2468|Deathwing Strikemaster|2|1||Chainfist|anti-vehicle 3+|Melee|Melee|4|3|8|-2|2
2468|Deathwing Strikemaster|3|1||Mace of absolution||Melee|Melee|5|2|6|-1|3
2468|Deathwing Strikemaster|4|1||Master-crafted power weapon||Melee|Melee|5|2|5|-2|2
2468|Deathwing Strikemaster|5|1||Power fist||Melee|Melee|4|2|8|-2|2
2468|Deathwing Strikemaster|6|1||Thunder hammer|devastating wounds|Melee|Melee|4|3|8|-2|2
2468|Deathwing Strikemaster|7|1||Twin lightning claws|twin-linked|Melee|Melee|6|2|5|-2|1
2471|Court Of The Archon|1|1||Eyeburst|pistol, torrent|12|Ranged|D6|N/A|6|-2|1
2471|Court Of The Archon|2|1||Shardcarbine|anti-infantry 3+, assault|18|Ranged|3|3|2|0|1
2471|Court Of The Archon|3|1||Splinter pistol|anti-infantry 3+, assault, pistol|12|Ranged|1|3|2|0|1
2471|Court Of The Archon|4|1||Close combat weapon||Melee|Melee|2|3|3|0|1
2471|Court Of The Archon|5|1||Shaimeshi blade|anti-infantry 2+|Melee|Melee|4|3|4|-2|1
2471|Court Of The Archon|6|1||Sslyth battle-blade||Melee|Melee|3|3|5|-2|2
2471|Court Of The Archon|7|1||Ur-ghul talons|sustained hits 1|Melee|Melee|6|3|4|0|1
2472|Palatine|1|1||Bolt pistol|pistol|12|Ranged|1|2|4|0|1
2472|Palatine|2|1||Plasma pistol – standard|pistol|12|Ranged|1|2|7|-2|1
2472|Palatine|3|2||Plasma pistol – supercharge|hazardous, pistol|12|Ranged|1|2|8|-3|2
2472|Palatine|4|1||Palatine blade||Melee|Melee|4|2|4|-2|2
2473|Tor Garadon|1|1||Artificer grav-gun|anti-vehicle 2+|18|Ranged|2|2|5|-1|2
2473|Tor Garadon|2|1||Hand of Defiance||Melee|Melee|5|2|12|-2|2
2477|Technoarcheologist|1|1||Mechanicus pistol|devastating wounds, pistol|12|Ranged|1|3|6|-1|1
2477|Technoarcheologist|2|1||Servo-arc claw|anti-vehicle 4+, devastating wounds|Melee|Melee|3|4|8|-2|2
2478|Skitarii Marshal|1|1||Mechanicus pistol|devastating wounds, pistol|12|Ranged|1|3|6|-1|1
2478|Skitarii Marshal|2|1||Control stave||Melee|Melee|4|3|6|-1|1
2479|Morvenn Vahl|1|1||Fidelis|sustained hits 1|36|Ranged|3|2|6|-1|2
2479|Morvenn Vahl|2|1||Paragon missile launcher – prioris||36|Ranged|2|2|9|-2|D6
2479|Morvenn Vahl|3|2||Paragon missile launcher – sanctorum|blast|36|Ranged|2D6|2|4|0|1
2479|Morvenn Vahl|4|1||Lance of Illumination – strike|devastating wounds|Melee|Melee|5|2|8|-2|3
2479|Morvenn Vahl|5|2||Lance of Illumination – sweep|devastating wounds|Melee|Melee|10|2|5|-1|1
2480|AESTRED THURGA|1|1||Bolt pistol|pistol|12|Ranged|1|3|4|0|1
2480|AESTRED THURGA|2|1||Blade of Vigil||Melee|Melee|4|2|5|-2|2
2480|AESTRED THURGA|3|1||Scribe’s staff||Melee|Melee|3|4|4|0|1
2481|Celestian Sacresants|1|1||Bolt pistol|pistol|12|Ranged|1|3|4|0|1
2481|Celestian Sacresants|2|1||Inferno pistol|melta 2, pistol|6|Ranged|1|3|8|-4|D3
2481|Celestian Sacresants|3|1||Ministorum hand flamer|ignores cover, pistol, torrent|12|Ranged|D6|N/A|4|0|1
2481|Celestian Sacresants|4|1||Plasma pistol – standard|pistol|12|Ranged|1|3|7|-2|1
2481|Celestian Sacresants|5|2||Plasma pistol – supercharge|hazardous, pistol|12|Ranged|1|3|8|-3|2
2481|Celestian Sacresants|6|1||Anointed halberd|sustained hits 1|Melee|Melee|3|3|5|-2|1
2481|Celestian Sacresants|7|1||Hallowed mace|lethal hits|Melee|Melee|3|3|4|-1|2
2481|Celestian Sacresants|8|1||Spear of the faithful||Melee|Melee|3|3|5|-2|2
2482|Dogmata|1|1||Bolt pistol|pistol|12|Ranged|1|3|4|0|1
2482|Dogmata|2|1||Mace of the righteous||Melee|Melee|4|3|5|-2|2
2483|Paragon Warsuits|1|1||Bolt pistol|pistol|12|Ranged|1|3|4|0|1
2483|Paragon Warsuits|2|1||Heavy bolter|sustained hits 1|36|Ranged|3|3|5|-1|2
2483|Paragon Warsuits|3|1||Ministorum heavy flamer|ignores cover, torrent|12|Ranged|D6|N/A|6|-1|1
2483|Paragon Warsuits|4|1||Multi-melta|melta 2|18|Ranged|2|3|9|-4|D6
2483|Paragon Warsuits|5|1||Paragon grenade launchers|twin-linked|24|Ranged|1|3|9|-2|D3
2483|Paragon Warsuits|6|1||Paragon storm bolters|rapid fire 2, twin-linked|24|Ranged|2|3|4|0|1
2483|Paragon Warsuits|7|1||Paragon war blade||Melee|Melee|4|3|8|-2|2
2483|Paragon Warsuits|8|1||Paragon war mace||Melee|Melee|3|3|12|-1|3
2484|Castigator|1|1||Castigator autocannons|rapid fire 4, twin-linked|48|Ranged|4|3|9|-1|3
2484|Castigator|2|1||Castigator battle cannon|blast, ignores cover|48|Ranged|D6+3|3|10|-1|3
2484|Castigator|3|1||Heavy bolter|sustained hits 1|36|Ranged|3|3|5|-1|2
2484|Castigator|4|1||Hunter-killer missile|one shot|48|Ranged|1|2|14|-3|D6
2484|Castigator|5|1||Storm bolter|rapid fire 2|24|Ranged|2|3|4|0|1
2484|Castigator|6|1||Armoured tracks||Melee|Melee|3|4|6|0|1
2485|IBRAM GAUNT|1|1||Bragg’s autocannon|heavy|48|Ranged|4|5|9|-1|3
2485|IBRAM GAUNT|2|1||Bolt pistol|pistol|12|Ranged|1|2|4|0|1
2485|IBRAM GAUNT|3|1||Corbec’s hot-shot lascarbine|assault|24|Ranged|3|3|3|-1|1
2485|IBRAM GAUNT|4|1||Larkin’s long-las|heavy, precision|36|Ranged|1|2|5|-2|4
2485|IBRAM GAUNT|5|1||Lascarbine|assault|24|Ranged|3|3|3|0|1
2485|IBRAM GAUNT|6|1||Rawne’s lascarbine|assault, sustained hits 1|24|Ranged|3|3|3|0|1
2485|IBRAM GAUNT|7|1||Gaunt’s chainsword||Melee|Melee|5|2|3|-1|1
2485|IBRAM GAUNT|8|1||Straight silver knife||Melee|Melee|3|3|3|0|1
2485|IBRAM GAUNT|9|1||Mkoll’s straight silver knife|devastating wounds, precision|Melee|Melee|5|2|3|-1|1
2488|Zodgrod Wortsnagga|1|1||Squigstoppa|ANTI-MONSTER/VEHICLE 4+, CLOSE-QUARTERS, DEVASTATING WOUNDS: MONSTER/VEHICLE|12|Ranged|1|5|4|-1|1
2488|Zodgrod Wortsnagga|2|1||Da Grabzappa||Melee|Melee|5|2|7|-2|2
2489|Beastboss|1|1||Shoota|LETHAL HITS: non-MONSTER/VEHICLE, Rapid Fire 1|18|Ranged|2|4|4|0|1
2489|Beastboss|2|1||Beast Snagga Klaw and Beastchoppa|SUSTAINED HITS 2: MONSTER/VEHICLE|Melee|Melee|6|2|12|-2|2
2490|Beastboss on Squigosaur|1|1||Slugga|CLOSE-QUARTERS, LETHAL HITS: non-MONSTER/VEHICLE|12|Ranged|1|5|4|0|1
2490|Beastboss on Squigosaur|2|1||Thump Gun|ANTI-MONSTER/VEHICLE 4+|18|Ranged|3|5|6|0|2
2490|Beastboss on Squigosaur|3|1||Beastchoppa - Standard|CLEAVE 1|Melee|Melee|6|2|6|-2|2
2490|Beastboss on Squigosaur|4|2||Beastchoppa - Hunter||Melee|Melee|6|2|12|-2|D6
2490|Beastboss on Squigosaur|5|1||Squigosaur’s Jaws|ANTI-MONSTER/VEHICLE 3+, Extra Attacks|Melee|Melee|3|3|7|-2|3
2491|Painboss|1|1||Beast Snagga Klaw|ANTI-MONSTER/VEHICLE 4+|Melee|Melee|3|3|10|-2|2
2493|Mozrog Skragbad|1|1||Thump Gun|ANTI-MONSTER/VEHICLE 4+|18|Ranged|3|5|6|0|2
2493|Mozrog Skragbad|2|1||Big Chompa’s Jaws|ANTI-MONSTER/VEHICLE 3+, Extra Attacks|Melee|Melee|3|3|7|-2|4
2493|Mozrog Skragbad|3|1||Gutrippa - Standard|CLEAVE 1|Melee|Melee|6|2|9|-2|2
2493|Mozrog Skragbad|4|2||Gutrippa - Hunter|Lethal Hits|Melee|Melee|6|2|12|-2|D6+1
2494|Beast Snagga Boy|1|1||Slugga|CLOSE-QUARTERS, LETHAL HITS: non-MONSTER/VEHICLE|12|Ranged|1|5|4|0|1
2494|Beast Snagga Boy|2|1||Thump Gun|ANTI-MONSTER/VEHICLE 4+|18|Ranged|3|5|6|0|2
2494|Beast Snagga Boy|3|1||Choppa - Standard||Melee|Melee|3|3|5|-1|1
2494|Beast Snagga Boy|4|2||Choppa - Hunter||Melee|Melee|3|3|6|-2|1
2494|Beast Snagga Boy|5|1||Power Snappa|ANTI-MONSTER/VEHICLE 4+|Melee|Melee|3|3|8|-2|2
2496|Squighog Boy|1|1||Saddlegit’s Shiv|ASSAULT|9|Ranged|1|4|3|0|1
2496|Squighog Boy|2|1||Slugga|CLOSE-QUARTERS, LETHAL HITS: non-MONSTER/VEHICLE|12|Ranged|1|5|4|0|1
2496|Squighog Boy|3|1||Stikka|ANTI-MONSTER/VEHICLE 4+, ASSAULT|9|Ranged|1|5|5|-1|2
2496|Squighog Boy|4|1||Big Choppa|ANTI-MONSTER/VEHICLE 4+, CLEAVE 2|Melee|Melee|4|3|7|-1|2
2496|Squighog Boy|5|1||Squig’s Jaws|Extra Attacks|Melee|Melee|3|4|6|-1|2
2496|Squighog Boy|6|1||Stikka|ANTI-MONSTER/VEHICLE 4+|Melee|Melee|3|3|5|-1|2
2497|Kill Rig|1|1||’Eavy Lobba|BLAST 2, Indirect Fire|48|Ranged|3|5|6|0|2
2497|Kill Rig|2|1||Stikka Kannon|ANTI-MONSTER/VEHICLE 2+|12|Ranged|1|5|12|-2|3
2497|Kill Rig|3|1||Wurrtower|Hazardous, PSYCHIC, Torrent|24|Ranged|1|-|12|-3|6
2497|Kill Rig|4|1||Butcha Boyz|ANTI-MONSTER/VEHICLE 4+, Extra Attacks|Melee|Melee|4|3|5|-1|1
2497|Kill Rig|5|1||Savage Horns and Hooves|Extra Attacks, Lance|Melee|Melee|4|4|8|-1|3
2497|Kill Rig|6|1||Saw Blades|CLEAVE 1, Extra Attacks|Melee|Melee|6|3|10|-2|2
2498|Hunta Rig|1|1||’Eavy Lobba|BLAST 2, Indirect Fire|48|Ranged|3|5|6|0|2
2498|Hunta Rig|2|1||Stikka Kannon|ANTI-MONSTER/VEHICLE 2+|12|Ranged|1|5|12|-2|3
2498|Hunta Rig|3|1||Butcha Boyz|ANTI-MONSTER/VEHICLE 4+|Melee|Melee|4|3|5|-1|1
2498|Hunta Rig|4|1||Savage Horns and Hooves|Extra Attacks, Lance|Melee|Melee|4|4|8|-1|3
2498|Hunta Rig|5|1||Saw Blades|CLEAVE 1, Extra Attacks|Melee|Melee|6|3|10|-2|2
2499|Big 'Ed Bossbunka|1|1||Big Shoota|LETHAL HITS: non-MONSTER/VEHICLE, Rapid Fire 2|36|Ranged|3|5|5|0|1
2499|Big 'Ed Bossbunka|2|1||Gaze of Gork - Glare|BLAST 1|24|Ranged|3|5|5|0|1
2499|Big 'Ed Bossbunka|3|2||Gaze of Gork - Squint||18|Ranged|1|5|12|-3|3
2500|Infernal Master|1|1||Inferno bolt pistol|pistol|12|Ranged|1|2|4|-1|1
2500|Infernal Master|2|1||Fires of the Abyss – witchfire|psychic, torrent|18|Ranged|D6|N/A|6|-2|1
2500|Infernal Master|3|2||Fires of the Abyss – focused witchfire|hazardous, psychic, torrent|18|Ranged|2D6|N/A|6|-2|1
2500|Infernal Master|4|1||Force weapon|psychic|Melee|Melee|4|3|6|-1|D3
2501|Chaos Predator Annihilator|1|1||Havoc launcher|blast|48|Ranged|D6|3|5|0|1
2501|Chaos Predator Annihilator|2|1||Inferno combi-bolter|rapid fire 2|24|Ranged|2|3|4|-2|1
2501|Chaos Predator Annihilator|3|1||Inferno combi-weapon|anti-infantry 4+, devastating wounds, rapid fire 1|24|Ranged|1|4|4|-2|1
2501|Chaos Predator Annihilator|4|1||Inferno heavy bolter|sustained hits 1|36|Ranged|3|3|5|-2|2
2501|Chaos Predator Annihilator|5|1||Lascannon||48|Ranged|1|3|12|-3|D6+1
2501|Chaos Predator Annihilator|6|1||Predator twin lascannon|twin-linked|48|Ranged|1|3|14|-3|D6+1
2501|Chaos Predator Annihilator|7|1||Armoured tracks||Melee|Melee|3|4|6|0|1
2507|NOVITIATE SUPERIOR|1|1||Autopistol|pistol|12|Ranged|1|3|3|0|1
2507|NOVITIATE SUPERIOR|2|1||Autogun|rapid fire 1|24|Ranged|1|3|3|0|1
2507|NOVITIATE SUPERIOR|3|1||Bolt pistol|pistol|12|Ranged|1|3|4|0|1
2507|NOVITIATE SUPERIOR|4|1||Boltgun|rapid fire 1|24|Ranged|1|3|4|0|1
2507|NOVITIATE SUPERIOR|5|1||Ministorum flamer|ignores cover, torrent|12|Ranged|D6|N/A|5|0|1
2507|NOVITIATE SUPERIOR|6|1||Plasma pistol – standard|pistol|12|Ranged|1|3|7|-2|1
2507|NOVITIATE SUPERIOR|7|2||Plasma pistol – supercharge|hazardous, pistol|12|Ranged|1|3|8|-3|2
2507|NOVITIATE SUPERIOR|8|1||Close combat weapon||Melee|Melee|1|4|3|0|1
2507|NOVITIATE SUPERIOR|9|1||Novitiate melee weapons||Melee|Melee|2|4|4|0|1
2507|NOVITIATE SUPERIOR|10|1||Power weapon||Melee|Melee|2|4|4|-2|1
2509|Voidsmen-at-arms|1|1||Artificer shotgun|assault|12|Ranged|2|4|4|0|2
2509|Voidsmen-at-arms|2|1||Lasgun|rapid fire 1|24|Ranged|1|4|3|0|1
2509|Voidsmen-at-arms|3|1||Laspistol|pistol|12|Ranged|1|4|3|0|1
2509|Voidsmen-at-arms|4|1||Voidsman rotor cannon|heavy, sustained hits 1|24|Ranged|6|5|6|0|1
2509|Voidsmen-at-arms|5|1||Close combat weapon||Melee|Melee|1|4|3|0|1
2509|Voidsmen-at-arms|6|1||Vicious bite||Melee|Melee|3|4|4|0|1
2518|Blade Champion|1|1||Vaultswords – Behemor|precision|Melee|Melee|6|2|7|-2|2
2518|Blade Champion|2|2||Vaultswords – Hurricanus|sustained hits 1|Melee|Melee|9|2|5|-1|1
2518|Blade Champion|3|3||Vaultswords – Victus|devastating wounds|Melee|Melee|5|2|6|-3|3
2519|Valerian|1|1||Gnosis|assault|24|Ranged|3|2|4|-1|2
2519|Valerian|2|1||Gnosis||Melee|Melee|7|2|8|-3|2
2520|Knight-centura|1|1||Master-crafted boltgun|rapid fire 1|24|Ranged|1|2|4|0|2
2520|Knight-centura|2|1||Witchseeker flamer|ignores cover, torrent|12|Ranged|D6|N/A|4|0|1
2520|Knight-centura|3|1||Close combat weapon||Melee|Melee|3|2|3|0|1
2520|Knight-centura|4|1||Executioner greatblade|anti-psyker 5+, devastating wounds|Melee|Melee|3|2|5|-2|2
2521|Prosecutors|1|1||Boltgun|rapid fire 1|24|Ranged|1|3|4|0|1
2521|Prosecutors|2|1||Close combat weapon||Melee|Melee|2|3|3|0|1
2522|Vigilators|1|1||Executioner greatblade|anti-psyker 5+, devastating wounds|Melee|Melee|2|3|5|-2|2
2523|Witchseekers|1|1||Witchseeker flamer|ignores cover, torrent|12|Ranged|D6|N/A|4|0|1
2523|Witchseekers|2|1||Close combat weapon||Melee|Melee|2|3|3|0|1
2524|Anathema Psykana Rhino|1|1||Hunter-killer missile|one shot|48|Ranged|1|2|14|-3|D6
2524|Anathema Psykana Rhino|2|1||Storm bolter|rapid fire 2|24|Ranged|2|3|4|0|1
2524|Anathema Psykana Rhino|3|1||Armoured tracks||Melee|Melee|3|4|6|0|1
2525|Reductus Saboteur|1|1||Autopistol|pistol|12|Ranged|1|3|3|0|1
2525|Reductus Saboteur|2|1||Demolition charges|assault, blast, one shot|8|Ranged|D6|3|9|-2|2
2525|Reductus Saboteur|3|1||Remote explosives|blast, indirect fire|24|Ranged|D6+3|3|5|0|1
2525|Reductus Saboteur|4|1||Close combat weapon||Melee|Melee|2|3|3|0|1
2528|Winged Hive Tyrant|1|1||Heavy venom cannon|blast|36|Ranged|D3|2|9|-2|3
2528|Winged Hive Tyrant|2|1||Stranglethorn cannon|blast|36|Ranged|D6+1|2|7|-1|2
2528|Winged Hive Tyrant|3|1||Monstrous bonesword and lash whip|twin-linked|Melee|Melee|6|2|9|-2|3
2528|Winged Hive Tyrant|4|1||Monstrous scything talons|extra attacks|Melee|Melee|4|2|7|-2|2
2528|Winged Hive Tyrant|5|1||Tyrant talons||Melee|Melee|5|2|7|-2|2
2529|Parasite Of Mortrex|1|1||Barbed ovipositor|anti-infantry 3+, extra attacks|Melee|Melee|1|2|3|-2|3
2529|Parasite Of Mortrex|2|1||Clawed limbs||Melee|Melee|6|2|5|-1|1
2530|Lieutenant In Phobos Armour|1|1||Bolt pistol|pistol|12|Ranged|1|2|4|0|1
2530|Lieutenant In Phobos Armour|2|1||Master-crafted scoped bolt carbine||24|Ranged|2|2|4|0|2
2530|Lieutenant In Phobos Armour|3|1||Paired combat blades|sustained hits 1|Melee|Melee|5|2|4|-1|1
2531|Corsair Voidreavers|1|1||Blaster|assault|18|Ranged|1|3|8|-4|D6+1
2531|Corsair Voidreavers|2|1||Neuro disruptor|anti-infantry 2+, assault, pistol|12|Ranged|1|3|4|-2|1
2531|Corsair Voidreavers|3|1||Shredder|assault, torrent|18|Ranged|D6|N/A|6|0|1
2531|Corsair Voidreavers|4|1||Shuriken cannon|lethal hits|24|Ranged|3|3|6|-1|2
2531|Corsair Voidreavers|5|1||Shuriken pistol|assault, pistol|12|Ranged|1|3|4|-1|1
2531|Corsair Voidreavers|6|1||Shuriken rifle|assault, rapid fire 1|24|Ranged|1|3|4|-1|1
2531|Corsair Voidreavers|7|1||Wraithcannon||18|Ranged|1|3|14|-4|D6+1
2531|Corsair Voidreavers|8|1||Close combat weapon||Melee|Melee|2|3|3|0|1
2531|Corsair Voidreavers|9|1||Power sword||Melee|Melee|2|3|4|-2|1
2532|Corsair Voidscarred|1|1||Blaster|assault|18|Ranged|1|3|8|-4|D6+1
2532|Corsair Voidscarred|2|1||Executioner|anti-infantry 2+, psychic|18|Ranged|3|3|6|-2|D3
2532|Corsair Voidscarred|3|1||Fusion pistol|assault, melta 2, pistol|6|Ranged|1|3|8|-4|D6
2532|Corsair Voidscarred|4|1||Long rifle|heavy, precision|36|Ranged|1|3|4|-1|2
2532|Corsair Voidscarred|5|1||Neuro disruptor|anti-infantry 2+, assault, pistol|12|Ranged|1|3|4|-2|1
2532|Corsair Voidscarred|6|1||Shredder|assault, torrent|18|Ranged|D6|N/A|6|0|1
2532|Corsair Voidscarred|7|1||Shuriken cannon|lethal hits|24|Ranged|3|3|6|-1|2
2532|Corsair Voidscarred|8|1||Shuriken pistol|assault, pistol|12|Ranged|1|3|4|-1|1
2532|Corsair Voidscarred|9|1||Shuriken rifle|assault, rapid fire 1|24|Ranged|1|3|4|-1|1
2532|Corsair Voidscarred|10|1||Wraithcannon||18|Ranged|1|3|14|-4|D6+1
2532|Corsair Voidscarred|11|1||Close combat weapon||Melee|Melee|3|3|3|0|1
2532|Corsair Voidscarred|12|1||Paired Hekatarii blades|twin-linked|Melee|Melee|4|2|3|-2|1
2532|Corsair Voidscarred|13|1||Power sword||Melee|Melee|3|3|4|-2|1
2532|Corsair Voidscarred|14|1||Witch staff|anti-infantry 2+, psychic|Melee|Melee|2|2|3|0|D3
2533|Shroud Runners|1|1||Long rifle|precision|36|Ranged|1|2|4|-1|2
2533|Shroud Runners|2|1||Scatter laser|sustained hits 1|36|Ranged|6|3|5|0|1
2533|Shroud Runners|3|1||Shuriken pistol|assault, pistol|12|Ranged|1|2|4|-1|1
2533|Shroud Runners|4|1||Close combat weapon||Melee|Melee|1|3|3|0|1
2534|Troupe Master|1|1||Fusion pistol|assault, melta 2, pistol|6|Ranged|1|2|8|-4|D6
2534|Troupe Master|2|1||Neuro disruptor|anti-infantry 2+, assault, pistol|12|Ranged|1|2|4|-2|1
2534|Troupe Master|3|1||Shuriken pistol|assault, pistol|12|Ranged|1|2|4|-1|1
2534|Troupe Master|4|1||Harlequin’s special weapon|devastating wounds|Melee|Melee|6|2|4|-1|2
2534|Troupe Master|5|1||Troupe Master’s blade|devastating wounds|Melee|Melee|5|2|5|-2|2
2535|Shadowseer|1|1||Neuro disruptor|anti-infantry 2+, assault, pistol|12|Ranged|1|2|4|-2|1
2535|Shadowseer|2|1||Shuriken pistol|assault, pistol|12|Ranged|1|2|4|-1|1
2535|Shadowseer|3|1||Miststave|psychic|Melee|Melee|4|2|5|-1|D3
2536|Troupe|1|1||Fusion pistol|assault, melta 2, pistol|6|Ranged|1|3|8|-4|D6
2536|Troupe|2|1||Neuro disruptor|anti-infantry 2+, assault, pistol|12|Ranged|1|3|4|-2|1
2536|Troupe|3|1||Shuriken pistol|assault, pistol|12|Ranged|1|3|4|-1|1
2536|Troupe|4|1||Harlequin’s blade|devastating wounds|Melee|Melee|5|3|3|-1|1
2536|Troupe|5|1||Harlequin’s special weapon|devastating wounds|Melee|Melee|4|3|4|-1|1
2536|Troupe|6|1||Power sword|devastating wounds|Melee|Melee|5|3|4|-2|1
2537|Death Jester|1|1||Shrieker cannon||24|Ranged|3|2|6|-2|2
2537|Death Jester|2|1||Jester’s blade||Melee|Melee|4|2|4|0|1
2538|Solitaire|1|1||Solitaire weapons|precision|Melee|Melee|9|2|6|-2|2
2539|Skyweavers|1|1||Shuriken cannon|lethal hits|24|Ranged|3|3|6|-1|2
2539|Skyweavers|2|1||Skyweaver haywire cannon|anti-vehicle 4+, devastating wounds|24|Ranged|2|3|3|-1|3
2539|Skyweavers|3|1||Star bolas||12|Ranged|D3|3|7|-2|2
2539|Skyweavers|4|1||Close combat weapon||Melee|Melee|4|3|3|0|1
2539|Skyweavers|5|1||Zephyrglaive||Melee|Melee|4|3|6|-2|2
2540|Voidweaver|1|1||Prismatic cannon – dispersed pulse|blast|24|Ranged|2D6|3|4|0|1
2540|Voidweaver|2|2||Prismatic cannon – focused lances||24|Ranged|2|3|12|-3|4
2540|Voidweaver|3|1||Shuriken cannon|lethal hits|24|Ranged|3|3|6|-1|2
2540|Voidweaver|4|1||Voidweaver haywire cannon|anti-vehicle 4+, devastating wounds|24|Ranged|3|3|4|-1|3
2540|Voidweaver|5|1||Close combat weapon||Melee|Melee|4|3|3|0|1
2541|Starweaver|1|1||Shuriken cannon|lethal hits|24|Ranged|3|3|6|-1|2
2541|Starweaver|2|1||Close combat weapon||Melee|Melee|4|3|3|0|1
2542|Yvraine|1|1||Storm of Whispers|anti-infantry 2+, devastating wounds, psychic|12|Ranged|D6+3|2|2|-2|1
2542|Yvraine|2|1||Kha-vir|devastating wounds|Melee|Melee|5|2|4|-3|2
2543|The Visarch|1|1||Asu-var – quicksilver stance|sustained hits 2|Melee|Melee|8|2|4|-1|1
2543|The Visarch|2|2||Asu-var – duellist stance|devastating wounds, precision|Melee|Melee|6|2|5|-2|2
2543|The Visarch|3|3||Asu-var – mythic stance|anti-epic hero 2+, precision|Melee|Melee|4|2|3|-4|3
2544|The Yncarne|1|1||Swirling soul energy|ignores cover, psychic, torrent|12|Ranged|D6+3|N/A|7|-1|D3
2544|The Yncarne|2|1||Vilith-zhar – strike||Melee|Melee|5|2|12|-4|D6+1
2544|The Yncarne|3|2||Vilith-zhar – sweep||Melee|Melee|10|2|6|-4|1
2562|War Dog Executioner|1|1||Daemonbreath meltagun|melta 2|12|Ranged|1|3|9|-4|D6
2562|War Dog Executioner|2|1||Diabolus heavy stubber|rapid fire 3|36|Ranged|3|3|5|0|1
2562|War Dog Executioner|3|1||War Dog autocannon||48|Ranged|4|3|9|-1|3
2562|War Dog Executioner|4|1||Armoured feet||Melee|Melee|4|3|6|0|1
2563|War Dog Stalker|1|1||Avenger chaincannon||24|Ranged|12|3|6|-1|1
2563|War Dog Stalker|2|1||Daemonbreath spear|melta 4|18|Ranged|2|3|12|-4|D6
2563|War Dog Stalker|3|1||Diabolus heavy stubber|rapid fire 3|36|Ranged|3|3|5|0|1
2563|War Dog Stalker|4|1||Havoc multi-launcher|blast, indirect fire|48|Ranged|D6|3|5|0|1
2563|War Dog Stalker|5|1||Reaper chaintalon – strike||Melee|Melee|4|3|10|-3|3
2563|War Dog Stalker|6|2||Reaper chaintalon – sweep||Melee|Melee|8|3|8|-2|1
2563|War Dog Stalker|7|1||Slaughterclaw||Melee|Melee|4|3|12|-3|D6+2
2564|War Dog Karnivore|1|1||Diabolus heavy stubber|rapid fire 3|36|Ranged|3|3|5|0|1
2564|War Dog Karnivore|2|1||Havoc multi-launcher|blast, indirect fire|48|Ranged|D6|3|5|0|1
2564|War Dog Karnivore|3|1||Reaper chaintalon|sustained hits 1|Melee|Melee|12|3|8|-2|1
2564|War Dog Karnivore|4|1||Slaughterclaw|sustained hits 1|Melee|Melee|6|3|12|-3|D6+2
2565|War Dog Brigand|1|1||Avenger chaincannon||24|Ranged|12|3|6|-1|1
2565|War Dog Brigand|2|1||Daemonbreath spear|melta 4|18|Ranged|2|3|12|-4|D6
2565|War Dog Brigand|3|1||Diabolus heavy stubber|rapid fire 3|36|Ranged|3|3|5|0|1
2565|War Dog Brigand|4|1||Havoc multi-launcher|blast, indirect fire|48|Ranged|D6|3|5|0|1
2565|War Dog Brigand|5|1||Armoured feet||Melee|Melee|4|3|6|0|1
2566|War Dog Huntsman|1|1||Daemonbreath meltagun|melta 2|12|Ranged|1|3|9|-4|D6
2566|War Dog Huntsman|2|1||Daemonbreath spear|melta 4|18|Ranged|2|3|12|-4|D6
2566|War Dog Huntsman|3|1||Diabolus heavy stubber|rapid fire 3|36|Ranged|3|3|5|0|1
2566|War Dog Huntsman|4|1||Reaper chaintalon – strike||Melee|Melee|4|3|10|-3|3
2566|War Dog Huntsman|5|2||Reaper chaintalon – sweep||Melee|Melee|8|3|8|-2|1
2567|Knight Abominant|1|1||Diabolus heavy stubber|rapid fire 3|36|Ranged|3|3|5|0|1
2567|Knight Abominant|2|1||Volkite combustor|Ignores Cover, devastating wounds|30|Ranged|12|3|12|0|3
2567|Knight Abominant|3|1||Balemace|extra attacks|Melee|Melee|3|3|8|-1|2
2567|Knight Abominant|4|1||Electroscourge|sustained hits 1|Melee|Melee|9|3|10|-2|3
2568|Impulsor|1|1||Bellicatus missile array – frag|blast|48|Ranged|D6|3|4|0|1
2568|Impulsor|2|2||Bellicatus missile array – Icarus|anti-fly 2+|48|Ranged|D3|3|8|-1|2
2568|Impulsor|3|3||Bellicatus missile array – krak||48|Ranged|1|3|8|-2|D6
2568|Impulsor|4|1||Fragstorm grenade launcher|blast|18|Ranged|D6|3|4|0|1
2568|Impulsor|5|1||Ironhail heavy stubber|rapid fire 3|36|Ranged|3|3|4|0|1
2568|Impulsor|6|1||Ironhail skytalon array|anti-fly 4+, sustained hits 1|36|Ranged|8|3|4|0|1
2568|Impulsor|7|1||Storm bolter|rapid fire 2|24|Ranged|2|3|4|0|1
2568|Impulsor|8|1||Armoured hull||Melee|Melee|3|4|6|0|1
2569|CULT DEMAGOGUE|1|1||Autopistol|pistol|12|Ranged|1|4|3|0|1
2569|CULT DEMAGOGUE|2|1||Warp Curse – witchfire|psychic|18|Ranged|3|3|4|-1|2
2569|CULT DEMAGOGUE|3|2||Warp Curse – focused witchfire|hazardous, psychic, sustained hits 2|18|Ranged|3|3|5|-1|2
2569|CULT DEMAGOGUE|4|1||Close combat weapon||Melee|Melee|1|4|3|0|1
2569|CULT DEMAGOGUE|5|1||Commune blade||Melee|Melee|2|4|4|-2|1
2569|CULT DEMAGOGUE|6|1||Commune stave|devastating wounds|Melee|Melee|2|4|3|0|D3
2570|Legionaries|1|1||Balefire tome|psychic|18|Ranged|2|3|5|-1|1
2570|Legionaries|2|1||Bolt pistol|pistol|12|Ranged|1|3|4|0|1
2570|Legionaries|3|1||Boltgun||24|Ranged|2|3|4|0|1
2570|Legionaries|4|1||Flamer|ignores cover, torrent|12|Ranged|D6|N/A|4|0|1
2570|Legionaries|5|1||Havoc autocannon||48|Ranged|2|4|9|-1|3
2570|Legionaries|6|1||Heavy bolter|HEAVY, SUSTAINED HITS 1|36|Ranged|3|4|5|-1|2
2570|Legionaries|7|1||Meltagun|melta 2|12|Ranged|1|3|9|-4|D6
2570|Legionaries|8|1||Lascannon|HEAVY|48|Ranged|1|4|12|-3|D6+1
2570|Legionaries|9|1||Missile launcher – frag|BLAST, HEAVY|48|Ranged|D6|4|4|0|1
2570|Legionaries|10|2||Missile launcher – krak|HEAVY|48|Ranged|1|4|9|-2|D6
2570|Legionaries|11|1||Plasma gun – standard|RAPID FIRE 1|24|Ranged|1|3|7|-2|1
2570|Legionaries|12|2||Plasma gun – supercharge|HAZARDOUS, RAPID FIRE 1|24|Ranged|1|3|8|-3|2
2570|Legionaries|13|1||Plasma pistol – standard|pistol|12|Ranged|1|3|7|-2|1
2570|Legionaries|14|2||Plasma pistol – supercharge|hazardous, pistol|12|Ranged|1|3|8|-3|2
2570|Legionaries|15|1||Reaper chaincannon|heavy|24|Ranged|8|4|5|0|1
2570|Legionaries|16|1||Accursed weapon||Melee|Melee|4|3|5|-2|1
2570|Legionaries|17|1||Astartes chainsword||Melee|Melee|4|3|4|-1|1
2570|Legionaries|18|1||Close combat weapon||Melee|Melee|3|3|4|0|1
2570|Legionaries|19|1||Heavy melee weapon||Melee|Melee|3|3|8|-2|2
2571|MUTANT|1|1||Blasphemous appendages||Melee|Melee|2|4|4|0|1
2571|MUTANT|2|1||Hideous mutations||Melee|Melee|D6+2|4|5|-1|2
2572|Chaos Predator Annihilator|1|1||Combi-bolter|rapid fire 2|24|Ranged|2|3|4|0|1
2572|Chaos Predator Annihilator|2|1||Combi-weapon|anti-infantry 4+, devastating wounds, rapid fire 1|24|Ranged|1|4|4|0|1
2572|Chaos Predator Annihilator|3|1||Havoc launcher|blast|48|Ranged|D6|3|5|0|1
2572|Chaos Predator Annihilator|4|1||Heavy bolter|sustained hits 1|36|Ranged|3|3|5|-1|2
2572|Chaos Predator Annihilator|5|1||Lascannon||48|Ranged|1|3|12|-3|D6+1
2572|Chaos Predator Annihilator|6|1||Predator twin lascannon|twin-linked|48|Ranged|1|3|14|-3|D6+1
2572|Chaos Predator Annihilator|7|1||Armoured tracks||Melee|Melee|3|4|6|0|1
2582|Bloodthirster|1|1||Bloodflail|devastating wounds|12|Ranged|1|2|16|-3|D6+1
2582|Bloodthirster|2|1||Hellfire breath|ignores cover, torrent|12|Ranged|D6|N/A|5|-1|1
2582|Bloodthirster|3|1||Lash of Khorne||12|Ranged|6|2|8|-1|2
2582|Bloodthirster|4|1||Axe of Khorne – strike||Melee|Melee|8|2|14|-4|D3+1
2582|Bloodthirster|5|2||Axe of Khorne – sweep||Melee|Melee|16|2|8|-2|1
2582|Bloodthirster|6|1||Great axe of Khorne – strike||Melee|Melee|7|2|16|-4|D6+2
2582|Bloodthirster|7|2||Great axe of Khorne – sweep||Melee|Melee|14|2|10|-2|2
2583|Blue Horrors|1|1||Coruscating Blue Flames|pistol, psychic|18|Ranged|2|4|3|-1|1
2583|Blue Horrors|2|1||Coruscating Yellow Flames|pistol, psychic|18|Ranged|2|5|2|-1|1
2583|Blue Horrors|3|1||Blue claws||Melee|Melee|1|5|3|0|1
2583|Blue Horrors|4|1||Yellow claws||Melee|Melee|2|5|2|0|1
2584|PINK HORROR|1|1||Coruscating Pink Flames|pistol, psychic|18|Ranged|2|3|4|-1|1
2584|PINK HORROR|2|1||Coruscating Blue Flames|pistol, psychic|18|Ranged|2|4|3|-1|1
2584|PINK HORROR|3|1||Coruscating Yellow Flames|pistol, psychic|18|Ranged|2|5|2|-1|1
2584|PINK HORROR|4|1||Pink claws||Melee|Melee|1|4|3|0|1
2584|PINK HORROR|5|1||Blue claws||Melee|Melee|1|5|3|0|1
2584|PINK HORROR|6|1||Yellow claws||Melee|Melee|2|5|2|0|1
2587|Imperial Navy Breachers|1|1||Autopistol|pistol|12|Ranged|1|4|3|0|1
2587|Imperial Navy Breachers|2|1||Bolt pistol|pistol|12|Ranged|1|4|4|0|1
2587|Imperial Navy Breachers|3|1||Demolition charge|assault, blast, hazardous, one shot|6|Ranged|D6|5|9|-2|2
2587|Imperial Navy Breachers|4|1||Meltagun|melta 2|12|Ranged|1|4|9|-4|D6
2587|Imperial Navy Breachers|5|1||Navis heavy shotgun|assault|12|Ranged|4|4|4|0|1
2587|Imperial Navy Breachers|6|1||Navis las-volley||18|Ranged|4|4|6|0|1
2587|Imperial Navy Breachers|7|1||Navis shotgun|assault|12|Ranged|2|4|4|0|1
2587|Imperial Navy Breachers|8|1||Plasma gun – standard|rapid fire 1|24|Ranged|1|4|7|-1|1
2587|Imperial Navy Breachers|9|2||Plasma gun – supercharge|hazardous, rapid fire 1|24|Ranged|1|4|8|-2|2
2587|Imperial Navy Breachers|10|1||Chainfist|anti-vehicle 3+|Melee|Melee|1|5|6|-2|2
2587|Imperial Navy Breachers|11|1||Chainsword||Melee|Melee|3|4|3|0|1
2587|Imperial Navy Breachers|12|1||Close combat weapon||Melee|Melee|1|4|3|0|1
2587|Imperial Navy Breachers|13|1||Power weapon||Melee|Melee|2|4|4|-2|1
2588|FARSTALKERS & KILL-BROKER|1|1||Dvorgite skinner|ignores cover, torrent|12|Ranged|D6|N/A|4|-1|1
2588|FARSTALKERS & KILL-BROKER|2|1||Farstalker firearm|rapid fire 1|24|Ranged|1|4|4|0|1
2588|FARSTALKERS & KILL-BROKER|3|1||Kroot pistol|pistol|12|Ranged|1|4|4|0|1
2588|FARSTALKERS & KILL-BROKER|4|1||Londaxi tribalest|anti-vehicle 4+, devastating wounds, heavy|18|Ranged|3|5|7|-1|1
2588|FARSTALKERS & KILL-BROKER|5|1||T’au-tech rifle|rapid fire 1|30|Ranged|1|4|5|0|1
2588|FARSTALKERS & KILL-BROKER|6|1||Close combat weapon||Melee|Melee|2|3|4|0|1
2588|FARSTALKERS & KILL-BROKER|7|1||Ripping fangs||Melee|Melee|3|3|3|0|1
2588|FARSTALKERS & KILL-BROKER|8|1||Ritual blade||Melee|Melee|3|3|5|0|1
2589|TRAITOR ENFORCER|1|1||Bolt pistol|pistol|12|Ranged|1|3|4|0|1
2589|TRAITOR ENFORCER|2|1||Ogryn weapons||Melee|Melee|5|3|7|-1|2
2589|TRAITOR ENFORCER|3|1||Power fist||Melee|Melee|3|3|6|-2|2
2590|Traitor Guardsmen Squad|1|1||Boltgun|rapid fire 1|24|Ranged|1|4|4|0|1
2590|Traitor Guardsmen Squad|2|1||Corrupted pistol|pistol|12|Ranged|1|4|4|-1|1
2590|Traitor Guardsmen Squad|3|1||Cultist grenade launcher – frag|blast|24|Ranged|D3|4|4|0|1
2590|Traitor Guardsmen Squad|4|2||Cultist grenade launcher – krak||24|Ranged|1|4|9|-2|D3
2590|Traitor Guardsmen Squad|5|1||Cultist sniper rifle|heavy, precision|36|Ranged|1|4|4|-2|2
2590|Traitor Guardsmen Squad|6|1||Flamer|ignores cover, torrent|12|Ranged|D6|N/A|4|0|1
2590|Traitor Guardsmen Squad|7|1||Lasgun|rapid fire 1|24|Ranged|1|4|3|0|1
2590|Traitor Guardsmen Squad|8|1||Meltagun|melta 2|12|Ranged|1|4|9|-4|D6
2590|Traitor Guardsmen Squad|9|1||Plasma gun – standard|rapid fire 1|24|Ranged|1|4|7|-2|1
2590|Traitor Guardsmen Squad|10|2||Plasma gun – supercharge|hazardous, rapid fire 1|24|Ranged|1|4|8|-3|2
2590|Traitor Guardsmen Squad|11|1||Chainsword||Melee|Melee|3|4|3|0|1
2590|Traitor Guardsmen Squad|12|1||Close combat weapon||Melee|Melee|1|4|3|0|1
2590|Traitor Guardsmen Squad|13|1||Power weapon||Melee|Melee|2|4|4|-2|1
2591|Mutoid Vermin|1|1||Diseased claws and fangs|lethal hits|Melee|Melee|2|4|2|0|1
2592|NIGHTMARE HULK|1|1||Belly-flamer|ignores cover, torrent|12|Ranged|D6|N/A|5|0|1
2592|NIGHTMARE HULK|2|1||Brutal weapons||Melee|Melee|2|4|4|0|1
2592|NIGHTMARE HULK|3|1||Hideous mutations||Melee|Melee|4|4|6|-1|2
2593|Ûthar The Destined|1|1||Volkanite disintegrator|devastating wounds|24|Ranged|3|2|5|0|1
2593|Ûthar The Destined|2|1||Blade of the Ancestors|devastating wounds|Melee|Melee|5|2|6|-3|2
2594|Kâhl|1|1||Autoch-pattern combi-bolter||24|Ranged|4|2|4|0|1
2594|Kâhl|2|1||Volkanite disintegrator|devastating wounds|24|Ranged|3|2|5|0|1
2594|Kâhl|3|1||Forgewrought plasma axe||Melee|Melee|4|2|5|-2|2
2594|Kâhl|4|1||Mass gauntlet||Melee|Melee|3|3|8|-3|3
2595|Einhyr Champion|1|1||Autoch-pattern combi-bolter||24|Ranged|4|2|4|0|1
2595|Einhyr Champion|2|1||Darkstar axe||Melee|Melee|6|2|6|-3|2
2595|Einhyr Champion|3|1||Mass hammer||Melee|Melee|3|3|12|-3|D6+1
2596|GRIMNYR|1|1||Ancestral Wrath – witchfire|psychic|24|Ranged|3|3|6|-2|D3
2596|GRIMNYR|2|2||Ancestral Wrath – focused witchfire|hazardous, psychic|24|Ranged|6|3|6|-2|D3
2596|GRIMNYR|3|1||Autoch-pattern bolter||24|Ranged|2|4|4|0|1
2596|GRIMNYR|4|1||Ancestral ward stave|psychic|Melee|Melee|2|3|7|-1|D3
2596|GRIMNYR|5|1||Close combat weapon||Melee|Melee|1|4|3|0|1
2597|BRÔKHYR IRON-MASTER|1|1||Autoch-pattern bolt pistol||12|Ranged|1|3|4|0|1
2597|BRÔKHYR IRON-MASTER|2|1||Graviton rifle|anti-monster 3+, anti-vehicle 3+|18|Ranged|3|3|5|-1|3
2597|BRÔKHYR IRON-MASTER|3|1||Las-beam cutter||6|Ranged|1|4|6|-3|1
2597|BRÔKHYR IRON-MASTER|4|1||Close combat weapon||Melee|Melee|1|4|3|0|1
2597|BRÔKHYR IRON-MASTER|5|1||Graviton hammer|anti-monster 3+, anti-vehicle 3+|Melee|Melee|3|4|9|-1|3
2597|BRÔKHYR IRON-MASTER|6|1||Manipulator arms||Melee|Melee|3|4|3|0|1
2597|BRÔKHYR IRON-MASTER|7|1||Plasma torch||Melee|Melee|1|4|6|-3|2
2598|Hearthkyn Warriors|1|1||Autoch-pattern bolt pistol|pistol|12|Ranged|1|4|4|0|1
2598|Hearthkyn Warriors|2|1||Autoch-pattern bolter||24|Ranged|2|4|4|0|1
2598|Hearthkyn Warriors|3|1||EtaCarn plasma beamer|sustained hits d3|18|Ranged|1|4|8|-3|2
2598|Hearthkyn Warriors|4|1||HYLas auto rifle|assault, rapid fire 3|24|Ranged|3|4|6|-1|1
2598|Hearthkyn Warriors|5|1||HYLas rotary cannon|heavy, sustained hits 1|24|Ranged|6|5|6|-1|1
2598|Hearthkyn Warriors|6|1||Ion blaster||18|Ranged|1|4|5|-2|1
2598|Hearthkyn Warriors|7|1||L7 missile launcher – blast|blast|24|Ranged|D6|4|4|0|1
2598|Hearthkyn Warriors|8|2||L7 missile launcher – focused||24|Ranged|1|4|9|-2|D6
2598|Hearthkyn Warriors|9|1||Magna-rail rifle|devastating wounds, heavy|18|Ranged|1|5|12|-3|D3+3
2598|Hearthkyn Warriors|10|1||Theyn’s pistol|pistol|12|Ranged|1|4|8|-2|1
2598|Hearthkyn Warriors|11|1||Close combat weapon||Melee|Melee|1|4|4|0|1
2598|Hearthkyn Warriors|12|1||Plasma knife||Melee|Melee|2|4|4|-2|1
2598|Hearthkyn Warriors|13|1||Theyn’s melee weapon||Melee|Melee|2|4|5|-2|2
2599|Einhyr Hearthguard|1|1||EtaCarn plasma gun|rapid fire 1|24|Ranged|1|3|7|-3|2
2599|Einhyr Hearthguard|2|1||Exoarmour grenade launcher|blast|24|Ranged|D3|3|3|0|1
2599|Einhyr Hearthguard|3|1||Volkanite disintegrator|devastating wounds|24|Ranged|3|3|5|0|1
2599|Einhyr Hearthguard|4|1||Concussion gauntlet||Melee|Melee|2|3|8|-2|2
2599|Einhyr Hearthguard|5|1||Graviton hammer|anti-monster 3+, anti-vehicle 3+|Melee|Melee|3|4|9|-1|3
2599|Einhyr Hearthguard|6|1||Plasma blade gauntlet||Melee|Melee|3|3|6|-2|1
2600|Cthonian Beserks|1|1||Mole grenade launcher|blast, indirect fire|18|Ranged|D6|5|5|-1|1
2600|Cthonian Beserks|2|1||Concussion maul|anti-monster 3+, anti-vehicle 3+|Melee|Melee|3|4|5|-2|3
2600|Cthonian Beserks|3|1||Heavy plasma axe||Melee|Melee|3|4|7|-2|3
2600|Cthonian Beserks|4|1||Twin concussion gauntlet|twin-linked|Melee|Melee|4|4|9|-2|2
2601|Hernkyn Pioneers|1|1||Bolt revolver|pistol|12|Ranged|1|4|5|0|1
2601|Hernkyn Pioneers|2|1||Bolt shotgun|assault|18|Ranged|2|4|5|0|1
2601|Hernkyn Pioneers|3|1||HYLas rotary cannon|sustained hits 1|24|Ranged|6|4|6|-1|1
2601|Hernkyn Pioneers|4|1||Ion beamer|blast|18|Ranged|D3+1|4|8|-2|1
2601|Hernkyn Pioneers|5|1||Magna-coil autocannon||24|Ranged|3|4|7|-1|2
2601|Hernkyn Pioneers|6|1||Plasma knife||Melee|Melee|2|4|4|-2|1
2602|Sagitaur|1|1||HYLas beam cannon||24|Ranged|2|4|12|-3|D6+1
2602|Sagitaur|2|1||L7 missile launcher – blast|blast|36|Ranged|D6|4|4|0|1
2602|Sagitaur|3|2||L7 missile launcher – focused||36|Ranged|1|4|9|-2|D6
2602|Sagitaur|4|1||MATR autocannon|assault, sustained hits 1|24|Ranged|6|4|7|-1|2
2602|Sagitaur|5|1||Sagitaur missile launcher||36|Ranged|2|4|10|-3|3
2602|Sagitaur|6|1||Twin bolt cannon|sustained hits 2, twin-linked|36|Ranged|3|4|6|-1|2
2602|Sagitaur|7|1||Armoured wheels||Melee|Melee|3|4|6|0|1
2603|Brôkhyr Thunderkyn|1|1||Bolt cannon|sustained hits 2|36|Ranged|3|4|6|-1|2
2603|Brôkhyr Thunderkyn|2|1||Graviton blast cannon|anti-monster 3+, anti-vehicle 3+|24|Ranged|3|4|5|-2|3
2603|Brôkhyr Thunderkyn|3|1||SP conversion beamer|conversion, lethal hits|24|Ranged|2|4|7|-2|3
2603|Brôkhyr Thunderkyn|4|1||Close combat weapon||Melee|Melee|2|4|4|0|1
2604|Hekaton Land Fortress|1|1||Cyclic ion cannon|blast|24|Ranged|D6+2|4|7|-2|2
2604|Hekaton Land Fortress|2|1||Heavy magna-rail cannon|devastating wounds, heavy|30|Ranged|2|4|18|-4|D6+4
2604|Hekaton Land Fortress|3|1||Hekaton warhead|blast, one shot|36|Ranged|D6+3|4|7|-2|2
2604|Hekaton Land Fortress|4|1||MATR autocannon|assault, sustained hits 1|24|Ranged|6|4|7|-1|2
2604|Hekaton Land Fortress|5|1||SP heavy conversion beamer|conversion, lethal hits|24|Ranged|4|4|10|-2|4
2604|Hekaton Land Fortress|6|1||Twin bolt cannon |SUSTAINED HITS 2, TWIN-LINKED|36|Ranged|3|4|6|-1|2
2604|Hekaton Land Fortress|7|1||Twin ion beamer|blast, twin-linked|18|Ranged|D3+1|4|8|-2|1
2604|Hekaton Land Fortress|8|1||Armoured wheels||Melee|Melee|6|4|8|0|1
2605|Lord Solar Leontus|1|1||Sol’s Righteous Gaze|pistol|12|Ranged|2|2|8|-2|2
2605|Lord Solar Leontus|2|1||Conquest||Melee|Melee|6|2|6|-2|2
2605|Lord Solar Leontus|3|1||Konstantin’s hooves|extra attacks|Melee|Melee|2|4|4|0|1
2606|Ursula Creed|1|1||Duty and Vengeance|pistol|12|Ranged|4|3|5|-2|1
2606|Ursula Creed|2|1||Power weapon||Melee|Melee|4|3|4|-2|1
2607|Cadian Castellan|1|1||Boltgun|rapid fire 1|24|Ranged|1|3|4|0|1
2607|Cadian Castellan|2|1||Bolt pistol|pistol|12|Ranged|1|3|4|0|1
2607|Cadian Castellan|3|1||Laspistol|pistol|12|Ranged|1|3|3|0|1
2607|Cadian Castellan|4|1||Plasma pistol – standard|pistol|12|Ranged|1|3|7|-2|1
2607|Cadian Castellan|5|2||Plasma pistol – supercharge|hazardous, pistol|12|Ranged|1|3|8|-3|2
2607|Cadian Castellan|6|1||Chainsword||Melee|Melee|5|3|3|0|1
2607|Cadian Castellan|7|1||Close combat weapon||Melee|Melee|3|4|3|0|1
2607|Cadian Castellan|8|1||Power fist||Melee|Melee|3|3|6|-2|2
2607|Cadian Castellan|9|1||Power weapon||Melee|Melee|4|3|4|-2|1
2609|CADIAN COMMANDER|1|1||Bolt pistol|pistol|12|Ranged|1|4|4|0|1
2609|CADIAN COMMANDER|2|1||Flamer|ignores cover, torrent|12|Ranged|D6|N/A|4|0|1
2609|CADIAN COMMANDER|3|1||Grenade launcher – frag|blast|24|Ranged|D3|4|4|0|1
2609|CADIAN COMMANDER|4|2||Grenade launcher – krak||24|Ranged|1|4|9|-2|D3
2609|CADIAN COMMANDER|5|1||Lasgun|rapid fire 1|24|Ranged|1|4|3|0|1
2609|CADIAN COMMANDER|6|1||Laspistol|pistol|12|Ranged|1|4|3|0|1
2609|CADIAN COMMANDER|7|1||Meltagun|melta 2|12|Ranged|1|4|9|-4|D6
2609|CADIAN COMMANDER|8|1||Plasma gun – standard|rapid fire 1|24|Ranged|1|4|7|-2|1
2609|CADIAN COMMANDER|9|2||Plasma gun – supercharge|hazardous, rapid fire 1|24|Ranged|1|4|8|-3|2
2609|CADIAN COMMANDER|10|1||Plasma pistol – standard|pistol|12|Ranged|1|4|7|-2|1
2609|CADIAN COMMANDER|10|2||Plasma pistol – supercharge|hazardous, pistol|12|Ranged|1|4|8|-3|2
2609|CADIAN COMMANDER|11|1||Chainsword||Melee|Melee|4|4|3|0|1
2609|CADIAN COMMANDER|12|1||Close combat weapon||Melee|Melee|2|4|3|0|1
2609|CADIAN COMMANDER|13|1||Power fist||Melee|Melee|3|4|6|-2|2
2609|CADIAN COMMANDER|14|1||Power weapon||Melee|Melee|3|4|4|-2|1
2610|Regimental Attachés|1|1||Laspistol|pistol|12|Ranged|1|4|3|0|1
2610|Regimental Attachés|2|1||Close combat weapon||Melee|Melee|1|4|3|0|1
2610|Regimental Attachés|3|1||Astropath’s stave|psychic|Melee|Melee|1|4|6|-1|D3
2612|Cadian Shock Troops|1|1||Bolt pistol|pistol|12|Ranged|1|4|4|0|1
2612|Cadian Shock Troops|2|1||Flamer|ignores cover, torrent|12|Ranged|D6|N/A|4|0|1
2612|Cadian Shock Troops|3|1||Grenade launcher – frag|blast|24|Ranged|D3|4|4|0|1
2612|Cadian Shock Troops|4|2||Grenade launcher – krak||24|Ranged|1|4|9|-2|D3
2612|Cadian Shock Troops|5|1||Lasgun|rapid fire 1|24|Ranged|1|4|3|0|1
2612|Cadian Shock Troops|6|1||Laspistol|pistol|12|Ranged|1|4|3|0|1
2612|Cadian Shock Troops|7|1||Meltagun|melta 2|12|Ranged|1|4|9|-4|D6
2612|Cadian Shock Troops|8|1||Plasma gun – standard|rapid fire 1|24|Ranged|1|4|7|-2|1
2612|Cadian Shock Troops|9|2||Plasma gun – supercharge|hazardous, rapid fire 1|24|Ranged|1|4|8|-3|2
2612|Cadian Shock Troops|10|1||Sergeant's autogun||24|Ranged|2|4|3|0|1
2612|Cadian Shock Troops|11|1||Chainsword||Melee|Melee|3|4|3|0|1
2612|Cadian Shock Troops|12|1||Close combat weapon||Melee|Melee|1|4|3|0|1
2613|Death Korps Of Krieg|1|1||Bolt pistol|PISTOL|12|Ranged|1|4|4|0|1
2613|Death Korps Of Krieg|2|1||Boltgun|rapid fire 1|24|Ranged|1|4|4|0|1
2613|Death Korps Of Krieg|3|1||Flamer|ignores cover, torrent|12|Ranged|D6|N/A|4|0|1
2613|Death Korps Of Krieg|4|1||Grenade launcher – frag|blast|24|Ranged|D3|4|4|0|1
2613|Death Korps Of Krieg|5|2||Grenade launcher – krak||24|Ranged|1|4|9|-2|D3
2613|Death Korps Of Krieg|6|1||Lasgun|rapid fire 1|24|Ranged|1|4|3|0|1
2613|Death Korps Of Krieg|7|1||Laspistol|pistol|12|Ranged|1|4|3|0|1
2613|Death Korps Of Krieg|8|1||Long-las|heavy, precision|36|Ranged|1|4|4|-2|2
2613|Death Korps Of Krieg|9|1||Meltagun|melta 2|12|Ranged|1|4|9|-4|D6
2613|Death Korps Of Krieg|10|1||Plasma gun – standard|rapid fire 1|24|Ranged|1|4|7|-2|1
2613|Death Korps Of Krieg|11|2||Plasma gun – supercharge|hazardous, rapid fire 1|24|Ranged|1|4|8|-3|2
2613|Death Korps Of Krieg|12|1||Plasma pistol – standard|pistol|12|Ranged|1|4|7|-2|1
2613|Death Korps Of Krieg|12|2||Plasma pistol – supercharge|hazardous, pistol|12|Ranged|1|4|8|-3|2
2613|Death Korps Of Krieg|13|1||Chainsword||Melee|Melee|3|4|3|0|1
2613|Death Korps Of Krieg|14|1||Close combat weapon||Melee|Melee|1|4|3|0|1
2613|Death Korps Of Krieg|15|1||Power weapon||Melee|Melee|2|4|4|-2|1
2614|Catachan Jungle Fighters|1|1||Flamer|ignores cover, torrent|12|Ranged|D6|N/A|4|0|1
2614|Catachan Jungle Fighters|2|1||Lasgun|rapid fire 1|24|Ranged|1|4|3|0|1
2614|Catachan Jungle Fighters|3|1||Laspistol|pistol|12|Ranged|1|4|3|0|1
2614|Catachan Jungle Fighters|4|1||Close combat weapon||Melee|Melee|1|4|3|0|1
2615|Kasrkin|1|1||Bolt pistol|PISTOL|12|Ranged|1|4|4|0|1
2615|Kasrkin|2|1||Flamer|ignores cover, torrent|12|Ranged|D6|N/A|4|0|1
2615|Kasrkin|3|1||Grenade launcher – frag|blast|24|Ranged|D3|3|4|0|1
2615|Kasrkin|4|2||Grenade launcher – krak||24|Ranged|1|3|9|-2|D3
2615|Kasrkin|5|1||Hot-shot lasgun|rapid fire 1|24|Ranged|1|3|3|-1|1
2615|Kasrkin|6|1||Hot-shot laspistol|pistol|12|Ranged|1|3|3|-1|1
2615|Kasrkin|7|1||Hot-shot marksman rifle|heavy, precision|36|Ranged|1|3|4|-2|3
2615|Kasrkin|8|1||Hot-shot volley gun|rapid fire 2|30|Ranged|2|3|4|-1|1
2615|Kasrkin|9|1||Meltagun|melta 2|12|Ranged|1|3|9|-4|D6
2615|Kasrkin|10|1||Plasma gun – standard|rapid fire 1|24|Ranged|1|3|7|-2|1
2615|Kasrkin|11|2||Plasma gun – supercharge|hazardous, rapid fire 1|24|Ranged|1|3|8|-3|2
2615|Kasrkin|12|1||Plasma pistol – standard|pistol|12|Ranged|1|4|7|-2|1
2615|Kasrkin|12|2||Plasma pistol – supercharge|hazardous, pistol|12|Ranged|1|4|8|-3|2
2615|Kasrkin|13|1||Chainsword||Melee|Melee|4|4|3|0|1
2615|Kasrkin|14|1||Close combat weapon||Melee|Melee|2|4|3|0|1
2615|Kasrkin|15|1||Power weapon||Melee|Melee|3|4|4|-2|1
2616|Attilan Rough Riders|1|1||Lasgun|rapid fire 1|24|Ranged|1|4|3|0|1
2616|Attilan Rough Riders|2|1||Laspistol|pistol|12|Ranged|1|4|3|0|1
2616|Attilan Rough Riders|3|1||Goad lance|lance|Melee|Melee|2|3|6|-2|2
2616|Attilan Rough Riders|4|1||Hunting lance – frag tip|lance|Melee|Melee|D6|3|4|0|1
2616|Attilan Rough Riders|5|2||Hunting lance – melta tip|lance|Melee|Melee|1|3|9|-4|D6
2616|Attilan Rough Riders|6|1||Power sabre||Melee|Melee|4|3|4|-2|1
2616|Attilan Rough Riders|7|1||Steed’s hooves|extra attacks|Melee|Melee|2|4|4|0|1
2617|Rogal Dorn Battle Tank|1|1||Castigator gatling cannon||24|Ranged|12|4|5|0|1
2617|Rogal Dorn Battle Tank|2|1||Coaxial autocannon||48|Ranged|2|4|9|-1|3
2617|Rogal Dorn Battle Tank|3|1||Heavy bolter|sustained hits 1|36|Ranged|3|4|5|-1|2
2617|Rogal Dorn Battle Tank|4|1||Heavy stubber|rapid fire 3|36|Ranged|3|4|4|0|1
2617|Rogal Dorn Battle Tank|5|1||Meltagun|melta 2|12|Ranged|1|4|9|-4|D6
2617|Rogal Dorn Battle Tank|6|1||Multi-melta|melta 2|18|Ranged|2|4|9|-4|D6
2617|Rogal Dorn Battle Tank|7|1||Oppressor cannon|blast|72|Ranged|D6+3|4|12|-2|3
2617|Rogal Dorn Battle Tank|8|1||Pulveriser cannon|blast|24|Ranged|D6|4|9|-3|3
2617|Rogal Dorn Battle Tank|9|1||Twin battle cannon|blast, twin-linked|48|Ranged|D6+3|4|10|-1|3
2617|Rogal Dorn Battle Tank|10|1||Armoured tracks||Melee|Melee|6|4|7|0|1
2621|Angron|1|1||Samni’arius and Spinegrinder – strike|devastating wounds|Melee|Melee|8|2|14|-3|D6+2
2621|Angron|2|2||Samni’arius and Spinegrinder – sweep|devastating wounds|Melee|Melee|16|2|7|-2|2
2622|Khârn The Betrayer|1|1||Plasma pistol – standard|pistol|12|Ranged|1|3|7|-2|1
2622|Khârn The Betrayer|2|2||Plasma pistol – supercharge|hazardous, pistol|12|Ranged|1|3|8|-3|2
2622|Khârn The Betrayer|3|1||Gorechild||Melee|Melee|8|2|7|-2|3
2623|Lord Invocatus|1|1||Bolt pistol|pistol|12|Ranged|1|3|4|0|1
2623|Lord Invocatus|2|1||Coward’s Bane|devastating wounds|Melee|Melee|7|2|6|-2|2
2623|Lord Invocatus|3|1||Bladed horn|extra attacks, lance|Melee|Melee|4|3|6|-1|2
2624|Daemon Prince of Khorne|1|1||Infernal cannon|rapid fire 1|24|Ranged|3|3|5|-1|2
2624|Daemon Prince of Khorne|2|1||Hellforged weapons – strike||Melee|Melee|8|2|8|-2|3
2624|Daemon Prince of Khorne|3|2||Hellforged weapons – sweep||Melee|Melee|16|2|6|-1|1
2625|Lord On Juggernaut|1|1||Plasma pistol – standard|pistol|12|Ranged|1|3|7|-2|1
2625|Lord On Juggernaut|2|2||Plasma pistol – supercharge|hazardous, pistol|12|Ranged|1|3|8|-3|2
2625|Lord On Juggernaut|3|1||Exalted chainblade||Melee|Melee|7|2|6|-1|2
2625|Lord On Juggernaut|4|1||Bladed horn|extra attacks, lance|Melee|Melee|4|3|6|-1|2
2626|Master of Executions|1|1||Bolt pistol|pistol|12|Ranged|1|3|4|0|1
2626|Master of Executions|2|1||Axe of dismemberment|devastating wounds, precision|Melee|Melee|5|2|7|-2|2
2627|Khorne Berzerkers|1|1||Bolt pistol|pistol|12|Ranged|1|4|4|0|1
2627|Khorne Berzerkers|2|1||Plasma pistol – standard|pistol|12|Ranged|1|4|7|-2|1
2627|Khorne Berzerkers|3|2||Plasma pistol – supercharge|hazardous, pistol|12|Ranged|1|4|8|-3|2
2627|Khorne Berzerkers|4|1||Chainblade||Melee|Melee|4|3|4|-1|1
2627|Khorne Berzerkers|5|1||Khornate eviscerator||Melee|Melee|3|3|8|-2|2
2628|Jakhals|1|1||Autopistol|pistol|12|Ranged|1|4|3|0|1
2628|Jakhals|2|1||Chainblades||Melee|Melee|3|4|3|0|1
2628|Jakhals|3|1||Paired manglers||Melee|Melee|4|4|4|0|1
2628|Jakhals|4|1||Mauler chainblade||Melee|Melee|3|5|4|-1|2
2628|Jakhals|5|1||Skullsmasher and mangler||Melee|Melee|2|4|4|-1|2
2629|Chaos Terminators|1|1||Combi-bolter|rapid fire 4|24|Ranged|2|4|4|0|1
2629|Chaos Terminators|2|1||Combi-weapon|anti-infantry 4+, devastating wounds, rapid fire 1|24|Ranged|1|4|4|0|1
2629|Chaos Terminators|3|1||Heavy flamer|ignores cover, torrent|12|Ranged|D6|N/A|5|-1|1
2629|Chaos Terminators|4|1||Reaper autocannon|devastating wounds, rapid fire 2, sustained hits 1|36|Ranged|4|4|7|-1|1
2629|Chaos Terminators|5|1||Accursed weapon||Melee|Melee|4|3|5|-2|1
2629|Chaos Terminators|6|1||Chainfist|anti-vehicle 3+|Melee|Melee|3|4|8|-3|2
2629|Chaos Terminators|7|1||Paired accursed weapons|twin-linked|Melee|Melee|5|3|5|-2|1
2629|Chaos Terminators|8|1||Power fist||Melee|Melee|3|3|8|-2|2
2630|Eightbound|1|1||Chainblades||Melee|Melee|5|3|8|-2|2
2631|Exalted Eightbound|1|1||Chainblades|anti-monster 3+, anti-vehicle 3+|Melee|Melee|4|3|8|-3|2
2632|Helbrute|1|1||Combi-bolter|rapid fire 4|24|Ranged|2|4|4|0|1
2632|Helbrute|2|1||Heavy flamer|ignores cover, torrent|12|Ranged|D6|N/A|5|-1|1
2632|Helbrute|3|1||Plasma cannon|blast, hazardous, rapid fire D3|36|Ranged|D3|4|8|-3|3
2632|Helbrute|4|1||Missile launcher – frag|blast, rapid fire 3|48|Ranged|D6|4|4|0|1
2632|Helbrute|5|2||Missile launcher – krak|rapid fire 1|48|Ranged|1|4|9|-2|D6
2632|Helbrute|6|1||Multi-melta|melta 2, rapid fire 1|18|Ranged|2|4|9|-4|D6
2632|Helbrute|7|1||Twin autocannon|rapid fire 2, twin-linked|48|Ranged|2|4|9|-1|3
2632|Helbrute|8|1||Twin heavy bolter|rapid fire 2, sustained hits 1, twin-linked|36|Ranged|3|4|5|-1|2
2632|Helbrute|9|1||Twin lascannon|rapid fire 1, twin-linked|48|Ranged|1|4|12|-3|D6+1
2632|Helbrute|10|1||Close combat weapon||Melee|Melee|6|3|6|0|1
2632|Helbrute|11|1||Helbrute fist||Melee|Melee|6|3|12|-2|3
2632|Helbrute|12|1||Helbrute hammer||Melee|Melee|6|4|14|-3|D6+1
2632|Helbrute|13|1||Power scourge||Melee|Melee|10|3|7|-1|2
2633|Chaos Spawn|1|1||Hideous mutations||Melee|Melee|D6+4|4|5|-1|2
2634|Chaos Land Raider|1|1||Combi-bolter|rapid fire 4|24|Ranged|2|4|4|0|1
2634|Chaos Land Raider|2|1||Combi-weapon|anti-infantry 4+, devastating wounds, rapid fire 1|24|Ranged|1|4|4|0|1
2634|Chaos Land Raider|3|1||Havoc launcher|blast|48|Ranged|D6|4|5|0|1
2634|Chaos Land Raider|4|1||Soulshatter lascannon|rapid fire 2|48|Ranged|2|4|12|-3|D6+1
2634|Chaos Land Raider|5|1||Twin heavy bolter|rapid fire 2, sustained hits 1, twin-linked|36|Ranged|3|4|5|-1|2
2634|Chaos Land Raider|6|1||Armoured tracks||Melee|Melee|9|3|8|0|1
2636|Chaos Predator Destructor|1|1||Combi-bolter|rapid fire 4|24|Ranged|2|4|4|0|1
2636|Chaos Predator Destructor|2|1||Combi-weapon|anti-infantry 4+, devastating wounds, rapid fire 1|24|Ranged|1|4|4|0|1
2636|Chaos Predator Destructor|3|1||Havoc launcher|blast|48|Ranged|D6|4|5|0|1
2636|Chaos Predator Destructor|4|1||Heavy bolter|rapid fire 2, sustained hits 1|36|Ranged|3|4|5|-1|2
2636|Chaos Predator Destructor|5|1||Lascannon||48|Ranged|1|4|12|-3|D6+1
2636|Chaos Predator Destructor|6|1||Predator autocannon|rapid fire 6|48|Ranged|4|4|9|-1|3
2636|Chaos Predator Destructor|7|1||Armoured tracks||Melee|Melee|6|3|6|0|1
2637|Chaos Predator Annihilator|1|1||Combi-bolter|rapid fire 4|24|Ranged|2|4|4|0|1
2637|Chaos Predator Annihilator|2|1||Combi-weapon|anti-infantry 4+, devastating wounds, rapid fire 1|24|Ranged|1|4|4|0|1
2637|Chaos Predator Annihilator|3|1||Havoc launcher|blast|48|Ranged|D6|4|5|0|1
2637|Chaos Predator Annihilator|4|1||Heavy bolter|rapid fire 2, sustained hits 1|36|Ranged|3|4|5|-1|2
2637|Chaos Predator Annihilator|5|1||Lascannon||48|Ranged|1|4|12|-3|D6+1
2637|Chaos Predator Annihilator|6|1||Predator twin lascannon|rapid fire 2, twin-linked|48|Ranged|1|4|14|-3|D6+1
2637|Chaos Predator Annihilator|7|1||Armoured tracks||Melee|Melee|6|3|6|0|1
2638|Forgefiend|1|1||Ectoplasma cannon|blast, rapid fire 1|36|Ranged|D3|4|10|-3|3
2638|Forgefiend|2|1||Hades autocannon|rapid fire 4|36|Ranged|6|4|8|-1|2
2638|Forgefiend|3|1||Forgefiend claws||Melee|Melee|6|3|6|0|1
2638|Forgefiend|4|1||Forgefiend jaws||Melee|Melee|8|3|7|-1|2
2639|Maulerfiend|1|1||Magma cutter|melta 2, rapid fire 1|6|Ranged|2|4|9|-4|D6
2639|Maulerfiend|2|1||Lasher tendrils|extra attacks|Melee|Melee|6|3|7|-1|1
2639|Maulerfiend|3|1||Maulerfiend fists||Melee|Melee|8|3|14|-2|D6+1
2640|Chaos Rhino|1|1||Combi-bolter|rapid fire 4|24|Ranged|2|4|4|0|1
2640|Chaos Rhino|2|1||Combi-weapon|anti-infantry 4+, devastating wounds, rapid fire 1|24|Ranged|1|4|4|0|1
2640|Chaos Rhino|3|1||Havoc launcher|blast|48|Ranged|D6|4|5|0|1
2640|Chaos Rhino|4|1||Armoured tracks||Melee|Melee|6|3|6|0|1
2641|Heldrake|1|1||Baleflamer|ignores cover, torrent|12|Ranged|D6+3|N/A|6|-1|2
2641|Heldrake|2|1||Hades autocannon|rapid fire 4|36|Ranged|6|4|8|-1|2
2641|Heldrake|3|1||Heldrake claws|anti-fly 2+, devastating wounds|Melee|Melee|6|3|7|-1|2
2642|Khorne Lord of Skulls|1|1||Daemongore cannon|blast, rapid fire 3|18|Ranged|D6|4|14|-4|D6+2
2642|Khorne Lord of Skulls|2|1||Gorestorm cannon|blast, rapid fire 3|24|Ranged|D6+3|4|10|-2|3
2642|Khorne Lord of Skulls|3|1||Hades gatling cannon|rapid fire 6, sustained hits 1|48|Ranged|12|4|8|-2|2
2642|Khorne Lord of Skulls|4|1||Ichor cannon|blast, rapid fire 4|48|Ranged|2D6|4|7|-2|2
2642|Khorne Lord of Skulls|5|1||Skullhurler|rapid fire 3|60|Ranged|2D6|4|14|-3|3
2642|Khorne Lord of Skulls|6|1||Great cleaver of Khorne – strike||Melee|Melee|6|3|16|-4|8
2642|Khorne Lord of Skulls|7|2||Great cleaver of Khorne – sweep||Melee|Melee|18|3|8|-2|2
2677|Ancient In Terminator Armour|1|1||Storm bolter|rapid fire 2|24|Ranged|2|3|4|0|1
2677|Ancient In Terminator Armour|2|1||Chainfist|anti-vehicle 3+|Melee|Melee|4|3|8|-2|2
2677|Ancient In Terminator Armour|3|1||Close combat weapon||Melee|Melee|5|2|4|0|1
2677|Ancient In Terminator Armour|4|1||Power fist||Melee|Melee|4|2|8|-2|2
2677|Ancient In Terminator Armour|5|1||Power weapon||Melee|Melee|5|2|5|-2|1
2677|Ancient In Terminator Armour|6|1||Thunder hammer|devastating wounds|Melee|Melee|4|3|8|-2|2
2677|Ancient In Terminator Armour|7|1||Twin lightning claws|twin-linked|Melee|Melee|6|2|5|-2|1
2678|Chaplain Cassius|1|1||Infernus|anti-infantry 4+, devastating wounds, ignores cover, torrent|12|Ranged|D6|N/A|4|-1|1
2678|Chaplain Cassius|2|1||Artificer crozius||Melee|Melee|5|2|6|-1|2
2679|Vashtorr The Arkifane|1|1||Vashtorr’s claw|anti-vehicle 4+, torrent|12|Ranged|D6|N/A|5|-2|1
2679|Vashtorr The Arkifane|2|1||Vashtorr’s hammer – strike|anti-vehicle 4+, devastating wounds|Melee|Melee|6|2|14|-3|3
2679|Vashtorr The Arkifane|3|2||Vashtorr’s hammer – sweep|anti-vehicle 4+, devastating wounds|Melee|Melee|12|2|8|-1|2
2682|Lion El’jonson|1|1||Arma Luminis – bolt|pistol|12|Ranged|4|2|4|-1|2
2682|Lion El’jonson|2|2||Arma Luminis – plasma|pistol|12|Ranged|2|2|8|-3|2
2682|Lion El’jonson|3|1||Fealty – strike|lethal hits|Melee|Melee|8|2|12|-4|4
2682|Lion El’jonson|4|2||Fealty – sweep|sustained hits 1|Melee|Melee|16|2|6|-3|2
2683|Vigilant Squad|1|1||Arbites combat shotgun|assault|18|Ranged|2|4|4|0|1
2683|Vigilant Squad|2|1||Arbites grenade launcher – frag|blast|24|Ranged|D3|4|4|0|1
2683|Vigilant Squad|3|2||Arbites grenade launcher – krak||24|Ranged|1|4|9|-2|D3
2683|Vigilant Squad|4|1||Arbites shotpistol|pistol|12|Ranged|1|4|4|0|1
2683|Vigilant Squad|5|1||Executioner shotgun|ignores cover, precision|24|Ranged|1|4|5|-1|1
2683|Vigilant Squad|6|1||Heavy stubber|rapid fire 3|36|Ranged|3|4|4|0|1
2683|Vigilant Squad|7|1||Webber|assault, devastating wounds, torrent|12|Ranged|D6|N/A|2|0|1
2683|Vigilant Squad|8|1||Close combat weapon||Melee|Melee|2|4|3|0|1
2683|Vigilant Squad|9|1||Mechanical bite||Melee|Melee|3|4|4|0|1
2684|Subductor Squad|1|1||Arbites shotpistol|pistol|12|Ranged|1|4|4|0|1
2684|Subductor Squad|2|1||Mechanical bite||Melee|Melee|3|4|4|0|1
2684|Subductor Squad|3|1||Shock maul||Melee|Melee|2|4|4|-1|1
2685|Exaction Squad|1|1||Arbites combat shotgun|assault|18|Ranged|2|4|4|0|1
2685|Exaction Squad|2|1||Arbites grenade launcher – krak||24|Ranged|1|4|9|-2|D3
2685|Exaction Squad|3|2||Arbites grenade launcher – frag|blast|24|Ranged|D3|4|4|0|1
2685|Exaction Squad|4|1||Arbites shotpistol|pistol|12|Ranged|1|4|4|0|1
2685|Exaction Squad|5|1||Executioner shotgun|ignores cover, precision|24|Ranged|1|4|5|-1|1
2685|Exaction Squad|6|1||Heavy stubber|rapid fire 3|36|Ranged|3|4|4|0|1
2685|Exaction Squad|7|1||Webber|assault, devastating wounds, torrent|12|Ranged|D6|N/A|2|0|1
2685|Exaction Squad|8|1||Close combat weapon||Melee|Melee|2|4|3|0|1
2685|Exaction Squad|9|1||Excruciator maul||Melee|Melee|2|3|4|-1|2
2685|Exaction Squad|10|1||Mechanical bite||Melee|Melee|3|4|4|0|1
2686|Barbgaunts|1|1||Barblauncher|blast, heavy|24|Ranged|D6|4|5|0|1
2686|Barbgaunts|2|1||Chitinous claws and teeth||Melee|Melee|1|4|4|0|1
2687|Neurogaunts|1|1||Chitinous claws and teeth||Melee|Melee|1|4|3|0|1
2688|Neurotyrant|1|1||Psychic scream|ignores cover, psychic, torrent|18|Ranged|2D6|N/A|5|-1|2
2688|Neurotyrant|2|1||Neurotyrant claws and lashes||Melee|Melee|6|3|5|0|1
2689|Psychophage|1|1||Psychoclastic torrent|ignores cover, torrent|12|Ranged|D6|N/A|6|-1|1
2689|Psychophage|2|1||Talons and betentacled maw|anti-psyker 4+, devastating wounds|Melee|Melee|6|3|6|-2|2
2690|Screamer-killer|1|1||Bio-plasmic scream|assault, blast|18|Ranged|D6+3|4|8|-2|1
2690|Screamer-killer|2|1||Screamer-killer talons||Melee|Melee|10|3|10|-2|3
2691|Tyranid Warriors With Melee Bio-weapons|1|1||Tyranid Warrior claws and talons|twin-linked|Melee|Melee|6|3|5|-2|1
2692|Tyranid Warriors With Ranged Bio-weapons|1|1||Barbed strangler|blast|36|Ranged|D6+1|4|6|-1|1
2692|Tyranid Warriors With Ranged Bio-weapons|2|1||Deathspitter||24|Ranged|3|4|5|-1|1
2692|Tyranid Warriors With Ranged Bio-weapons|3|1||Devourer||18|Ranged|5|4|4|0|1
2692|Tyranid Warriors With Ranged Bio-weapons|4|1||Spinefists|assault, pistol, twin-linked|12|Ranged|2|4|4|0|1
2692|Tyranid Warriors With Ranged Bio-weapons|5|1||Venom cannon|blast|36|Ranged|D3|4|9|-2|2
2692|Tyranid Warriors With Ranged Bio-weapons|6|1||Tyranid Warrior claws and talons||Melee|Melee|5|3|5|-1|1
2693|Von Ryan’s Leapers|1|1||Leaper’s talons||Melee|Melee|6|3|5|-1|1
2694|Winged Tyranid Prime|1|1||Prime talons||Melee|Melee|6|2|6|-1|2
2700|Astraeus|1|1||Astraeus las-ripper||36|Ranged|2|3|12|-3|D6+1
2700|Astraeus|2|1||Ironhail heavy stubber|rapid fire 3|36|Ranged|3|3|4|0|1
2700|Astraeus|3|1||Plasma eradicator – standard|blast|36|Ranged|D6|3|7|-2|2
2700|Astraeus|4|2||Plasma eradicator – supercharge|blast, hazardous|36|Ranged|D6|3|8|-3|3
2700|Astraeus|5|1||Storm bolter|rapid fire 2|24|Ranged|2|3|4|0|1
2700|Astraeus|6|1||Twin heavy bolter|sustained hits 1, twin-linked|36|Ranged|3|3|5|-1|2
2700|Astraeus|7|1||Twin lascannon|twin-linked|48|Ranged|1|3|12|-3|D6+1
2700|Astraeus|8|1||Twin macro-accelerator cannon|sustained hits 1, twin-linked|72|Ranged|12|3|9|-1|3
2700|Astraeus|9|1||Armoured hull||Melee|Melee|6|4|8|0|1
2701|Captain In Phobos Armour|1|1||Bolt pistol|pistol|12|Ranged|1|2|4|0|1
2701|Captain In Phobos Armour|2|1||Instigator bolt carbine|precision|24|Ranged|1|2|4|-2|2
2701|Captain In Phobos Armour|3|1||Combat knife||Melee|Melee|6|2|4|-1|1
2702|Captain On Bike|1|1||Bolt pistol|pistol|12|Ranged|1|2|4|0|1
2702|Captain On Bike|2|1||Combi-weapon|ANTI-INFANTRY 4+, DEVASTATING WOUNDS, RAPID FIRE 1|24|Ranged|1|3|4|0|1
2702|Captain On Bike|3|1||Grav-pistol|anti-vehicle 2+, pistol|12|Ranged|1|2|4|-1|2
2702|Captain On Bike|4|1||Hand flamer|ignores cover, pistol, torrent|12|Ranged|D6|N/A|3|0|1
2702|Captain On Bike|5|1||Inferno pistol|melta 2, pistol|6|Ranged|1|2|8|-4|D3
2702|Captain On Bike|6|1||Master-crafted boltgun||24|Ranged|2|2|4|0|2
2702|Captain On Bike|7|1||Plasma pistol – standard|pistol|12|Ranged|1|2|7|-2|1
2702|Captain On Bike|8|2||Plasma pistol – supercharge|hazardous, pistol|12|Ranged|1|2|8|-3|2
2702|Captain On Bike|9|1||Twin boltgun|twin-linked|24|Ranged|2|2|4|0|1
2702|Captain On Bike|10|1||Storm bolter|RAPID FIRE 2|24|Ranged|2|2|4|0|1
2702|Captain On Bike|11|1||Astartes chainsword||Melee|Melee|7|2|4|-1|1
2702|Captain On Bike|12|1||Close combat weapon||Melee|Melee|6|2|4|0|1
2702|Captain On Bike|13|1||Power fist||Melee|Melee|5|2|8|-2|2
2702|Captain On Bike|14|1||Relic weapon||Melee|Melee|6|2|5|-2|2
2702|Captain On Bike|15|1||Thunder hammer|devastating wounds|Melee|Melee|5|3|8|-2|2
2702|Captain On Bike|16|1||Twin lightning claws|twin-linked|Melee|Melee|7|2|5|-2|1
2703|Centurion Assault Squad|1|1||Centurion bolters|rapid fire 3, twin-linked|24|Ranged|3|3|4|0|1
2703|Centurion Assault Squad|2|1||Twin flamer|ignores cover, torrent, twin-linked|12|Ranged|D6|N/A|4|0|1
2703|Centurion Assault Squad|3|1||Twin meltagun|melta 2, twin-linked|12|Ranged|1|3|9|-4|D6
2703|Centurion Assault Squad|4|1||Siege drills|twin-linked|Melee|Melee|3|3|10|-2|3
2704|Fellblade|1|1||Combi-weapon|anti-infantry 4+, devastating wounds, rapid fire 1|24|Ranged|1|4|4|0|1
2704|Fellblade|2|1||Demolisher cannon|blast|24|Ranged|D6+3|3|14|-3|D6
2704|Fellblade|3|1||Fellblade accelerator cannon – AP shells||72|Ranged|2|3|14|-3|6
2704|Fellblade|4|2||Fellblade accelerator cannon – HE shells|blast|72|Ranged|2D6|3|8|-1|2
2704|Fellblade|5|1||Havoc launcher |blast|48|Ranged|D6|3|5|0|1
2704|Fellblade|6|1||Heavy bolter|sustained hits 1|36|Ranged|3|3|5|-1|2
2704|Fellblade|7|1||Heavy flamer|ignores cover, torrent|12|Ranged|D6|N/A|5|-1|1
2704|Fellblade|8|1||Laser destroyer|heavy|36|Ranged|3|3|14|-4|D6+1
2704|Fellblade|9|1||Multi-melta|melta 2|18|Ranged|2|3|9|-4|D6
2704|Fellblade|10|1||Quad heavy bolter|sustained hits 1, twin-linked|36|Ranged|6|3|5|-1|2
2704|Fellblade|11|1||Quad lascannon||48|Ranged|4|3|12|-3|D6+1
2704|Fellblade|12|1||Storm bolter|rapid fire 2|24|Ranged|2|3|4|0|1
2704|Fellblade|13|1||Twin heavy bolter|sustained hits 1, twin-linked|36|Ranged|3|3|5|-1|2
2704|Fellblade|14|1||Twin heavy flamer|ignores cover, torrent, twin-linked|12|Ranged|D6|N/A|5|-1|1
2704|Fellblade|15|1||Armoured tracks||Melee|Melee|6|4|8|0|1
2705|Gladiator Lancer|1|1||Fragstorm grenade launcher|blast|18|Ranged|D6|3|4|0|1
2705|Gladiator Lancer|2|1||Icarus rocket pod|anti-fly 2+|24|Ranged|D3|3|8|-1|2
2705|Gladiator Lancer|3|1||Ironhail heavy stubber|rapid fire 3|36|Ranged|3|3|4|0|1
2705|Gladiator Lancer|4|1||Lancer laser destroyer|heavy|72|Ranged|2|3|14|-4|D6+3
2705|Gladiator Lancer|5|1||Storm bolter|rapid fire 2|24|Ranged|2|3|4|0|1
2705|Gladiator Lancer|6|1||Armoured hull||Melee|Melee|3|4|6|0|1
2706|Ironclad Dreadnought|1|1||Heavy flamer|ignores cover, torrent|12|Ranged|D6|N/A|5|-1|1
2706|Ironclad Dreadnought|2|1||Hunter-killer missile|one shot|48|Ranged|1|2|14|-3|D6
2706|Ironclad Dreadnought|3|1||Hurricane bolter|rapid fire 6, twin-linked|24|Ranged|6|3|4|0|1
2706|Ironclad Dreadnought|4|1||Meltagun|melta 2|12|Ranged|1|3|9|-4|D6
2706|Ironclad Dreadnought|5|1||Storm bolter|rapid fire 2|24|Ranged|2|3|4|0|1
2706|Ironclad Dreadnought|6|1||Dreadnought chainfist|anti-vehicle 3+|Melee|Melee|4|3|12|-2|3
2706|Ironclad Dreadnought|7|1||Dreadnought combat weapon||Melee|Melee|5|3|12|-2|3
2706|Ironclad Dreadnought|8|1||Seismic hammer||Melee|Melee|3|3|14|-3|D6+2
2707|Judiciar|1|1||Absolvor bolt pistol|pistol|18|Ranged|1|3|5|-1|2
2707|Judiciar|2|1||Executioner relic blade|devastating wounds, precision|Melee|Melee|5|2|7|-2|2
2708|Kayvaan Shrike|1|1||Blackout|pistol, precision|18|Ranged|2|2|5|-1|2
2708|Kayvaan Shrike|2|1||The Raven’s Talons|precision, twin-linked|Melee|Melee|7|2|5|-2|2
2709|Kor’sarro Khan|1|1||Bolt pistol|pistol|12|Ranged|1|2|4|0|1
2709|Kor’sarro Khan|2|1||Moonfang|devastating wounds, precision|Melee|Melee|6|2|5|-2|2
2710|Land Raider Helios|1|1||Godhammer lascannons||48|Ranged|2|3|12|-3|D6+1
2710|Land Raider Helios|2|1||Helios launcher|anti-fly 3+|48|Ranged|3|3|9|-1|3
2710|Land Raider Helios|3|1||Hunter-killer missile|one shot|48|Ranged|1|2|14|-3|D6
2710|Land Raider Helios|4|1||Storm bolter|rapid fire 2|24|Ranged|2|3|4|0|1
2710|Land Raider Helios|5|1||Armoured tracks||Melee|Melee|6|4|8|0|1
2711|Land Speeder|1|1||Heavy flamer|torrent|12|Ranged|D6|N/A|5|-1|1
2711|Land Speeder|2|1||Multi-melta|melta 2|18|Ranged|2|3|9|-4|D6
2711|Land Speeder|3|1||Onslaught gatling cannon|devastating wounds|24|Ranged|8|3|5|0|1
2711|Land Speeder|4|1||Stormfury missile launcher||48|Ranged|1|3|12|-3|D6+1
2711|Land Speeder|5|1||Close-combat weapon||Melee|Melee|4|3|4|0|1
2712|OUTRIDER|1|1||Bolt pistol|PISTOL|12|Ranged|1|3|4|0|1
2712|OUTRIDER|2|1||Heavy bolt pistol|pistol|18|Ranged|1|3|4|-1|1
2712|OUTRIDER|3|1||Multi-melta|melta 2|18|Ranged|2|3|9|-4|D6
2712|OUTRIDER|4|1||Onslaught gatling cannon|devastating wounds|24|Ranged|8|3|5|0|1
2712|OUTRIDER|5|1||Twin bolt rifle|twin-linked|24|Ranged|2|3|4|-1|1
2712|OUTRIDER|6|1||Astartes chainsword||Melee|Melee|4|3|4|-1|1
2712|OUTRIDER|7|1||Close combat weapon||Melee|Melee|5|3|4|0|1
2713|Pedro Kantor|1|1||Dorn’s Arrow|rapid fire 2, sustained hits 1|24|Ranged|2|2|5|-1|2
2713|Pedro Kantor|2|1||Fist of Retribution||Melee|Melee|5|2|8|-3|3
2714|Predator Annihilator|1|1||Predator twin lascannon|twin-linked|48|Ranged|1|3|14|-3|D6+1
2714|Predator Annihilator|2|1||Heavy bolter|sustained hits 1|36|Ranged|3|3|5|-1|2
2714|Predator Annihilator|3|1||Hunter-killer missile|one shot|48|Ranged|1|2|14|-3|D6
2714|Predator Annihilator|4|1||Lascannon||48|Ranged|1|3|12|-3|D6+1
2714|Predator Annihilator|5|1||Storm bolter|rapid fire 2|24|Ranged|2|3|4|0|1
2714|Predator Annihilator|6|1||Armoured tracks||Melee|Melee|3|4|6|0|1
2715|Predator Destructor|1|1||Heavy bolter|sustained hits 1|36|Ranged|3|3|5|-1|2
2715|Predator Destructor|2|1||Hunter-killer missile|one shot|48|Ranged|1|2|14|-3|D6
2715|Predator Destructor|3|1||Lascannon||48|Ranged|1|3|12|-3|D6+1
2715|Predator Destructor|4|1||Predator autocannon|rapid fire 2|48|Ranged|4|3|9|-1|3
2715|Predator Destructor|5|1||Storm bolter|rapid fire 2|24|Ranged|2|3|4|0|1
2715|Predator Destructor|6|1||Armoured tracks||Melee|Melee|3|4|6|0|1
2717|Redemptor Dreadnought|1|1||Heavy flamer|ignores cover, torrent|12|Ranged|D6|N/A|5|-1|1
2717|Redemptor Dreadnought|2|1||Heavy onslaught gatling cannon|devastating wounds|24|Ranged|12|3|6|0|1
2717|Redemptor Dreadnought|3|1||Icarus rocket pod|anti-fly 2+|24|Ranged|D3|3|8|-1|2
2717|Redemptor Dreadnought|4|1||Macro plasma incinerator – standard|blast|36|Ranged|D6+1|3|8|-3|2
2717|Redemptor Dreadnought|5|2||Macro plasma incinerator – supercharge|blast, hazardous|36|Ranged|D6+1|3|9|-4|3
2717|Redemptor Dreadnought|6|1||Onslaught gatling cannon|devastating wounds|24|Ranged|8|3|5|0|1
2717|Redemptor Dreadnought|7|1||Twin fragstorm grenade launcher|blast, twin-linked|18|Ranged|D6|3|4|0|1
2717|Redemptor Dreadnought|8|1||Twin storm bolter|rapid fire 2, twin-linked|24|Ranged|2|3|4|0|1
2717|Redemptor Dreadnought|9|1||Redemptor fist||Melee|Melee|5|3|12|-2|3
2718|Reiver Squad|1|1||Bolt carbine|precision|24|Ranged|2|3|4|0|1
2718|Reiver Squad|2|1||Special issue bolt pistol|pistol, precision|12|Ranged|1|3|4|-1|1
2718|Reiver Squad|3|1||Close combat weapon||Melee|Melee|3|3|4|0|1
2718|Reiver Squad|4|1||Combat knife|precision|Melee|Melee|4|3|4|-1|1
2719|Relic Contemptor Dreadnought|1|1||Combi-bolter|rapid fire 2|24|Ranged|2|3|4|0|1
2719|Relic Contemptor Dreadnought|2|1||Conversion beam cannon|conversion, sustained hits d3|24|Ranged|1|3|7|-1|3
2719|Relic Contemptor Dreadnought|3|1||Cyclone missile launcher – frag|BLAST|36|Ranged|2D6|3|4|0|1
2719|Relic Contemptor Dreadnought|4|2||Cyclone missile launcher – krak||36|Ranged|2|3|9|-2|D6
2719|Relic Contemptor Dreadnought|5|1||Graviton blaster|anti-vehicle 2+|18|Ranged|2|3|5|-1|1
2719|Relic Contemptor Dreadnought|6|1||Twin autocannon|TWIN-LINKED|48|Ranged|2|3|9|-1|3
2719|Relic Contemptor Dreadnought|7|1||Twin heavy bolter|TWIN-LINKED, SUSTAINED HITS 1|36|Ranged|3|3|5|-1|2
2719|Relic Contemptor Dreadnought|8|1||Twin lascannon|TWIN-LINKED|48|Ranged|1|3|12|-3|D6+1
2719|Relic Contemptor Dreadnought|9|1||Heavy flamer|IGNORES COVER, TORRENT|12|Ranged|D6|N/A|5|-1|1
2719|Relic Contemptor Dreadnought|10|1||Heavy plasma cannon – standard|blast|36|Ranged|D3|3|7|-2|2
2719|Relic Contemptor Dreadnought|11|2||Heavy plasma cannon – supercharge|blast, hazardous|36|Ranged|D3|3|8|-3|3
2719|Relic Contemptor Dreadnought|12|1||Kheres-pattern assault cannon|devastating wounds|24|Ranged|6|3|7|-1|1
2719|Relic Contemptor Dreadnought|13|1||Multi-melta|MELTA 2|18|Ranged|2|3|9|-4|D6
2719|Relic Contemptor Dreadnought|14|1||Plasma blaster – standard||18|Ranged|2|3|7|-2|1
2719|Relic Contemptor Dreadnought|15|2||Plasma blaster – supercharge|HAZARDOUS|18|Ranged|2|3|8|-3|2
2719|Relic Contemptor Dreadnought|16|1||Twin volkite culverin|devastating wounds, twin-linked|36|Ranged|4|3|6|0|2
2719|Relic Contemptor Dreadnought|17|1||Armoured feet||Melee|Melee|5|3|6|0|1
2719|Relic Contemptor Dreadnought|18|1||Dreadnought chainfist|anti-vehicle 3+|Melee|Melee|4|3|12|-2|3
2719|Relic Contemptor Dreadnought|19|1||Dreadnought combat weapon||Melee|Melee|5|3|12|-2|3
2720|Relic Razorback|1|1||Hunter-killer missile|one shot|48|Ranged|1|2|14|-3|D6
2720|Relic Razorback|2|1||Multi-melta|melta 2|18|Ranged|2|3|9|-4|D6
2720|Relic Razorback|3|1||Storm bolter|rapid fire 2|24|Ranged|2|3|4|0|1
2720|Relic Razorback|4|1||Twin assault cannon|devastating wounds, twin-linked|24|Ranged|6|3|6|0|1
2720|Relic Razorback|5|1||Twin heavy bolter|sustained hits 1, twin-linked|36|Ranged|3|3|5|-1|2
2720|Relic Razorback|6|1||Twin lascannon|twin-linked|48|Ranged|1|3|12|-3|D6+1
2720|Relic Razorback|7|1||Armoured tracks||Melee|Melee|3|4|6|0|1
2721|Repulsor|1|1||Heavy onslaught gatling cannon|devastating wounds|24|Ranged|12|3|6|0|1
2721|Repulsor|2|1||Hunter-slayer missile|indirect fire, one shot|48|Ranged|1|2|14|-3|D6
2721|Repulsor|3|1||Las-talon||36|Ranged|2|3|10|-3|D6+1
2721|Repulsor|4|1||Repulsor defensive array||24|Ranged|18|3|4|0|1
2721|Repulsor|5|1||Twin heavy bolter|sustained hits 1, twin-linked|36|Ranged|3|3|5|-1|2
2721|Repulsor|6|1||Twin lascannon|twin-linked|48|Ranged|1|3|12|-3|D6+1
2721|Repulsor|7|1||Armoured hull||Melee|Melee|6|4|8|0|1
2722|Repulsor Executioner|1|1||Heavy laser destroyer|heavy|72|Ranged|2|3|16|-4|D6+4
2722|Repulsor Executioner|2|1||Heavy onslaught gatling cannon|devastating wounds|24|Ranged|12|3|6|0|1
2722|Repulsor Executioner|3|1||Icarus rocket pod|anti-fly 2+|24|Ranged|D3|3|8|-1|2
2722|Repulsor Executioner|4|1||Ironhail heavy stubber|rapid fire 3|36|Ranged|3|3|4|0|1
2722|Repulsor Executioner|5|1||Macro plasma incinerator – standard|blast|36|Ranged|D6+1|3|8|-3|2
2722|Repulsor Executioner|6|2||Macro plasma incinerator – supercharge|blast, hazardous|36|Ranged|D6+1|3|9|-4|3
2722|Repulsor Executioner|7|1||Repulsor Executioner defensive array||24|Ranged|10|3|4|0|1
2722|Repulsor Executioner|8|1||Twin heavy bolter|sustained hits 1, twin-linked|36|Ranged|3|3|5|-1|2
2722|Repulsor Executioner|9|1||Twin Icarus ironhail heavy stubber|anti-fly 4+, rapid fire 3, twin-linked|36|Ranged|3|3|4|0|1
2722|Repulsor Executioner|10|1||Armoured hull||Melee|Melee|6|4|8|0|1
2723|Rhino|1|1||Hunter-killer missile|one shot|48|Ranged|1|2|14|-3|D6
2723|Rhino|2|1||Storm bolter|rapid fire 2|24|Ranged|2|3|4|0|1
2723|Rhino|3|1||Armoured tracks||Melee|Melee|3|4|6|0|1
2724|Thunderhawk Transporter|1|1||Hellstrike missile battery|anti-fly 4+|72|Ranged|4|3|8|-2|3
2724|Thunderhawk Transporter|2|1||Twin heavy bolter|sustained hits 1, twin-linked|36|Ranged|3|3|5|-1|2
2724|Thunderhawk Transporter|3|1||Armoured hull||Melee|Melee|8|4|8|0|1
2725|Tyrannic War Veterans|1|1||Bolt pistol|anti-tyranids 4+, pistol|12|Ranged|1|3|4|0|1
2725|Tyrannic War Veterans|2|1||Boltgun|anti-tyranids 4+|24|Ranged|2|3|4|0|1
2725|Tyrannic War Veterans|3|1||Close combat weapon|anti-tyranids 4+|Melee|Melee|3|3|4|0|1
2726|Vulkan He’stan|1|1||Bolt pistol|pistol|12|Ranged|1|2|4|0|1
2726|Vulkan He’stan|2|1||Gauntlet of the Forge|ignores cover, pistol, torrent|12|Ranged|D6+3|N/A|6|-1|1
2726|Vulkan He’stan|3|1||Spear of Vulkan|devastating wounds|Melee|Melee|6|2|6|-2|2
2727|Whirlwind|1|1||Hunter-killer missile|one shot|48|Ranged|1|2|14|-3|D6
2727|Whirlwind|2|1||Storm bolter|rapid fire 2|24|Ranged|2|3|4|0|1
2727|Whirlwind|3|1||Whirlwind vengeance launcher|blast, indirect fire|72|Ranged|D6+3|3|8|-2|2
2727|Whirlwind|4|1||Armoured tracks||Melee|Melee|3|4|6|0|1
2728|Whirlwind Scorpius|1|1||Hunter-killer missile|one shot|48|Ranged|1|2|14|-3|D6
2728|Whirlwind Scorpius|2|1||Scorpius multi-launcher|blast, indirect fire|48|Ranged|2D3+3|3|6|-1|2
2728|Whirlwind Scorpius|3|1||Storm bolter|rapid fire 2|24|Ranged|2|3|4|0|1
2728|Whirlwind Scorpius|4|1||Armoured tracks||Melee|Melee|3|4|6|0|1
2729|Xiphon Interceptor|1|1||Twin lascannon|twin-linked|48|Ranged|1|3|12|-3|D6+1
2729|Xiphon Interceptor|2|1||Xiphon missile battery|anti-fly 2+|60|Ranged|3|3|7|-1|3
2729|Xiphon Interceptor|3|1||Armoured hull||Melee|Melee|3|4|6|0|1
2730|Heretic Astartes Daemon Prince With Wings|1|1||Infernal cannon||24|Ranged|3|2|5|-1|2
2730|Heretic Astartes Daemon Prince With Wings|2|1||Hellforged weapons – strike||Melee|Melee|6|2|8|-2|3
2730|Heretic Astartes Daemon Prince With Wings|3|2||Hellforged weapons – sweep||Melee|Melee|14|2|6|0|1
2731|Renegade Enforcer|1|1||Autogun|rapid fire 1|24|Ranged|1|3|3|0|1
2731|Renegade Enforcer|2|1||Enforcer pistol|pistol|12|Ranged|1|3|4|0|1
2731|Renegade Enforcer|3|1||Lasgun|rapid fire 1|24|Ranged|1|3|3|0|1
2731|Renegade Enforcer|4|1||Shotgun|assault|12|Ranged|2|3|4|0|1
2731|Renegade Enforcer|5|1||Enforcer melee weapon||Melee|Melee|4|3|4|0|1
2731|Renegade Enforcer|6|1||Power fist||Melee|Melee|3|3|6|-2|2
2731|Renegade Enforcer|7|1||Power weapon||Melee|Melee|3|3|4|-2|1
2732|Renegade Heavy Weapons Squad|1|1||Autocannon|heavy|48|Ranged|2|5|9|-1|3
2732|Renegade Heavy Weapons Squad|2|1||Heavy bolter|heavy, sustained hits 1|36|Ranged|3|5|5|-1|2
2732|Renegade Heavy Weapons Squad|3|1||Heavy stubber|heavy, rapid fire 3|36|Ranged|4|5|4|0|1
2732|Renegade Heavy Weapons Squad|4|1||Lascannon|heavy|48|Ranged|1|5|12|-3|D6+1
2732|Renegade Heavy Weapons Squad|5|1||Missile launcher – frag|blast, heavy|48|Ranged|D6|5|4|0|1
2732|Renegade Heavy Weapons Squad|6|2||Missile launcher – krak|heavy|48|Ranged|1|5|9|-2|D6
2732|Renegade Heavy Weapons Squad|7|1||Mortar|blast, heavy, indirect fire|48|Ranged|D6|5|5|0|1
2732|Renegade Heavy Weapons Squad|8|1||Renegade firearm|rapid fire 1|24|Ranged|1|4|3|0|1
2732|Renegade Heavy Weapons Squad|9|1||Close combat weapons||Melee|Melee|2|4|3|0|1
2733|OGRYN PACK MASTER|1|1||Befouled claws and fangs||Melee|Melee|2|3|5|0|1
2733|OGRYN PACK MASTER|2|1||Mauler goad and ripper claw||Melee|Melee|4|3|6|-1|2
2734|Renegade Ogryn Brutes|1|1||Ogryn power drill||Melee|Melee|3|3|10|-2|2
2734|Renegade Ogryn Brutes|2|1||Ogryn weapon||Melee|Melee|3|3|6|-1|2
2735|Renegade Plague Ogryns|1|1||Ogryn plague claws|lethal hits|Melee|Melee|3|3|6|-1|2
2737|Death Company Marines With Jump Packs|1|1||Hand flamer|ignores cover, pistol, torrent|12|Ranged|D6|N/A|3|0|1
2737|Death Company Marines With Jump Packs|2|1||Heavy bolt pistol|pistol|18|Ranged|1|3|4|-1|1
2737|Death Company Marines With Jump Packs|3|1||Inferno pistol|pistol, melta 2|6|Ranged|1|3|8|-4|D3
2737|Death Company Marines With Jump Packs|4|1||Plasma pistol – standard|pistol|12|Ranged|1|3|7|-2|1
2737|Death Company Marines With Jump Packs|5|2||Plasma pistol – supercharge|hazardous, pistol|12|Ranged|1|3|8|-3|2
2737|Death Company Marines With Jump Packs|6|1||Astartes chainsword||Melee|Melee|4|3|4|-1|1
2737|Death Company Marines With Jump Packs|7|1||Eviscerator|sustained hits 1|Melee|Melee|3|4|7|-2|2
2737|Death Company Marines With Jump Packs|8|1||Power fist||Melee|Melee|3|3|8|-2|2
2737|Death Company Marines With Jump Packs|9|1||Power weapon||Melee|Melee|4|3|5|-2|1
2738|Sanguinary Priest With Jump Pack|1|1||Bolt pistol|pistol|12|Ranged|1|2|4|0|1
2738|Sanguinary Priest With Jump Pack|2|1||Astartes chainsword||Melee|Melee|5|2|4|-1|1
2739|Earthshaker Platform|1|1||Earthshaker cannon|blast, indirect fire|240|Ranged|D6+3|4|8|-2|2
2739|Earthshaker Platform|2|1||Close combat weapons||Melee|Melee|3|4|3|0|1
2740|Elysian Drop Sentinel|1|1||Heavy bolter|sustained hits 1|36|Ranged|3|4|5|-1|2
2740|Elysian Drop Sentinel|2|1||Heavy flamer|ignores cover, torrent|12|Ranged|D6|N/A|5|-1|1
2740|Elysian Drop Sentinel|3|1||Hunter-killer missile|one shot|48|Ranged|1|4|14|-3|D6
2740|Elysian Drop Sentinel|4|1||Multi-melta|melta 2|18|Ranged|2|4|9|-4|D6
2740|Elysian Drop Sentinel|5|1||Close combat weapon||Melee|Melee|2|4|6|0|1
2741|Leman Russ Eradicator|1|1||Eradicator nova cannon|blast, ignores cover|36|Ranged|D3+6|4|7|-1|2
2741|Leman Russ Eradicator|2|1||Heavy bolter|sustained hits 1|36|Ranged|3|4|5|-1|2
2741|Leman Russ Eradicator|3|1||Heavy flamer|ignores cover, torrent|12|Ranged|D6|N/A|5|-1|1
2741|Leman Russ Eradicator|4|1||Heavy stubber|rapid fire 3|36|Ranged|3|4|4|0|1
2741|Leman Russ Eradicator|5|1||Hunter-killer missile|one shot|48|Ranged|1|4|14|-3|D6
2741|Leman Russ Eradicator|6|1||Lascannon||48|Ranged|1|4|12|-3|D6+1
2741|Leman Russ Eradicator|7|1||Multi-melta|melta 2|18|Ranged|2|4|9|-4|D6
2741|Leman Russ Eradicator|8|1||Plasma cannon – standard|blast|36|Ranged|D3|4|7|-2|1
2741|Leman Russ Eradicator|9|2||Plasma cannon – supercharge|blast, hazardous|36|Ranged|D3|4|8|-3|2
2741|Leman Russ Eradicator|10|1||Storm bolter|rapid fire 2|24|Ranged|2|4|4|0|1
2741|Leman Russ Eradicator|11|1||Armoured tracks||Melee|Melee|6|4|7|0|1
2742|Leman Russ Executioner|1|1||Executioner plasma cannon – standard|blast|36|Ranged|D6+3|4|7|-2|2
2742|Leman Russ Executioner|2|2||Executioner plasma cannon – supercharge|blast, hazardous|36|Ranged|D6+3|4|8|-3|3
2742|Leman Russ Executioner|3|1||Heavy bolter|sustained hits 1|36|Ranged|3|4|5|-1|2
2742|Leman Russ Executioner|4|1||Heavy flamer|ignores cover, torrent|12|Ranged|D6|N/A|5|-1|1
2742|Leman Russ Executioner|5|1||Heavy stubber|rapid fire 3|36|Ranged|3|4|4|0|1
2742|Leman Russ Executioner|6|1||Hunter-killer missile|one shot|48|Ranged|1|4|14|-3|D6
2742|Leman Russ Executioner|7|1||Lascannon||48|Ranged|1|4|12|-3|D6+1
2742|Leman Russ Executioner|8|1||Multi-melta|melta 2|18|Ranged|2|4|9|-4|D6
2742|Leman Russ Executioner|9|1||Plasma cannon – standard|blast|36|Ranged|D3|4|7|-2|1
2742|Leman Russ Executioner|10|2||Plasma cannon – supercharge|blast, hazardous|36|Ranged|D3|4|8|-3|2
2742|Leman Russ Executioner|11|1||Storm bolter|rapid fire 2|24|Ranged|2|4|4|0|1
2742|Leman Russ Executioner|12|1||Armoured tracks||Melee|Melee|6|4|7|0|1
2743|Leman Russ Exterminator|1|1||Exterminator autocannon|rapid fire 4, twin-linked|48|Ranged|4|4|9|-1|3
2743|Leman Russ Exterminator|2|1||Heavy bolter|sustained hits 1|36|Ranged|3|4|5|-1|2
2743|Leman Russ Exterminator|3|1||Heavy flamer|ignores cover, torrent|12|Ranged|D6|N/A|5|-1|1
2743|Leman Russ Exterminator|4|1||Heavy stubber|rapid fire 3|36|Ranged|3|4|4|0|1
2743|Leman Russ Exterminator|5|1||Hunter-killer missile|one shot|48|Ranged|1|4|14|-3|D6
2743|Leman Russ Exterminator|6|1||Lascannon||48|Ranged|1|4|12|-3|D6+1
2743|Leman Russ Exterminator|7|1||Multi-melta|melta 2|18|Ranged|2|4|9|-4|D6
2743|Leman Russ Exterminator|8|1||Plasma cannon – standard|blast|36|Ranged|D3|4|7|-2|1
2743|Leman Russ Exterminator|9|2||Plasma cannon – supercharge|blast, hazardous|36|Ranged|D3|4|8|-3|2
2743|Leman Russ Exterminator|10|1||Storm bolter|rapid fire 2|24|Ranged|2|4|4|0|1
2743|Leman Russ Exterminator|11|1||Armoured tracks||Melee|Melee|6|4|7|0|1
2744|Leman Russ Punisher|1|1||Heavy bolter|sustained hits 1|36|Ranged|3|4|5|-1|2
2744|Leman Russ Punisher|2|1||Heavy flamer|ignores cover, torrent|12|Ranged|D6|N/A|5|-1|1
2744|Leman Russ Punisher|3|1||Heavy stubber|rapid fire 3|36|Ranged|3|4|4|0|1
2744|Leman Russ Punisher|4|1||Hunter-killer missile|one shot|48|Ranged|1|4|14|-3|D6
2744|Leman Russ Punisher|5|1||Lascannon||48|Ranged|1|4|12|-3|D6+1
2744|Leman Russ Punisher|6|1||Multi-melta|melta 2|18|Ranged|2|4|9|-4|D6
2744|Leman Russ Punisher|7|1||Plasma cannon – standard|blast|36|Ranged|D3|4|7|-2|1
2744|Leman Russ Punisher|8|2||Plasma cannon – supercharge|blast, hazardous|36|Ranged|D3|4|8|-3|2
2744|Leman Russ Punisher|9|1||Punisher gatling cannon||24|Ranged|20|4|6|0|1
2744|Leman Russ Punisher|10|1||Storm bolter|rapid fire 2|24|Ranged|2|4|4|0|1
2744|Leman Russ Punisher|11|1||Armoured tracks||Melee|Melee|6|4|7|0|1
2745|Leman Russ Vanquisher|1|1||Heavy bolter|sustained hits 1|36|Ranged|3|4|5|-1|2
2745|Leman Russ Vanquisher|2|1||Heavy flamer|ignores cover, torrent|12|Ranged|D6|N/A|5|-1|1
2745|Leman Russ Vanquisher|3|1||Heavy stubber|rapid fire 3|36|Ranged|3|4|4|0|1
2745|Leman Russ Vanquisher|4|1||Hunter-killer missile|one shot|48|Ranged|1|4|14|-3|D6
2745|Leman Russ Vanquisher|5|1||Lascannon||48|Ranged|1|4|12|-3|D6+1
2745|Leman Russ Vanquisher|6|1||Multi-melta|melta 2|18|Ranged|2|4|9|-4|D6
2745|Leman Russ Vanquisher|7|1||Plasma cannon – standard|blast|36|Ranged|D3|4|7|-2|1
2745|Leman Russ Vanquisher|8|2||Plasma cannon – supercharge|blast, hazardous|36|Ranged|D3|4|8|-3|2
2745|Leman Russ Vanquisher|9|1||Storm bolter|rapid fire 2|24|Ranged|2|4|4|0|1
2745|Leman Russ Vanquisher|10|1||Vanquisher battle cannon|heavy|72|Ranged|1|4|18|-4|D6+6
2745|Leman Russ Vanquisher|11|1||Armoured tracks||Melee|Melee|6|4|7|0|1
2746|Tempestus Scions|1|1||Bolt pistol|PISTOL|12|Ranged|1|4|4|0|1
2746|Tempestus Scions|2|1||Flamer|ignores cover, torrent|12|Ranged|D6|N/A|4|0|1
2746|Tempestus Scions|3|1||Grenade launcher – frag|blast|24|Ranged|D3|3|4|0|1
2746|Tempestus Scions|4|2||Grenade launcher – krak||24|Ranged|1|3|9|-2|D3
2746|Tempestus Scions|5|1||Hot-shot lasgun|rapid fire 1|24|Ranged|1|3|3|-1|1
2746|Tempestus Scions|6|1||Hot-shot laspistol|pistol|12|Ranged|1|3|3|-1|1
2746|Tempestus Scions|7|1||Hot-shot volley gun|rapid fire 2|30|Ranged|2|3|4|-1|1
2746|Tempestus Scions|8|1||Meltagun|melta 2|12|Ranged|1|3|9|-4|D6
2746|Tempestus Scions|9|1||Plasma gun – standard|rapid fire 1|24|Ranged|1|3|7|-2|1
2746|Tempestus Scions|10|2||Plasma gun – supercharge|hazardous, rapid fire 1|24|Ranged|1|3|8|-3|2
2746|Tempestus Scions|11|1||Plasma pistol – standard|PISTOL|12|Ranged|1|3|7|-2|1
2746|Tempestus Scions|12|2||Plasma pistol – supercharge|HAZARDOUS, PISTOL|12|Ranged|1|3|8|-3|2
2746|Tempestus Scions|13|1||Chainsword||Melee|Melee|4|4|3|0|1
2746|Tempestus Scions|14|1||Close combat weapon||Melee|Melee|2|4|3|0|1
2746|Tempestus Scions|15|1||Power fist||Melee|Melee|3|4|6|-2|2
2746|Tempestus Scions|16|1||Power weapon||Melee|Melee|3|4|4|-2|1
2748|Ravenwing Command Squad|1|1||Astartes grenade launcher – frag|blast|24|Ranged|D3|3|4|0|1
2748|Ravenwing Command Squad|2|2||Astartes grenade launcher – krak||24|Ranged|1|3|9|-2|D3
2748|Ravenwing Command Squad|3|1||Bolt pistol|pistol|12|Ranged|1|3|4|0|1
2748|Ravenwing Command Squad|4|1||Plasma talon – standard|rapid fire 1|18|Ranged|2|3|7|-2|1
2748|Ravenwing Command Squad|5|2||Plasma talon – supercharge|hazardous, rapid fire 1|18|Ranged|2|3|8|-3|2
2748|Ravenwing Command Squad|6|1||Black Knight combat weapon|devastating wounds|Melee|Melee|3|3|5|-2|1
2748|Ravenwing Command Squad|7|1||Master-crafted power weapon||Melee|Melee|6|2|5|-2|2
2749|Daemon Prince of Nurgle with Wings|1|1||Infernal cannon|lethal hits|24|Ranged|3|2|7|-1|2
2749|Daemon Prince of Nurgle with Wings|2|1||Hellforged weapons – strike|lethal hits|Melee|Melee|7|2|8|-2|3
2749|Daemon Prince of Nurgle with Wings|3|2||Hellforged weapons – sweep|lethal hits|Melee|Melee|14|2|6|-1|1
2750|Icon Bearer|1|1||Boltgun|lethal hits|24|Ranged|2|3|4|0|1
2750|Icon Bearer|2|1||Plague knife|lethal hits|Melee|Melee|4|3|4|0|1
2751|Norn Emissary|1|1||Psychic Tendril – neuroparasite|precision, psychic|18|Ranged|2|2|8|-2|D3
2751|Norn Emissary|2|2||Psychic Tendril – neuroblast|blast, psychic|18|Ranged|2D6|2|6|-2|1
2751|Norn Emissary|3|3||Psychic Tendril – neurolance|melta 2, psychic|18|Ranged|2|2|12|-3|D6
2751|Norn Emissary|4|1||Monstrous scything talons||Melee|Melee|6|2|9|-2|3
2751|Norn Emissary|5|1||Monstrous rending claws|extra attacks|Melee|Melee|4|2|7|-2|2
2752|Norn Assimilator|1|1||Toxinjector Harpoon|harpooned|12|Ranged|2|2|12|-3|D6+1
2752|Norn Assimilator|2|1||Monstrous scything talons||Melee|Melee|6|2|9|-2|3
2752|Norn Assimilator|3|1||Toxinjector harpoon|extra attacks|Melee|Melee|4|2|12|-3|D6+1
2753|Neurolictor|1|1||Piercing claws and talons|precision|Melee|Melee|6|2|6|-2|1
2755|Exalted Sorcerer on Disc of Tzeentch|1|1||Arcane Fire|ignores cover, psychic, torrent|18|Ranged|D6|N/A|6|-2|D3
2755|Exalted Sorcerer on Disc of Tzeentch|2|1||Inferno bolt pistol|pistol|12|Ranged|1|2|4|-1|1
2755|Exalted Sorcerer on Disc of Tzeentch|3|1||Force weapon|psychic|Melee|Melee|5|2|6|-1|D3
2755|Exalted Sorcerer on Disc of Tzeentch|4|1||Prosperine khopesh||Melee|Melee|4|2|5|-2|2
2757|Daemon Prince of Khorne with Wings|1|1||Infernal cannon|rapid fire 1|24|Ranged|3|3|5|-1|2
2757|Daemon Prince of Khorne with Wings|2|1||Hellforged weapons – strike||Melee|Melee|8|2|8|-2|3
2757|Daemon Prince of Khorne with Wings|3|2||Hellforged weapons – sweep||Melee|Melee|16|2|6|-1|1
2758|Daemon Prince Of Chaos With Wings|1|1||Infernal cannon||24|Ranged|3|2|5|-1|2
2758|Daemon Prince Of Chaos With Wings|2|1||Hellforged weapons – strike||Melee|Melee|6|2|8|-2|3
2758|Daemon Prince Of Chaos With Wings|3|2||Hellforged weapons – sweep||Melee|Melee|14|2|6|0|1
2759|Autarch Wayleaper|1|1||Death spinner|ignores cover, torrent|12|Ranged|D6|N/A|4|-1|1
2759|Autarch Wayleaper|2|1||Dragon fusion gun|assault, melta 3|12|Ranged|1|2|9|-4|D6
2759|Autarch Wayleaper|3|1||Dragon fusion pistol|assault, melta 3, pistol|6|Ranged|1|2|9|-4|D6
2759|Autarch Wayleaper|4|1||Reaper launcher – starshot|heavy, ignores cover|48|Ranged|1|3|10|-2|3
2759|Autarch Wayleaper|5|2||Reaper launcher – starswarm|heavy, ignores cover|48|Ranged|2|3|4|-2|1
2759|Autarch Wayleaper|6|1||Shuriken pistol|assault, pistol|12|Ranged|1|2|4|-1|1
2759|Autarch Wayleaper|7|1||Banshee blade|anti-infantry 3+|Melee|Melee|5|2|4|-2|2
2759|Autarch Wayleaper|8|1||Scorpion chainsword|sustained hits 1|Melee|Melee|7|2|4|-1|1
2759|Autarch Wayleaper|9|1||Star glaive||Melee|Melee|4|2|6|-3|3
2760|Inquisitor In Terminator Armour|1|1||Combi-weapon|anti-infantry 4+, devastating wounds, rapid fire 1|24|Ranged|1|3|4|-2|1
2760|Inquisitor In Terminator Armour|2|1||Psycannon|psychic|24|Ranged|3|3|8|-1|2
2760|Inquisitor In Terminator Armour|3|1||Psychic shock wave|devastating wounds, psychic, torrent|18|Ranged|2D6|N/A|3|-2|1
2760|Inquisitor In Terminator Armour|4|1||Storm bolter|rapid fire 2|24|Ranged|2|3|4|0|1
2760|Inquisitor In Terminator Armour|5|1||Force weapon|psychic|Melee|Melee|4|3|5|-2|D3
2760|Inquisitor In Terminator Armour|6|1||Inquisitorial melee weapon||Melee|Melee|5|3|4|-2|1
2761|Damned Legionnaires|1|1||Bolt pistol|ignores cover, pistol|12|Ranged|1|3|4|0|1
2761|Damned Legionnaires|2|1||Boltgun|ignores cover|24|Ranged|2|3|4|0|1
2761|Damned Legionnaires|3|1||Flamer|ignores cover, torrent|12|Ranged|D6|N/A|4|0|1
2761|Damned Legionnaires|4|1||Heavy flamer|ignores cover, torrent|12|Ranged|D6|N/A|5|-1|1
2761|Damned Legionnaires|5|1||Meltagun|melta 2|12|Ranged|1|3|9|-4|D6
2761|Damned Legionnaires|6|1||Multi-melta|heavy, melta 2|18|Ranged|2|4|9|-4|D6
2761|Damned Legionnaires|7|1||Plasma gun – standard|rapid fire 1|24|Ranged|1|3|7|-2|1
2761|Damned Legionnaires|8|2||Plasma gun – supercharge|hazardous, rapid fire 1|24|Ranged|1|3|8|-3|2
2761|Damned Legionnaires|9|1||Plasma pistol – standard|pistol|12|Ranged|1|3|7|-2|1
2761|Damned Legionnaires|10|2||Plasma pistol – supercharge|hazardous, pistol|12|Ranged|1|3|8|-3|2
2761|Damned Legionnaires|11|1||Astartes chainsword||Melee|Melee|5|3|4|-1|1
2761|Damned Legionnaires|12|1||Close combat weapon||Melee|Melee|3|3|4|0|1
2761|Damned Legionnaires|13|1||Power weapon||Melee|Melee|3|3|5|-2|1
2762|ROGUE TRADER|1|1||Dartmask|anti-infantry 2+, pistol, precision|12|Ranged|1|4|2|-1|D3
2762|ROGUE TRADER|2|1||Household pistol|pistol, devastating wounds|12|Ranged|2|3|5|-2|2
2762|ROGUE TRADER|3|1||Laspistol|pistol|12|Ranged|1|4|3|0|1
2762|ROGUE TRADER|4|1||Voltaic pistol|pistol, sustained hits 2|12|Ranged|3|3|4|-2|1
2762|ROGUE TRADER|5|1||Close combat weapon||Melee|Melee|1|4|3|0|1
2762|ROGUE TRADER|6|1||Death Cult power blade|precision|Melee|Melee|5|2|4|-2|1
2762|ROGUE TRADER|7|1||Monomolecular cane-rapier||Melee|Melee|4|3|4|-1|1
2763|Janus Draik|1|1||Heirloom pistol|anti-infantry 4+, pistol|12|Ranged|1|3|4|-1|3
2763|Janus Draik|2|1||Monomolecular rapier|sustained hits 1|Melee|Melee|4|3|3|-2|1
2764|Neyam Shai Murad|1|1||Negotiator pistol|precision|12|Ranged|4|3|4|-2|1
2764|Neyam Shai Murad|2|1||Close combat weapon||Melee|Melee|4|3|3|0|1
2765|Navigator|1|1||Laspistol|pistol|12|Ranged|1|4|3|0|1
2765|Navigator|2|1||Force-orb cane|psychic|Melee|Melee|3|4|6|-1|D3
2766|Ur-025|1|1||Mk 1 assault weapon|ASSAULT|24|Ranged|4|3|5|-1|1
2766|Ur-025|2|1||Power claw||Melee|Melee|3|4|8|-2|2
2767|Inquisitorial Agents|1|1||Agent firearm|pistol|12|Ranged|1|3|4|-1|1
2767|Inquisitorial Agents|2|1||Heavy bolter|heavy, sustained hits 1|36|Ranged|3|4|5|-1|2
2767|Inquisitorial Agents|3|1||Multi-melta|heavy, melta 2|18|Ranged|2|4|9|-4|D6
2767|Inquisitorial Agents|4|1||Plasma cannon – standard|blast, heavy|36|Ranged|D3|4|7|-1|1
2767|Inquisitorial Agents|5|2||Plasma cannon – supercharge|blast, hazardous, heavy|36|Ranged|D3|4|8|-2|2
2767|Inquisitorial Agents|6|1||Plasma pistol – standard|pistol|12|Ranged|1|3|7|-1|1
2767|Inquisitorial Agents|7|2||Plasma pistol – supercharge|hazardous, pistol|12|Ranged|1|3|8|-2|2
2767|Inquisitorial Agents|8|1||Agent melee weapon||Melee|Melee|3|3|3|0|1
2767|Inquisitorial Agents|9|1||Eviscerator|devastating wounds|Melee|Melee|2|3|6|-2|2
2767|Inquisitorial Agents|10|1||Mystic stave|ANTI-INFANTRy 4+, psychic|Melee|Melee|2|3|5|-1|D3
2768|Grey Knights Relic Razorback|1|1||Hunter-killer missile|one shot|48|Ranged|1|2|14|-3|D6
2768|Grey Knights Relic Razorback|2|1||Multi-melta|melta 2|18|Ranged|2|3|9|-4|D6
2768|Grey Knights Relic Razorback|3|1||Storm bolter|rapid fire 2|24|Ranged|2|3|4|0|1
2768|Grey Knights Relic Razorback|4|1||Twin assault cannon|devastating wounds, twin-linked|24|Ranged|6|3|6|0|1
2768|Grey Knights Relic Razorback|5|1||Twin heavy bolter|sustained hits 1, twin-linked|36|Ranged|3|3|5|-1|2
2768|Grey Knights Relic Razorback|6|1||Twin lascannon|twin-linked|48|Ranged|1|3|12|-3|D6+1
2768|Grey Knights Relic Razorback|7|1||Twin psycannon|psychic, twin-linked|24|Ranged|3|3|8|-1|2
2768|Grey Knights Relic Razorback|8|1||Armoured tracks||Melee|Melee|3|4|6|0|1
2769|Armiger Moirax|1|1||Conversion beam cannon|conversion, sustained hits d3|24|Ranged|1|3|10|-2|3
2769|Armiger Moirax|2|1||Graviton pulsar|ANTI-VEHICLE 2+, BLAST|24|Ranged|D6|3|7|-1|2
2769|Armiger Moirax|3|1||Lightning lock|sustained hits 2|36|Ranged|6|3|8|0|1
2769|Armiger Moirax|4|1||Rad cleanser|anti-infantry 2+, ignores cover, torrent|12|Ranged|D6|N/A|2|0|1
2769|Armiger Moirax|5|1||Volkite veuglaire|devastating wounds|36|Ranged|4|3|8|0|2
2769|Armiger Moirax|6|1||Armoured feet||Melee|Melee|4|3|6|0|1
2769|Armiger Moirax|7|1||Siege claw||Melee|Melee|4|3|12|-3|D6+2
2770|Sir Hekhtur|1|1||Hekhtur’s pistol|pistol|12|Ranged|1|2|5|-1|2
2770|Sir Hekhtur|2|1||Close combat weapon||Melee|Melee|2|2|3|0|1
2771|EPHRAEL STERN|1|1||Bolt pistol|pistol|12|Ranged|1|3|4|0|1
2771|EPHRAEL STERN|2|1||Sanctity|anti-chaos 2+, precision|Melee|Melee|4|2|6|-2|2
2771|EPHRAEL STERN|3|1||The Outcast’s Weapons|precision|Melee|Melee|6|2|4|-2|1
2772|Company Heroes|1|1||Bolt Pistol|PISTOL|12|Ranged|1|3|4|0|1
2772|Company Heroes|2|1||Bolt rifle||24|Ranged|2|3|4|-1|1
2772|Company Heroes|3|1||Master-crafted bolt rifle|DEVASTATING WOUNDS, RAPID FIRE 1|24|Ranged|2|2|4|-1|2
2772|Company Heroes|4|1||Master-crafted heavy bolter|HEAVY, SUSTAINED HITS 2|36|Ranged|3|3|5|-1|3
2772|Company Heroes|5|1||Close combat weapon||Melee|Melee|5|3|4|0|1
2772|Company Heroes|6|1||Master-crafted power weapon|PRECISION|Melee|Melee|6|2|5|-2|2
2773|Apothecary|1|1||Absolvor bolt pistol|PISTOL|18|Ranged|1|3|5|-1|2
2773|Apothecary|2|1||Reductor pistol|PISTOL|3|Ranged|1|3|4|-4|2
2773|Apothecary|3|1||Close combat weapon||Melee|Melee|4|3|4|0|1
2775|Ancient|1|1||Bolt Pistol|PISTOL|12|Ranged|1|3|4|0|1
2775|Ancient|2|1||Bolt rifle|ASSAULT, HEAVY|24|Ranged|2|3|4|-1|1
2775|Ancient|3|1||Close combat weapon||Melee|Melee|5|2|4|0|1
2775|Ancient|4|1||Power weapon||Melee|Melee|5|2|5|-2|1
2776|Assault Intercessors With Jump Packs|1|1||Hand flamer|IGNORES COVER, PISTOL, TORRENT|12|Ranged|D6|N/A|3|0|1
2776|Assault Intercessors With Jump Packs|2|1||Heavy bolt pistol|pistol|18|Ranged|1|3|4|-1|1
2776|Assault Intercessors With Jump Packs|3|1||Plasma pistol - standard|PISTOL|12|Ranged|1|3|7|-2|1
2776|Assault Intercessors With Jump Packs|3|2||Plasma pistol - supercharge|HAZARDOUS, PISTOL|12|Ranged|1|3|8|-3|2
2776|Assault Intercessors With Jump Packs|4|1||Astartes chainsword||Melee|Melee|4|3|4|-1|1
2776|Assault Intercessors With Jump Packs|5|1||Power weapon||Melee|Melee|5|2|5|-2|1
2776|Assault Intercessors With Jump Packs|6|1||Power fist||Melee|Melee|3|3|8|-2|2
2779|Spectrus Kill Team|1|1||Bolt pistol|pistol|12|Ranged|1|3|4|0|1
2779|Spectrus Kill Team|2|1||Bolt sniper rifle|heavy, precision|36|Ranged|1|3|5|-2|3
2779|Spectrus Kill Team|3|1||Deathwatch bolt carbine|lethal hits, precision|24|Ranged|2|3|5|-1|1
2779|Spectrus Kill Team|4|1||Deathwatch marksman bolt carbine|heavy, lethal hits|24|Ranged|2|3|5|-1|1
2779|Spectrus Kill Team|5|1||Deathwatch occulus bolt carbine|assault, ignores cover, lethal hits|24|Ranged|2|3|5|-1|1
2779|Spectrus Kill Team|6|1||Instigator bolt carbine|heavy|24|Ranged|1|3|4|-2|2
2779|Spectrus Kill Team|7|1||Las fusil|heavy|36|Ranged|1|3|9|-3|D6
2779|Spectrus Kill Team|8|1||Special-issue bolt pistol|pistol, precision|12|Ranged|1|3|4|-1|1
2779|Spectrus Kill Team|9|1||Close combat weapon||Melee|Melee|3|3|4|0|1
2779|Spectrus Kill Team|10|1||Combat knife|precision|Melee|Melee|4|3|4|-1|1
2779|Spectrus Kill Team|11|1||Paired combat blades|sustained hits 1|Melee|Melee|3|3|4|-1|1
2780|Fortis Kill Team|1|1||Astartes grenade launcher – frag|blast|24|Ranged|D3|3|4|0|1
2780|Fortis Kill Team|1|2||Astartes grenade launcher – krak||24|Ranged|1|3|9|-2|D3
2780|Fortis Kill Team|2|1||Bolt pistol|pistol|12|Ranged|1|3|4|0|1
2780|Fortis Kill Team|3|1||Castellan launcher|blast, indirect fire|36|Ranged|D3|3|4|0|1
2780|Fortis Kill Team|4|1||Deathwatch bolt rifle|assault, heavy, lethal hits|24|Ranged|2|3|5|-2|1
2780|Fortis Kill Team|5|1||Hand flamer|ignores cover, pistol, torrent|12|Ranged|D6|N/A|3|0|1
2780|Fortis Kill Team|6|1||Heavy bolt pistol|pistol|18|Ranged|1|3|4|-1|1
2780|Fortis Kill Team|7|1||Plasma incinerator – standard|assault, heavy|24|Ranged|2|3|7|-2|1
2780|Fortis Kill Team|8|2||Plasma incinerator – supercharge|assault, hazardous, heavy|24|Ranged|2|3|8|-3|2
2780|Fortis Kill Team|9|1||Plasma pistol - standard|PISTOL|12|Ranged|1|3|7|-2|1
2780|Fortis Kill Team|9|2||Plasma pistol - supercharge|HAZARDOUS, PISTOL|12|Ranged|1|3|8|-3|2
2780|Fortis Kill Team|10|1||Pyreblaster|ignores cover, torrent|12|Ranged|D6|N/A|5|0|1
2780|Fortis Kill Team|11|1||Superfrag rocket launcher|blast, heavy|48|Ranged|D6+1|4|5|0|1
2780|Fortis Kill Team|12|1||Superkrak rocket launcher|heavy|48|Ranged|1|4|10|-2|D6+1
2780|Fortis Kill Team|13|1||Vengor launcher|blast, indirect fire|48|Ranged|D6|2|7|-1|2
2780|Fortis Kill Team|14|1||Astartes chainsword||Melee|Melee|4|3|4|-1|1
2780|Fortis Kill Team|15|1||Close combat weapon||Melee|Melee|3|3|4|0|1
2780|Fortis Kill Team|16|1||Power fist||Melee|Melee|3|3|8|-2|2
2780|Fortis Kill Team|17|1||Power weapon||Melee|Melee|4|3|5|-2|1
2780|Fortis Kill Team|18|1||Thunder hammer|devastating wounds|Melee|Melee|3|4|8|-2|2
2781|Indomitor Kill Team|1|1||Auto boltstorm gauntlets|twin-linked|18|Ranged|3|3|4|0|1
2781|Indomitor Kill Team|2|1||Bolt pistol|PISTOL|12|Ranged|1|3|4|0|1
2781|Indomitor Kill Team|3|1||Deathwatch heavy bolt rifle|assault, heavy, lethal hits|30|Ranged|2|3|5|-2|2
2781|Indomitor Kill Team|4|1||Deathwatch heavy bolter|assault, heavy, lethal hits, sustained hits 1|36|Ranged|3|3|5|-2|3
2781|Indomitor Kill Team|5|1||Fragstorm grenade launcher|blast|18|Ranged|D6|3|4|0|1
2781|Indomitor Kill Team|6|1||Flamestorm gauntlets|ignores cover, torrent, twin-linked|12|Ranged|D6+1|N/A|4|0|1
2781|Indomitor Kill Team|7|1||Melta rifle|heavy, melta 2|18|Ranged|1|3|9|-4|D6
2781|Indomitor Kill Team|8|1||Multi-melta|heavy, melta 2|18|Ranged|2|4|9|-4|D6
2781|Indomitor Kill Team|9|1||Close combat weapon||Melee|Melee|3|3|4|0|1
2781|Indomitor Kill Team|10|1||Twin power fists|twin-linked|Melee|Melee|3|3|8|-2|2
2783|Deathwatch Veterans|1|1||Boltgun||24|Ranged|2|3|4|0|1
2783|Deathwatch Veterans|2|1||Combi-weapon|anti-infantry 4+, devastating wounds, rapid fire 1|24|Ranged|1|4|4|-1|1
2783|Deathwatch Veterans|3|1||Deathwatch shotgun|assault|24|Ranged|2|3|4|0|2
2783|Deathwatch Veterans|4|1||Frag cannon|blast, heavy, rapid fire d3|18|Ranged|D3|4|7|-1|2
2783|Deathwatch Veterans|5|1||Infernus heavy bolter – heavy bolter|heavy, sustained hits 1|36|Ranged|3|4|5|-1|2
2783|Deathwatch Veterans|6|2||Infernus heavy bolter – heavy flamer|ignores cover, torrent|12|Ranged|D6|N/A|5|-1|1
2783|Deathwatch Veterans|7|1||Stalker-pattern boltgun|heavy, precision|24|Ranged|1|3|4|-1|2
2783|Deathwatch Veterans|8|1||Black Shield blades|twin-linked|Melee|Melee|4|3|5|-2|1
2783|Deathwatch Veterans|9|1||Close combat weapon||Melee|Melee|3|3|4|0|1
2783|Deathwatch Veterans|10|1||Deathwatch thunder hammer|devastating wounds|Melee|Melee|3|4|10|-2|3
2783|Deathwatch Veterans|11|1||Power weapon||Melee|Melee|3|3|5|-2|1
2783|Deathwatch Veterans|12|1||Xenophase blade|devastating wounds|Melee|Melee|4|3|5|-2|1
2786|Impulsor|1|1||Bellicatus missile array – frag|blast|48|Ranged|D6|3|4|0|1
2786|Impulsor|2|2||Bellicatus missile array – Icarus|anti-fly 2+|48|Ranged|D3|3|8|-1|2
2786|Impulsor|3|3||Bellicatus missile array – krak||48|Ranged|1|3|8|-2|D6
2786|Impulsor|4|1||Fragstorm grenade launcher|blast|18|Ranged|D6|3|4|0|1
2786|Impulsor|5|1||Ironhail heavy stubber|rapid fire 3|36|Ranged|3|3|4|0|1
2786|Impulsor|6|1||Ironhail skytalon array|anti-fly 4+, sustained hits 1|36|Ranged|8|3|4|0|1
2786|Impulsor|7|1||Multi-melta|melta 2|18|Ranged|2|3|9|-4|D6
2786|Impulsor|8|1||Storm bolter|rapid fire 2|24|Ranged|2|3|4|0|1
2786|Impulsor|9|1||Armoured hull||Melee|Melee|3|4|6|0|1
2787|Gladiator Lancer|1|1||Fragstorm grenade launcher|blast|18|Ranged|D6|3|4|0|1
2787|Gladiator Lancer|2|1||Icarus rocket pod|anti-fly 2+|24|Ranged|D3|3|8|-1|2
2787|Gladiator Lancer|3|1||Ironhail heavy stubber|rapid fire 3|36|Ranged|3|3|4|0|1
2787|Gladiator Lancer|4|1||Lancer laser destroyer|heavy|72|Ranged|2|3|14|-4|D6+3
2787|Gladiator Lancer|5|1||Multi-melta|melta 2|18|Ranged|2|3|9|-4|D6
2787|Gladiator Lancer|6|1||Storm bolter|rapid fire 2|24|Ranged|2|3|4|0|1
2787|Gladiator Lancer|7|1||Armoured hull||Melee|Melee|3|4|6|0|1
2788|Gladiator Valiant|1|1||Icarus rocket pod|anti-fly 2+|24|Ranged|D3|3|8|-1|2
2788|Gladiator Valiant|2|1||Ironhail heavy stubber|rapid fire 3|36|Ranged|3|3|4|0|1
2788|Gladiator Valiant|3|1||Multi-melta|melta 2|18|Ranged|2|3|9|-4|D6
2788|Gladiator Valiant|4|1||Twin las-talon|twin-linked|36|Ranged|2|3|10|-3|D6+1
2788|Gladiator Valiant|5|1||Armoured hull||Melee|Melee|3|4|6|0|1
2789|Gladiator Reaper|1|1||Icarus rocket pod|anti-fly 2+|24|Ranged|D3|3|8|-1|2
2789|Gladiator Reaper|2|1||Ironhail heavy stubber|rapid fire 3|36|Ranged|3|3|4|0|1
2789|Gladiator Reaper|3|1||Multi-melta|melta 2|18|Ranged|2|3|9|-4|D6
2789|Gladiator Reaper|4|1||Tempest bolter|rapid fire 4|24|Ranged|4|3|4|-1|1
2789|Gladiator Reaper|5|1||Twin heavy onslaught gatling cannon|devastating wounds, twin-linked|24|Ranged|12|3|6|0|1
2789|Gladiator Reaper|6|1||Armoured hull||Melee|Melee|3|4|6|0|1
2790|Repulsor Executioner|1|1||Heavy laser destroyer|heavy|72|Ranged|2|3|16|-4|D6+4
2790|Repulsor Executioner|2|1||Heavy onslaught gatling cannon|devastating wounds|24|Ranged|12|3|6|0|1
2790|Repulsor Executioner|3|1||Icarus rocket pod|anti-fly 2+|24|Ranged|D3|3|8|-1|2
2790|Repulsor Executioner|4|1||Ironhail heavy stubber|rapid fire 3|36|Ranged|3|3|4|0|1
2790|Repulsor Executioner|5|1||Macro plasma incinerator – standard|blast|36|Ranged|D6+1|3|8|-3|2
2790|Repulsor Executioner|6|2||Macro plasma incinerator – supercharge|blast, hazardous|36|Ranged|D6+1|3|9|-4|3
2790|Repulsor Executioner|7|1||Multi-melta|melta 2|18|Ranged|2|3|9|-4|D6
2790|Repulsor Executioner|8|1||Repulsor Executioner defensive array||24|Ranged|10|3|4|0|1
2790|Repulsor Executioner|9|1||Twin heavy bolter|sustained hits 1, twin-linked|36|Ranged|3|3|5|-1|2
2790|Repulsor Executioner|10|1||Twin Icarus ironhail heavy stubber|anti-fly 4+, rapid fire 3, twin-linked|36|Ranged|3|3|4|0|1
2790|Repulsor Executioner|11|1||Armoured hull||Melee|Melee|6|4|8|0|1
2791|Repulsor|1|1||Heavy onslaught gatling cannon|devastating wounds|24|Ranged|12|3|6|0|1
2791|Repulsor|2|1||Hunter-slayer missile|indirect fire, one shot|48|Ranged|1|2|14|-3|D6
2791|Repulsor|3|1||Las-talon||36|Ranged|2|3|10|-3|D6
2791|Repulsor|4|1||Multi-melta|melta 2|18|Ranged|2|3|9|-4|D6
2791|Repulsor|5|1||Repulsor defensive array||24|Ranged|18|3|4|0|1
2791|Repulsor|6|1||Twin heavy bolter|sustained hits 1, twin-linked|36|Ranged|3|3|5|-1|2
2791|Repulsor|7|1||Twin lascannon|twin-linked|48|Ranged|1|3|12|-3|D6+1
2791|Repulsor|8|1||Armoured hull||Melee|Melee|6|4|8|0|1
2792|GRIMALDUS|1|1||Plasma pistol – standard|pistol|12|Ranged|1|2|7|-2|1
2792|GRIMALDUS|2|2||Plasma pistol – supercharge|hazardous, pistol|12|Ranged|1|2|8|-3|2
2792|GRIMALDUS|3|1||Artificer crozius||Melee|Melee|6|2|6|-2|2
2792|GRIMALDUS|4|1||Close combat weapon||Melee|Melee|1|4|3|0|1
2793|Castellan|1|1||Combi-weapon|anti-infantry 4+, devastating wounds, rapid fire 1|24|Ranged|1|3|4|0|1
2793|Castellan|2|1||Heavy bolt pistol|pistol|18|Ranged|1|2|4|-1|1
2793|Castellan|3|1||Astartes chainsword|sustained hits 1|Melee|Melee|7|2|4|-1|1
2793|Castellan|4|1||Master-crafted power weapon|lethal hits|Melee|Melee|6|2|5|-2|2
2794|High Marshal Helbrecht|1|1||Ferocity|anti-infantry 4+, devastating wounds|24|Ranged|2|2|5|-1|2
2794|High Marshal Helbrecht|2|1||Sword of the High Marshals – strike||Melee|Melee|6|2|8|-3|3
2794|High Marshal Helbrecht|3|2||Sword of the High Marshals – sweep||Melee|Melee|12|2|6|-3|1
2795|Emperor’s Champion|1|1||Bolt pistol|pistol|12|Ranged|1|2|4|0|1
2795|Emperor’s Champion|2|1||Black Sword – strike|anti-character 5+, precision|Melee|Melee|6|2|8|-3|3
2795|Emperor’s Champion|3|2||Black Sword – sweep||Melee|Melee|10|2|6|-2|1
2796|Marshal|1|1||Combi-weapon|anti-infantry 4+, devastating wounds, rapid fire 1|24|Ranged|1|3|4|0|1
2796|Marshal|2|1||Plasma pistol – standard|pistol|12|Ranged|1|2|7|-2|1
2796|Marshal|3|2||Plasma pistol – supercharge|hazardous, pistol|12|Ranged|1|2|8|-3|2
2796|Marshal|4|1||Master-crafted power weapon|lethal hits|Melee|Melee|7|2|5|-2|2
2798|Sword Brethren Squad|1|1||Heavy bolt pistol|pistol|18|Ranged|1|3|4|-1|1
2798|Sword Brethren Squad|2|1||Plasma pistol – standard|pistol|12|Ranged|1|3|7|-2|1
2798|Sword Brethren Squad|3|2||Plasma pistol – supercharge|hazardous, pistol|12|Ranged|1|3|8|-3|2
2798|Sword Brethren Squad|4|1||Pyre pistol|ignores cover, pistol, torrent|12|Ranged|D6|N/A|4|0|1
2798|Sword Brethren Squad|5|1||Astartes chainsword|sustained hits 1|Melee|Melee|6|2|4|-1|1
2798|Sword Brethren Squad|6|1||Master-crafted power weapon|lethal hits|Melee|Melee|3|2|5|-2|2
2798|Sword Brethren Squad|7|1||Thunder hammer|devastating wounds|Melee|Melee|3|3|8|-2|2
2798|Sword Brethren Squad|8|1||Twin lightning claws|twin-linked|Melee|Melee|5|2|5|-2|1
2799|NEOPHYTES|1|1||Bolt pistol|pistol|12|Ranged|1|3|4|0|1
2799|NEOPHYTES|2|1||Bolt rifle|assault, heavy|24|Ranged|2|3|4|-1|1
2799|NEOPHYTES|3|1||Heavy bolt pistol|pistol|18|Ranged|1|3|4|-1|1
2799|NEOPHYTES|4|1||Neophyte firearm|assault|18|Ranged|2|3|4|0|1
2799|NEOPHYTES|5|1||Pyre pistol|ignores cover, pistol, torrent|12|Ranged|D6|N/A|4|0|1
2799|NEOPHYTES|6|1||Pyreblaster|ignores cover, torrent|12|Ranged|D6|N/A|5|0|1
2799|NEOPHYTES|7|1||Astartes chainsword|sustained hits 1|Melee|Melee|4|3|4|-1|1
2799|NEOPHYTES|8|1||Close combat weapon||Melee|Melee|3|3|4|0|1
2799|NEOPHYTES|9|1||Master-crafted power weapon|lethal hits|Melee|Melee|3|2|5|-2|2
2799|NEOPHYTES|10|1||Power fist||Melee|Melee|3|3|8|-2|2
2801|Venerable Dreadnought|1|1||Assault cannon|devastating wounds|24|Ranged|6|3|6|0|1
2801|Venerable Dreadnought|2|1||Heavy flamer|ignores cover, torrent|12|Ranged|D6|3|5|-1|1
2801|Venerable Dreadnought|3|1||Helfrost cannon – dispersed|torrent|12|Ranged|D6|N/A|6|-1|2
2801|Venerable Dreadnought|4|2||Helfrost cannon – focused||36|Ranged|1|3|10|-3|5
2801|Venerable Dreadnought|5|1||Multi-melta|melta 2|18|Ranged|2|3|9|-4|D6
2801|Venerable Dreadnought|6|1||Storm bolter|rapid fire 2|24|Ranged|2|3|4|0|1
2801|Venerable Dreadnought|7|1||Dreadnought combat weapon||Melee|Melee|5|3|12|-2|3
2801|Venerable Dreadnought|8|1||Fenrisian greataxe – strike||Melee|Melee|6|3|10|-2|D6+1
2801|Venerable Dreadnought|9|2||Fenrisian greataxe – sweep||Melee|Melee|12|3|6|-2|1
2802|Wolf Guard Pack Leader With Jump Pack|1|1||Bolt pistol|pistol|12|Ranged|1|3|4|0|1
2802|Wolf Guard Pack Leader With Jump Pack|2|1||Combi-weapon|anti-infantry 4+, devastating wounds, rapid fire 1|24|Ranged|1|3|4|0|1
2802|Wolf Guard Pack Leader With Jump Pack|3|1||Plasma pistol – standard|pistol|12|Ranged|1|3|7|-2|1
2802|Wolf Guard Pack Leader With Jump Pack|4|2||Plasma pistol – supercharge|hazardous, pistol|12|Ranged|1|3|8|-3|2
2802|Wolf Guard Pack Leader With Jump Pack|5|1||Storm bolter|rapid fire 2|24|Ranged|2|3|4|0|1
2802|Wolf Guard Pack Leader With Jump Pack|6|1||Astartes chainsword||Melee|Melee|4|3|4|-1|1
2802|Wolf Guard Pack Leader With Jump Pack|7|1||Power fist||Melee|Melee|2|3|8|-2|2
2802|Wolf Guard Pack Leader With Jump Pack|8|1||Power weapon||Melee|Melee|3|3|5|-2|1
2802|Wolf Guard Pack Leader With Jump Pack|9|1||Thunder hammer|devastating wounds|Melee|Melee|2|4|8|-2|2
2802|Wolf Guard Pack Leader With Jump Pack|10|1||Twin lightning claws|twin-linked|Melee|Melee|4|3|5|-2|1
2803|Wolf Guard Pack Leader In Terminator Armour|1|1||Assault cannon|devastating wounds|24|Ranged|6|3|6|0|1
2803|Wolf Guard Pack Leader In Terminator Armour|2|1||Combi-weapon|anti-infantry 4+, devastating wounds, ignores cover|24|Ranged|2|3|4|0|1
2803|Wolf Guard Pack Leader In Terminator Armour|3|1||Cyclone missile launcher – frag|blast|36|Ranged|2D6|3|4|0|1
2803|Wolf Guard Pack Leader In Terminator Armour|4|2||Cyclone missile launcher – krak||36|Ranged|2|3|9|-2|D6
2803|Wolf Guard Pack Leader In Terminator Armour|5|1||Heavy flamer|ignores cover, torrent|12|Ranged|D6|N/A|5|-1|1
2803|Wolf Guard Pack Leader In Terminator Armour|6|1||Storm bolter|rapid fire 2|24|Ranged|2|3|4|0|1
2803|Wolf Guard Pack Leader In Terminator Armour|7|1||Chainfist|anti-vehicle 3+|Melee|Melee|3|4|8|-2|2
2803|Wolf Guard Pack Leader In Terminator Armour|8|1||Power fist||Melee|Melee|3|3|8|-2|2
2803|Wolf Guard Pack Leader In Terminator Armour|9|1||Power weapon||Melee|Melee|4|3|5|-2|1
2803|Wolf Guard Pack Leader In Terminator Armour|10|1||Thunder hammer|devastating wounds|Melee|Melee|3|4|8|-2|2
2803|Wolf Guard Pack Leader In Terminator Armour|11|1||Twin lightning claws|twin-linked|Melee|Melee|5|3|5|-2|1
2804|Wolf Guard Pack Leader|1|1||Bolt pistol|pistol|12|Ranged|1|3|4|0|1
2804|Wolf Guard Pack Leader|2|1||Boltgun||24|Ranged|2|3|4|0|1
2804|Wolf Guard Pack Leader|3|1||Combi-weapon|anti-infantry 4+, devastating wounds, rapid fire 1|24|Ranged|1|3|4|0|1
2804|Wolf Guard Pack Leader|4|1||Plasma pistol – standard|pistol|12|Ranged|1|3|7|-2|1
2804|Wolf Guard Pack Leader|5|2||Plasma pistol – supercharge|hazardous, pistol|12|Ranged|1|3|8|-3|2
2804|Wolf Guard Pack Leader|6|1||Storm bolter|rapid fire 2|24|Ranged|2|3|4|0|1
2804|Wolf Guard Pack Leader|7|1||Astartes chainsword||Melee|Melee|4|3|4|-1|1
2804|Wolf Guard Pack Leader|8|1||Close combat weapon||Melee|Melee|3|4|4|0|1
2804|Wolf Guard Pack Leader|9|1||Power fist||Melee|Melee|2|3|8|-2|2
2804|Wolf Guard Pack Leader|10|1||Power weapon||Melee|Melee|3|3|5|-2|1
2804|Wolf Guard Pack Leader|11|1||Thunder hammer|devastating wounds|Melee|Melee|2|4|8|-2|2
2804|Wolf Guard Pack Leader|12|1||Twin lightning claws|twin-linked|Melee|Melee|4|3|5|-2|1
2805|Cyberwolf|1|1||Teeth and claws||Melee|Melee|4|4|4|0|1
2806|Hounds Of Morkai|1|1||Morkai bolt pistol|anti-psyker 4+, devastating wounds, pistol, precision|12|Ranged|1|3|4|-1|1
2806|Hounds Of Morkai|2|1||Morkai combat knife|anti-psyker 4+, devastating wounds, precision|Melee|Melee|4|3|4|0|1
3582|Khorne Berzerkers||1||Plasma pistol – supercharge|hazardous, pistol|12|Ranged|1|4|8|-3|2
3582|Khorne Berzerkers||2||Plasma pistol – standard|pistol|12|Ranged|1|4|7|-2|1
3582|Khorne Berzerkers||1||Bolt pistol|pistol|12|Ranged|1|4|4|0|1
3582|Khorne Berzerkers||1||Khornate eviscerator||Melee|Melee|3|3|8|-2|2
3582|Khorne Berzerkers||1||Chainblade||Melee|Melee|4|3|4|-1|1
3583|Rubric Marine||1||Inferno bolt pistol|pistol|12|Ranged|1|3|4|-1|1
3583|Rubric Marine||1||Malefic Curse|anti-infantry 4+, devastating wounds, psychic|24|Ranged|3|3|4|-3|1
3583|Rubric Marine||1||Inferno boltgun||24|Ranged|2|3|4|-2|1
3583|Rubric Marine||1||Warpflamer|ignores cover, torrent|12|Ranged|D6|N/A|4|-1|1
3583|Rubric Marine||1||Soulreaper cannon|devastating wounds|24|Ranged|6|3|6|-2|1
3583|Rubric Marine||1||Force weapon|psychic|Melee|Melee|3|3|6|-1|D3
3583|Rubric Marine||1||Close combat weapon||Melee|Melee|2|3|4|0|1
3583|Rubric Marine||1||Warpflame pistol|ignores cover, pistol, torrent|12|Ranged|D6|N/A|3|-1|1
3584|Plague Marines||1||Power fist|lethal hits|Melee|Melee|3|3|8|-2|2
3584|Plague Marines||1||Meltagun|melta 2|12|Ranged|1|3|9|-4|D6
3584|Plague Marines||1||Bolt pistol|lethal hits, pistol|12|Ranged|1|3|4|0|1
3584|Plague Marines||1||Boltgun|lethal hits|24|Ranged|2|3|4|0|1
3584|Plague Marines||1||Blight launcher|blast, lethal hits|24|Ranged|D3|3|6|-1|2
3584|Plague Marines||1||Plague belcher|anti-infantry 4+, ignores cover, torrent|12|Ranged|D6|N/A|4|0|1
3584|Plague Marines||1||Plague spewer|anti-infantry 2+, ignores cover, torrent|12|Ranged|D6|N/A|5|-1|1
3584|Plague Marines||1||Plasma gun – standard|rapid fire 1|24|Ranged|1|3|7|-2|1
3584|Plague Marines||2||Plasma gun – supercharge|hazardous, rapid fire 1|24|Ranged|1|3|8|-3|2
3584|Plague Marines||1||Plasma pistol – standard|pistol|12|Ranged|1|3|7|-2|1
3584|Plague Marines||2||Plasma pistol – supercharge|hazardous, pistol|12|Ranged|1|3|8|-3|2
3584|Plague Marines||1||Bubotic weapons|lethal hits|Melee|Melee|4|3|5|-2|1
3584|Plague Marines||1||Heavy plague weapon|lethal hits|Melee|Melee|3|4|8|-2|2
3584|Plague Marines||1||Plague knives|lethal hits|Melee|Melee|3|3|4|0|1
3585|Chaos Thunderhawk||1||Turbo-laser destructor|blast|96|Ranged|D3+1|3|20|-4|D6+6
3585|Chaos Thunderhawk||1||Lascannon||48|Ranged|1|3|12|-3|D6+1
3585|Chaos Thunderhawk||1||Hellstrike missile battery|anti-fly 4+|72|Ranged|4|3|8|-2|3
3585|Chaos Thunderhawk||1||Thunderhawk heavy cannon|blast|48|Ranged|D6+6|3|10|-2|3
3585|Chaos Thunderhawk||1||Twin heavy bolter|sustained hits 1, twin-linked|36|Ranged|3|3|5|-1|2
3585|Chaos Thunderhawk||1||Armoured hull||Melee|Melee|6|4|8|0|1
3586|Greater Blight Drone||1||Greater plague probe|lethal hits|Melee|Melee|4|3|6|-1|1
3586|Greater Blight Drone||1||Blightreaper cannon|lethal hits|36|Ranged|6|3|8|-2|2
3586|Greater Blight Drone||1||Bile maw|lethal hits|12|Ranged|3|3|5|0|1
3587|Blood Slaughterer||1||Twin slaughter blade|twin-linked|Melee|Melee|5|3|12|-3|3
3587|Blood Slaughterer||1||Slaughter blade||Melee|Melee|5|3|12|-3|3
3587|Blood Slaughterer||1||Impaler harpoon|anti-monster 2+, anti-vehicle 2+, impaled|12|Ranged|1|3|12|-2|3
3588|Chaos Thunderhawk||1||Turbo-laser destructor|blast|96|Ranged|D3+1|3|20|-4|D6+6
3588|Chaos Thunderhawk||1||Thunderhawk heavy cannon|blast|48|Ranged|D6+6|3|10|-2|3
3588|Chaos Thunderhawk||1||Lascannon||48|Ranged|1|3|12|-3|D6+1
3588|Chaos Thunderhawk||1||Hellstrike missile battery|anti-fly 4+|72|Ranged|4|3|8|-2|3
3588|Chaos Thunderhawk||1||Twin heavy bolter|sustained hits 1, twin-linked|36|Ranged|3|3|5|-1|2
3588|Chaos Thunderhawk||1||Armoured hull||Melee|Melee|6|4|8|0|1
3589|Greater Brass Scorpion||1||Hellcrusher claws – sweep||Melee|Melee|18|3|8|-2|2
3589|Greater Brass Scorpion||1||Scorpion cannon|sustained hits 1|36|Ranged|15|3|5|-1|2
3589|Greater Brass Scorpion||1||Hellmaw flame cannons|ignores cover, torrent|12|Ranged|2D6|N/A|8|-1|1
3589|Greater Brass Scorpion||1||Demolisher cannon|blast|24|Ranged|D6+3|3|14|-3|D6
3589|Greater Brass Scorpion||1||Hellcrusher claws – strike||Melee|Melee|6|3|14|-3|6
3590|Kytan Ravager||1||Kytan cleaver – strike||Melee|Melee|4|3|14|-4|6
3590|Kytan Ravager||1||Kytan gatling cannon||36|Ranged|18|3|6|-2|2
3590|Kytan Ravager||1||Kytan cleaver – sweep||Melee|Melee|12|3|9|-3|2
3591|Chaos Thunderhawk||1||Hellstrike missile battery|anti-fly 4+|72|Ranged|4|3|8|-2|3
3591|Chaos Thunderhawk||1||Turbo-laser destructor|blast|96|Ranged|D3+1|3|20|-4|D6+6
3591|Chaos Thunderhawk||1||Twin heavy bolter|sustained hits 1, twin-linked|36|Ranged|3|3|5|-1|2
3591|Chaos Thunderhawk||1||Armoured hull||Melee|Melee|6|4|8|0|1
3591|Chaos Thunderhawk||1||Lascannon||48|Ranged|1|3|12|-3|D6+1
3591|Chaos Thunderhawk||1||Thunderhawk heavy cannon|blast|48|Ranged|D6+6|3|10|-2|3
3592|Chaos Lord On Palanquin Of Nurgle||1||Accursed weapon||Melee|Melee|6|2|5|-2|1
3592|Chaos Lord On Palanquin Of Nurgle||1||Astartes chainsword||Melee|Melee|7|2|4|-1|1
3592|Chaos Lord On Palanquin Of Nurgle||1||Plasma pistol – supercharge|hazardous, pistol|12|Ranged|1|2|8|-3|2
3592|Chaos Lord On Palanquin Of Nurgle||1||Combi-weapon|anti-infantry 4+, devastating wounds, rapid fire 1|24|Ranged|1|4|4|0|1
3592|Chaos Lord On Palanquin Of Nurgle||1||Combi-bolter|rapid fire 2|24|Ranged|2|2|4|0|1
3592|Chaos Lord On Palanquin Of Nurgle||1||Bolt pistol|pistol|12|Ranged|1|2|4|0|1
3592|Chaos Lord On Palanquin Of Nurgle||1||Power fist||Melee|Melee|5|2|8|-2|2
3592|Chaos Lord On Palanquin Of Nurgle||1||Paired accursed weapons|twin-linked|Melee|Melee|7|2|4|-1|1
3592|Chaos Lord On Palanquin Of Nurgle||1||Nurgling’s claws and teeth|extra attacks, lethal hits|Melee|Melee|4|5|2|0|1
3592|Chaos Lord On Palanquin Of Nurgle||1||Close combat weapon||Melee|Melee|6|2|4|0|1
3592|Chaos Lord On Palanquin Of Nurgle||1||Plasma pistol – standard|pistol|12|Ranged|1|2|7|-2|1
3593|NIGHTMARE HULK||1||Hideous mutations||Melee|Melee|4|4|6|-1|2
3593|NIGHTMARE HULK||1||Brutal weapons||Melee|Melee|2|4|4|0|1
3593|NIGHTMARE HULK||1||Belly-flamer|ignores cover, torrent|12|Ranged|D6|N/A|5|0|1
3594|Hell Blade||1||Armoured hull||Melee|Melee|3|4|6|0|1
3594|Hell Blade||1||Twin lascannon|twin-linked|48|Ranged|1|3|12|-3|D6+1
3594|Hell Blade||1||Twin autocannon|twin-linked|48|Ranged|2|3|9|-3|3
3595|Hell Talon||1||Armoured hull||Melee|Melee|6|4|6|0|1
3595|Hell Talon||1||Twin lascannon|twin-linked|48|Ranged|1|3|12|-3|D6+1
3595|Hell Talon||1||Havoc launcher|blast|48|Ranged|D6|3|5|0|1
3595|Hell Talon||1||Autocannon||48|Ranged|2|3|9|-1|3
3596|Mutoid Vermin||1||Diseased claws and fangs|lethal hits|Melee|Melee|2|4|2|0|1
3597|Chaos Lord On Disc Of Tzeentch||1||Close combat weapon||Melee|Melee|6|2|4|0|1
3597|Chaos Lord On Disc Of Tzeentch||1||Paired accursed weapons|twin-linked|Melee|Melee|7|2|4|-1|1
3597|Chaos Lord On Disc Of Tzeentch||1||Plasma pistol – supercharge|hazardous, pistol|12|Ranged|1|2|8|-3|2
3597|Chaos Lord On Disc Of Tzeentch||1||Power fist||Melee|Melee|5|2|8|-2|2
3597|Chaos Lord On Disc Of Tzeentch||1||Combi-weapon|anti-infantry 4+, devastating wounds, rapid fire 1|24|Ranged|1|4|4|0|1
3597|Chaos Lord On Disc Of Tzeentch||1||Plasma pistol – standard|pistol|12|Ranged|1|2|7|-2|1
3597|Chaos Lord On Disc Of Tzeentch||1||Bolt pistol|pistol|12|Ranged|1|2|4|0|1
3597|Chaos Lord On Disc Of Tzeentch||1||Astartes chainsword||Melee|Melee|7|2|4|-1|1
3597|Chaos Lord On Disc Of Tzeentch||1||Accursed weapon||Melee|Melee|6|2|5|-2|1
3597|Chaos Lord On Disc Of Tzeentch||1||Combi-bolter|rapid fire 2|24|Ranged|2|2|4|0|1
3598|Hell Blade||1||Twin lascannon|twin-linked|48|Ranged|1|3|12|-3|D6+1
3598|Hell Blade||1||Armoured hull||Melee|Melee|3|4|6|0|1
3598|Hell Blade||1||Twin autocannon|twin-linked|48|Ranged|2|3|9|-3|3
3599|Hell Talon||1||Armoured hull||Melee|Melee|6|4|6|0|1
3599|Hell Talon||1||Twin lascannon|twin-linked|48|Ranged|1|3|12|-3|D6+1
3599|Hell Talon||1||Havoc launcher|blast|48|Ranged|D6|3|5|0|1
3599|Hell Talon||1||Autocannon||48|Ranged|2|3|9|-1|3
3600|Sorcerer On Palanquin Of Nurgle||1||Combi-bolter|rapid fire 2|24|Ranged|2|2|4|0|1
3600|Sorcerer On Palanquin Of Nurgle||1||Bolt pistol|pistol|12|Ranged|1|2|4|0|1
3600|Sorcerer On Palanquin Of Nurgle||1||Accursed weapon||Melee|Melee|4|3|5|-2|1
3600|Sorcerer On Palanquin Of Nurgle||1||Astartes chainsword||Melee|Melee|5|3|4|-1|1
3600|Sorcerer On Palanquin Of Nurgle||1||Force weapon|psychic|Melee|Melee|4|3|6|-1|D3
3600|Sorcerer On Palanquin Of Nurgle||1||Infernal Gaze – witchfire|psychic|24|Ranged|D6|3|5|-1|D3
3600|Sorcerer On Palanquin Of Nurgle||1||Nurgling’s claws and teeth|extra attacks, lethal hits|Melee|Melee|4|5|2|0|1
3600|Sorcerer On Palanquin Of Nurgle||1||Infernal Gaze – focused witchfire|devastating wounds, hazardous, psychic|24|Ranged|D6|3|6|-2|D3
3600|Sorcerer On Palanquin Of Nurgle||1||Plasma pistol – standard|pistol|12|Ranged|1|2|7|-2|1
3600|Sorcerer On Palanquin Of Nurgle||2||Plasma pistol – supercharge|hazardous, pistol|12|Ranged|1|2|8|-3|2
3600|Sorcerer On Palanquin Of Nurgle||1||Power fist||Melee|Melee|3|3|8|-2|2
3600|Sorcerer On Palanquin Of Nurgle||1||Combi-weapon|anti-infantry 4+, devastating wounds, rapid fire 1|24|Ranged|1|4|4|0|1
3601|Hell Blade||1||Armoured hull||Melee|Melee|3|4|6|0|1
3601|Hell Blade||1||Twin lascannon|twin-linked|48|Ranged|1|3|12|-3|D6+1
3601|Hell Blade||1||Twin autocannon|twin-linked|48|Ranged|2|3|9|-3|3
3602|Hell Talon||1||Armoured hull||Melee|Melee|6|4|6|0|1
3602|Hell Talon||1||Twin lascannon|twin-linked|48|Ranged|1|3|12|-3|D6+1
3602|Hell Talon||1||Autocannon||48|Ranged|2|3|9|-1|3
3602|Hell Talon||1||Havoc launcher|blast|48|Ranged|D6|3|5|0|1
3603|Terrax-pattern Termite||1||Heavy flamer|torrent, ignores cover|12|Ranged|D6|N/A|5|-1|1
3603|Terrax-pattern Termite||1||Termite drill|anti-vehicle 3+|Melee|Melee|6|4|14|-2|D3+3
3603|Terrax-pattern Termite||1||Twin volkite charger|devastating wounds, twin-linked|18|Ranged|2|3|5|0|2
3603|Terrax-pattern Termite||1||Terrax melta cutter|melta 2|12|Ranged|5|3|9|-4|D6
3603|Terrax-pattern Termite||1||Combi-bolter|rapid fire 2|24|Ranged|2|3|4|0|1
3604|Terrax-pattern Termite||1||Termite drill|anti-vehicle 3+|Melee|Melee|6|4|14|-2|D3+3
3604|Terrax-pattern Termite||1||Heavy flamer|torrent, ignores cover|12|Ranged|D6|N/A|5|-1|1
3604|Terrax-pattern Termite||1||Terrax melta cutter|melta 2|12|Ranged|5|3|9|-4|D6
3604|Terrax-pattern Termite||1||Twin volkite charger|devastating wounds, twin-linked|18|Ranged|2|3|5|0|2
3604|Terrax-pattern Termite||1||Combi-bolter|rapid fire 2|24|Ranged|2|3|4|0|1
3605|Terrax-pattern Termite||1||Combi-bolter|rapid fire 2|24|Ranged|2|3|4|0|1
3605|Terrax-pattern Termite||1||Termite drill|anti-vehicle 3+|Melee|Melee|6|4|14|-2|D3+3
3605|Terrax-pattern Termite||1||Heavy flamer|torrent, ignores cover|12|Ranged|D6|N/A|5|-1|1
3605|Terrax-pattern Termite||1||Twin volkite charger|devastating wounds, twin-linked|18|Ranged|2|3|5|0|2
3605|Terrax-pattern Termite||1||Terrax melta cutter|melta 2|12|Ranged|5|3|9|-4|D6
3606|Terrax-pattern Termite||1||Termite drill|anti-vehicle 3+|Melee|Melee|6|4|14|-2|D3+3
3606|Terrax-pattern Termite||1||Combi-bolter|rapid fire 2|24|Ranged|2|3|4|0|1
3606|Terrax-pattern Termite||1||Heavy flamer|torrent, ignores cover|12|Ranged|D6|N/A|5|-1|1
3606|Terrax-pattern Termite||1||Terrax melta cutter|melta 2|12|Ranged|5|3|9|-4|D6
3606|Terrax-pattern Termite||1||Twin volkite charger|devastating wounds, twin-linked|18|Ranged|2|3|5|0|2
3607|Land Raider Achilles||1||Hunter-killer missile|one shot|48|Ranged|1|2|14|-3|D6
3607|Land Raider Achilles||1||Armoured tracks||Melee|Melee|6|4|8|0|1
3607|Land Raider Achilles||1||Twin multi-melta|melta 2, twin-linked|18|Ranged|2|3|9|-4|D6
3607|Land Raider Achilles||1||Storm bolter|rapid fire 2|24|Ranged|2|3|4|0|1
3607|Land Raider Achilles||1||Twin volkite culverin|devastating wounds, twin-linked|36|Ranged|4|3|6|0|2
3607|Land Raider Achilles||1||Quad launcher – thunderfire shells|blast, indirect fire|60|Ranged|D6+4|3|5|0|1
3607|Land Raider Achilles||2||Quad launcher – shatter shells||24|Ranged|4|3|9|-2|3
3608|Land Raider Achilles||1||Armoured tracks||Melee|Melee|6|4|8|0|1
3608|Land Raider Achilles||1||Twin multi-melta|melta 2, twin-linked|18|Ranged|2|3|9|-4|D6
3608|Land Raider Achilles||1||Storm bolter|rapid fire 2|24|Ranged|2|3|4|0|1
3608|Land Raider Achilles||1||Hunter-killer missile|one shot|48|Ranged|1|2|14|-3|D6
3608|Land Raider Achilles||1||Quad launcher – shatter shells||24|Ranged|4|3|9|-2|3
3608|Land Raider Achilles||2||Quad launcher – thunderfire shells|blast, indirect fire|60|Ranged|D6+4|3|5|0|1
3608|Land Raider Achilles||1||Twin volkite culverin|devastating wounds, twin-linked|36|Ranged|4|3|6|0|2
3609|Land Raider Achilles||1||Quad launcher – shatter shells||24|Ranged|4|3|9|-2|3
3609|Land Raider Achilles||1||Armoured tracks||Melee|Melee|6|4|8|0|1
3609|Land Raider Achilles||1||Twin volkite culverin|devastating wounds, twin-linked|36|Ranged|4|3|6|0|2
3609|Land Raider Achilles||1||Twin multi-melta|melta 2, twin-linked|18|Ranged|2|3|9|-4|D6
3609|Land Raider Achilles||1||Storm bolter|rapid fire 2|24|Ranged|2|3|4|0|1
3609|Land Raider Achilles||1||Hunter-killer missile|one shot|48|Ranged|1|2|14|-3|D6
3609|Land Raider Achilles||1||Quad launcher – thunderfire shells|blast, indirect fire|60|Ranged|D6+4|3|5|0|1
3610|Land Raider Achilles||1||Storm bolter|rapid fire 2|24|Ranged|2|3|4|0|1
3610|Land Raider Achilles||1||Quad launcher – shatter shells||24|Ranged|4|3|9|-2|3
3610|Land Raider Achilles||2||Quad launcher – thunderfire shells|blast, indirect fire|60|Ranged|D6+4|3|5|0|1
3610|Land Raider Achilles||1||Hunter-killer missile|one shot|48|Ranged|1|2|14|-3|D6
3610|Land Raider Achilles||1||Armoured tracks||Melee|Melee|6|4|8|0|1
3610|Land Raider Achilles||1||Twin volkite culverin|devastating wounds, twin-linked|36|Ranged|4|3|6|0|2
3610|Land Raider Achilles||1||Twin multi-melta|melta 2, twin-linked|18|Ranged|2|3|9|-4|D6
3611|Land Raider Proteus||1||Twin heavy flamer|ignores cover, torrent, twin-linked|12|Ranged|D6|N/A|5|-1|1
3611|Land Raider Proteus||1||Twin heavy bolter|twin-linked, sustained hits 1|36|Ranged|3|3|5|-1|2
3611|Land Raider Proteus||1||Storm bolter|rapid fire 2|24|Ranged|2|3|4|0|1
3611|Land Raider Proteus||1||Multi-melta|melta 2|18|Ranged|2|3|9|-4|D6
3611|Land Raider Proteus||1||Heavy bolter|sustained hits 1|36|Ranged|3|3|5|-1|2
3611|Land Raider Proteus||1||Armoured tracks||Melee|Melee|6|4|8|0|1
3611|Land Raider Proteus||1||Hunter-killer missile|one shot|48|Ranged|1|2|14|-3|D6
3611|Land Raider Proteus||1||Twin lascannon|twin-linked|48|Ranged|1|3|12|-3|D6+1
3612|Land Raider Proteus||1||Hunter-killer missile|one shot|48|Ranged|1|2|14|-3|D6
3612|Land Raider Proteus||1||Heavy bolter|sustained hits 1|36|Ranged|3|3|5|-1|2
3612|Land Raider Proteus||1||Twin lascannon|twin-linked|48|Ranged|1|3|12|-3|D6+1
3612|Land Raider Proteus||1||Twin heavy flamer|ignores cover, torrent, twin-linked|12|Ranged|D6|N/A|5|-1|1
3612|Land Raider Proteus||1||Twin heavy bolter|twin-linked, sustained hits 1|36|Ranged|3|3|5|-1|2
3612|Land Raider Proteus||1||Storm bolter|rapid fire 2|24|Ranged|2|3|4|0|1
3612|Land Raider Proteus||1||Armoured tracks||Melee|Melee|6|4|8|0|1
3612|Land Raider Proteus||1||Multi-melta|melta 2|18|Ranged|2|3|9|-4|D6
3613|Land Raider Proteus||1||Twin heavy flamer|ignores cover, torrent, twin-linked|12|Ranged|D6|N/A|5|-1|1
3613|Land Raider Proteus||1||Twin heavy bolter|twin-linked, sustained hits 1|36|Ranged|3|3|5|-1|2
3613|Land Raider Proteus||1||Armoured tracks||Melee|Melee|6|4|8|0|1
3613|Land Raider Proteus||1||Twin lascannon|twin-linked|48|Ranged|1|3|12|-3|D6+1
3613|Land Raider Proteus||1||Hunter-killer missile|one shot|48|Ranged|1|2|14|-3|D6
3613|Land Raider Proteus||1||Heavy bolter|sustained hits 1|36|Ranged|3|3|5|-1|2
3613|Land Raider Proteus||1||Storm bolter|rapid fire 2|24|Ranged|2|3|4|0|1
3613|Land Raider Proteus||1||Multi-melta|melta 2|18|Ranged|2|3|9|-4|D6
3614|Land Raider Proteus||1||Twin heavy bolter|twin-linked, sustained hits 1|36|Ranged|3|3|5|-1|2
3614|Land Raider Proteus||1||Twin lascannon|twin-linked|48|Ranged|1|3|12|-3|D6+1
3614|Land Raider Proteus||1||Armoured tracks||Melee|Melee|6|4|8|0|1
3614|Land Raider Proteus||1||Hunter-killer missile|one shot|48|Ranged|1|2|14|-3|D6
3614|Land Raider Proteus||1||Heavy bolter|sustained hits 1|36|Ranged|3|3|5|-1|2
3614|Land Raider Proteus||1||Multi-melta|melta 2|18|Ranged|2|3|9|-4|D6
3614|Land Raider Proteus||1||Storm bolter|rapid fire 2|24|Ranged|2|3|4|0|1
3614|Land Raider Proteus||1||Twin heavy flamer|ignores cover, torrent, twin-linked|12|Ranged|D6|N/A|5|-1|1
3615|Fire Raptor Gunship||1||Armoured hull||Melee|Melee|6|4|8|0|1
3615|Fire Raptor Gunship||1||Twin hellstrike launcher|anti-fly 2+, twin-linked|72|Ranged|2|3|10|-3|D6
3615|Fire Raptor Gunship||1||Twin autocannon|twin-linked|48|Ranged|2|3|9|-1|3
3615|Fire Raptor Gunship||1||Quad heavy bolter|twin-linked, sustained hits 1|36|Ranged|6|3|5|-1|2
3615|Fire Raptor Gunship||1||Twin lascannon|twin-linked|48|Ranged|1|3|12|-3|D6+1
3615|Fire Raptor Gunship||1||Twin avenger bolt cannon|twin-linked|36|Ranged|10|3|6|-1|2
3616|Fire Raptor Gunship||1||Armoured hull||Melee|Melee|6|4|8|0|1
3616|Fire Raptor Gunship||1||Twin lascannon|twin-linked|48|Ranged|1|3|12|-3|D6+1
3616|Fire Raptor Gunship||1||Twin hellstrike launcher|anti-fly 2+, twin-linked|72|Ranged|2|3|10|-3|D6
3616|Fire Raptor Gunship||1||Twin avenger bolt cannon|twin-linked|36|Ranged|10|3|6|-1|2
3616|Fire Raptor Gunship||1||Twin autocannon|twin-linked|48|Ranged|2|3|9|-1|3
3616|Fire Raptor Gunship||1||Quad heavy bolter|twin-linked, sustained hits 1|36|Ranged|6|3|5|-1|2
3617|Fire Raptor Gunship||1||Armoured hull||Melee|Melee|6|4|8|0|1
3617|Fire Raptor Gunship||1||Quad heavy bolter|twin-linked, sustained hits 1|36|Ranged|6|3|5|-1|2
3617|Fire Raptor Gunship||1||Twin autocannon|twin-linked|48|Ranged|2|3|9|-1|3
3617|Fire Raptor Gunship||1||Twin avenger bolt cannon|twin-linked|36|Ranged|10|3|6|-1|2
3617|Fire Raptor Gunship||1||Twin hellstrike launcher|anti-fly 2+, twin-linked|72|Ranged|2|3|10|-3|D6
3617|Fire Raptor Gunship||1||Twin lascannon|twin-linked|48|Ranged|1|3|12|-3|D6+1
3618|Fire Raptor Gunship||1||Twin avenger bolt cannon|twin-linked|36|Ranged|10|3|6|-1|2
3618|Fire Raptor Gunship||1||Twin hellstrike launcher|anti-fly 2+, twin-linked|72|Ranged|2|3|10|-3|D6
3618|Fire Raptor Gunship||1||Twin lascannon|twin-linked|48|Ranged|1|3|12|-3|D6+1
3618|Fire Raptor Gunship||1||Armoured hull||Melee|Melee|6|4|8|0|1
3618|Fire Raptor Gunship||1||Quad heavy bolter|twin-linked, sustained hits 1|36|Ranged|6|3|5|-1|2
3618|Fire Raptor Gunship||1||Twin autocannon|twin-linked|48|Ranged|2|3|9|-1|3
3619|Spartan||1||Heavy bolter|sustained hits 1|36|Ranged|3|3|5|-1|2
3619|Spartan||1||Heavy flamer|torrent, ignores cover|12|Ranged|D6|N/A|5|-1|1
3619|Spartan||1||Laser destroyer|heavy|36|Ranged|3|3|14|-4|D6+1
3619|Spartan||1||Twin heavy flamer|ignores cover, torrent, twin-linked|12|Ranged|D6|N/A|5|-1|1
3619|Spartan||1||Twin heavy bolter|sustained hits 1, twin-linked|36|Ranged|3|3|5|-1|2
3619|Spartan||1||Storm bolter|rapid fire 2|24|Ranged|2|3|4|0|1
3619|Spartan||1||Quad lascannon||48|Ranged|4|3|12|-3|D6+1
3619|Spartan||1||Multi-melta|melta 2|18|Ranged|2|3|9|-4|D6
3619|Spartan||1||Armoured tracks||Melee|Melee|6|4|8|0|1
3620|Spartan||1||Quad lascannon||48|Ranged|4|3|12|-3|D6+1
3620|Spartan||1||Multi-melta|melta 2|18|Ranged|2|3|9|-4|D6
3620|Spartan||1||Laser destroyer|heavy|36|Ranged|3|3|14|-4|D6+1
3620|Spartan||1||Armoured tracks||Melee|Melee|6|4|8|0|1
3620|Spartan||1||Twin heavy flamer|ignores cover, torrent, twin-linked|12|Ranged|D6|N/A|5|-1|1
3620|Spartan||1||Twin heavy bolter|sustained hits 1, twin-linked|36|Ranged|3|3|5|-1|2
3620|Spartan||1||Heavy flamer|torrent, ignores cover|12|Ranged|D6|N/A|5|-1|1
3620|Spartan||1||Heavy bolter|sustained hits 1|36|Ranged|3|3|5|-1|2
3620|Spartan||1||Storm bolter|rapid fire 2|24|Ranged|2|3|4|0|1
3621|Spartan||1||Quad lascannon||48|Ranged|4|3|12|-3|D6+1
3621|Spartan||1||Multi-melta|melta 2|18|Ranged|2|3|9|-4|D6
3621|Spartan||1||Laser destroyer|heavy|36|Ranged|3|3|14|-4|D6+1
3621|Spartan||1||Heavy flamer|torrent, ignores cover|12|Ranged|D6|N/A|5|-1|1
3621|Spartan||1||Heavy bolter|sustained hits 1|36|Ranged|3|3|5|-1|2
3621|Spartan||1||Twin heavy bolter|sustained hits 1, twin-linked|36|Ranged|3|3|5|-1|2
3621|Spartan||1||Armoured tracks||Melee|Melee|6|4|8|0|1
3621|Spartan||1||Twin heavy flamer|ignores cover, torrent, twin-linked|12|Ranged|D6|N/A|5|-1|1
3621|Spartan||1||Storm bolter|rapid fire 2|24|Ranged|2|3|4|0|1
3622|Spartan||1||Heavy flamer|torrent, ignores cover|12|Ranged|D6|N/A|5|-1|1
3622|Spartan||1||Laser destroyer|heavy|36|Ranged|3|3|14|-4|D6+1
3622|Spartan||1||Multi-melta|melta 2|18|Ranged|2|3|9|-4|D6
3622|Spartan||1||Quad lascannon||48|Ranged|4|3|12|-3|D6+1
3622|Spartan||1||Storm bolter|rapid fire 2|24|Ranged|2|3|4|0|1
3622|Spartan||1||Twin heavy bolter|sustained hits 1, twin-linked|36|Ranged|3|3|5|-1|2
3622|Spartan||1||Twin heavy flamer|ignores cover, torrent, twin-linked|12|Ranged|D6|N/A|5|-1|1
3622|Spartan||1||Armoured tracks||Melee|Melee|6|4|8|0|1
3622|Spartan||1||Heavy bolter|sustained hits 1|36|Ranged|3|3|5|-1|2
3623|Deredeo Dreadnought||1||Armoured feet||Melee|Melee|5|3|6|0|1
3623|Deredeo Dreadnought||1||Aiolos missile launcher|blast|48|Ranged|D6+3|3|5|0|1
3623|Deredeo Dreadnought||1||Anvilus autocannon battery|twin-linked|48|Ranged|4|3|9|-1|3
3623|Deredeo Dreadnought||1||Arachnus heavy lascannon battery||48|Ranged|2|3|12|-3|D6+1
3623|Deredeo Dreadnought||1||Boreas air defence missiles|anti-fly 2+|48|Ranged|1|3|12|-3|D6+1
3623|Deredeo Dreadnought||1||Hellfire plasma cannonade – standard||36|Ranged|6|3|7|-2|2
3623|Deredeo Dreadnought||2||Hellfire plasma cannonade – supercharge|hazardous|36|Ranged|6|3|8|-3|3
3623|Deredeo Dreadnought||1||Twin heavy bolter|sustained hits 1, twin-linked|36|Ranged|3|3|5|-1|2
3623|Deredeo Dreadnought||1||Twin heavy flamer|ignores cover, torrent, twin-linked|12|Ranged|D6|N/A|5|-1|1
3623|Deredeo Dreadnought||1||Volkite falconet battery|devastating wounds|30|Ranged|6|3|9|0|2
3624|Deredeo Dreadnought||1||Armoured feet||Melee|Melee|5|3|6|0|1
3624|Deredeo Dreadnought||1||Twin heavy flamer|ignores cover, torrent, twin-linked|12|Ranged|D6|N/A|5|-1|1
3624|Deredeo Dreadnought||1||Aiolos missile launcher|blast|48|Ranged|D6+3|3|5|0|1
3624|Deredeo Dreadnought||1||Volkite falconet battery|devastating wounds|30|Ranged|6|3|9|0|2
3624|Deredeo Dreadnought||1||Hellfire plasma cannonade – standard||36|Ranged|6|3|7|-2|2
3624|Deredeo Dreadnought||1||Boreas air defence missiles|anti-fly 2+|48|Ranged|1|3|12|-3|D6+1
3624|Deredeo Dreadnought||1||Twin heavy bolter|sustained hits 1, twin-linked|36|Ranged|3|3|5|-1|2
3624|Deredeo Dreadnought||1||Arachnus heavy lascannon battery||48|Ranged|2|3|12|-3|D6+1
3624|Deredeo Dreadnought||1||Anvilus autocannon battery|twin-linked|48|Ranged|4|3|9|-1|3
3624|Deredeo Dreadnought||1||Hellfire plasma cannonade – supercharge|hazardous|36|Ranged|6|3|8|-3|3
3625|Deredeo Dreadnought||1||Twin heavy bolter|sustained hits 1, twin-linked|36|Ranged|3|3|5|-1|2
3625|Deredeo Dreadnought||1||Twin heavy flamer|ignores cover, torrent, twin-linked|12|Ranged|D6|N/A|5|-1|1
3625|Deredeo Dreadnought||1||Volkite falconet battery|devastating wounds|30|Ranged|6|3|9|0|2
3625|Deredeo Dreadnought||1||Armoured feet||Melee|Melee|5|3|6|0|1
3625|Deredeo Dreadnought||1||Aiolos missile launcher|blast|48|Ranged|D6+3|3|5|0|1
3625|Deredeo Dreadnought||1||Anvilus autocannon battery|twin-linked|48|Ranged|4|3|9|-1|3
3625|Deredeo Dreadnought||1||Arachnus heavy lascannon battery||48|Ranged|2|3|12|-3|D6+1
3625|Deredeo Dreadnought||1||Boreas air defence missiles|anti-fly 2+|48|Ranged|1|3|12|-3|D6+1
3625|Deredeo Dreadnought||1||Hellfire plasma cannonade – standard||36|Ranged|6|3|7|-2|2
3625|Deredeo Dreadnought||2||Hellfire plasma cannonade – supercharge|hazardous|36|Ranged|6|3|8|-3|3
3626|Deredeo Dreadnought||1||Armoured feet||Melee|Melee|5|3|6|0|1
3626|Deredeo Dreadnought||1||Aiolos missile launcher|blast|48|Ranged|D6+3|3|5|0|1
3626|Deredeo Dreadnought||1||Anvilus autocannon battery|twin-linked|48|Ranged|4|3|9|-1|3
3626|Deredeo Dreadnought||1||Boreas air defence missiles|anti-fly 2+|48|Ranged|1|3|12|-3|D6+1
3626|Deredeo Dreadnought||1||Volkite falconet battery|devastating wounds|30|Ranged|6|3|9|0|2
3626|Deredeo Dreadnought||1||Hellfire plasma cannonade – standard||36|Ranged|6|3|7|-2|2
3626|Deredeo Dreadnought||1||Arachnus heavy lascannon battery||48|Ranged|2|3|12|-3|D6+1
3626|Deredeo Dreadnought||1||Hellfire plasma cannonade – supercharge|hazardous|36|Ranged|6|3|8|-3|3
3626|Deredeo Dreadnought||1||Twin heavy bolter|sustained hits 1, twin-linked|36|Ranged|3|3|5|-1|2
3626|Deredeo Dreadnought||1||Twin heavy flamer|ignores cover, torrent, twin-linked|12|Ranged|D6|N/A|5|-1|1
3627|Cerberus||1||Heavy flamer|torrent, ignores cover|12|Ranged|D6|N/A|5|-1|1
3627|Cerberus||1||Heavy bolter|sustained hits 1|36|Ranged|3|3|5|-1|2
3627|Cerberus||1||Armoured tracks||Melee|Melee|6|4|8|0|1
3627|Cerberus||1||Cerberus neutron pulse array|twin-linked|48|Ranged|3|3|16|-4|D6+3
3627|Cerberus||1||Storm bolter|rapid fire 2|24|Ranged|2|3|4|0|1
3627|Cerberus||1||Multi-melta|melta 2|18|Ranged|2|3|9|-4|D6
3627|Cerberus||1||Lascannon||48|Ranged|1|3|12|-3|D6+1
3628|Cerberus||1||Cerberus neutron pulse array|twin-linked|48|Ranged|3|3|16|-4|D6+3
3628|Cerberus||1||Storm bolter|rapid fire 2|24|Ranged|2|3|4|0|1
3628|Cerberus||1||Heavy bolter|sustained hits 1|36|Ranged|3|3|5|-1|2
3628|Cerberus||1||Heavy flamer|torrent, ignores cover|12|Ranged|D6|N/A|5|-1|1
3628|Cerberus||1||Lascannon||48|Ranged|1|3|12|-3|D6+1
3628|Cerberus||1||Multi-melta|melta 2|18|Ranged|2|3|9|-4|D6
3628|Cerberus||1||Armoured tracks||Melee|Melee|6|4|8|0|1
3629|Cerberus||1||Storm bolter|rapid fire 2|24|Ranged|2|3|4|0|1
3629|Cerberus||1||Multi-melta|melta 2|18|Ranged|2|3|9|-4|D6
3629|Cerberus||1||Lascannon||48|Ranged|1|3|12|-3|D6+1
3629|Cerberus||1||Armoured tracks||Melee|Melee|6|4|8|0|1
3629|Cerberus||1||Heavy bolter|sustained hits 1|36|Ranged|3|3|5|-1|2
3629|Cerberus||1||Heavy flamer|torrent, ignores cover|12|Ranged|D6|N/A|5|-1|1
3629|Cerberus||1||Cerberus neutron pulse array|twin-linked|48|Ranged|3|3|16|-4|D6+3
3630|Cerberus||1||Storm bolter|rapid fire 2|24|Ranged|2|3|4|0|1
3630|Cerberus||1||Multi-melta|melta 2|18|Ranged|2|3|9|-4|D6
3630|Cerberus||1||Lascannon||48|Ranged|1|3|12|-3|D6+1
3630|Cerberus||1||Heavy flamer|torrent, ignores cover|12|Ranged|D6|N/A|5|-1|1
3630|Cerberus||1||Heavy bolter|sustained hits 1|36|Ranged|3|3|5|-1|2
3630|Cerberus||1||Cerberus neutron pulse array|twin-linked|48|Ranged|3|3|16|-4|D6+3
3630|Cerberus||1||Armoured tracks||Melee|Melee|6|4|8|0|1
3631|Kratos||1||Havoc launcher|blast|48|Ranged|D6|3|5|0|1
3631|Kratos||1||Combi-weapon|ANTI-INFANTRY 4+, DEVASTATING WOUNDS, RAPID FIRE 1|24|Ranged|1|3|4|0|1
3631|Kratos||1||Autocannon||48|Ranged|2|3|9|-1|3
3631|Kratos||1||Melta blast-gun|melta 2|24|Ranged|4|3|12|-4|D6
3631|Kratos||1||Multi-melta|MELTA 2|18|Ranged|2|3|9|-4|D6
3631|Kratos||1||Heavy flamer|IGNORES COVER, TORRENT|12|Ranged|D6|N/A|5|-1|1
3631|Kratos||1||Twin boltgun|twin-linked|24|Ranged|2|3|4|0|1
3631|Kratos||1||Volkite caliver|devastating wounds|24|Ranged|2|3|5|0|2
3631|Kratos||1||Volkite cardanelle|devastating wounds|36|Ranged|9|3|9|0|3
3631|Kratos||1||Heavy bolter|SUSTAINED HITS 1|36|Ranged|3|3|5|-1|2
3631|Kratos||1||Armoured tracks||Melee|Melee|6|4|8|0|1
3631|Kratos||1||Kratos battle cannon – HE|blast|36|Ranged|D6+3|3|10|-1|3
3631|Kratos||2||Kratos battle cannon – AP|heavy|36|Ranged|1|3|18|-4|D6+3
3631|Kratos||1||Hunter-killer missile|one shot|48|Ranged|1|2|14|-3|D6
3631|Kratos||1||Lascannons||48|Ranged|1|3|12|-3|D6+1
3631|Kratos||1||Volkite culverin|devastating wounds|36|Ranged|4|3|6|0|2
3632|Kratos||1||Heavy bolter|SUSTAINED HITS 1|36|Ranged|3|3|5|-1|2
3632|Kratos||1||Volkite cardanelle|devastating wounds|36|Ranged|9|3|9|0|3
3632|Kratos||1||Lascannons||48|Ranged|1|3|12|-3|D6+1
3632|Kratos||1||Hunter-killer missile|one shot|48|Ranged|1|2|14|-3|D6
3632|Kratos||1||Autocannon||48|Ranged|2|3|9|-1|3
3632|Kratos||1||Heavy flamer|IGNORES COVER, TORRENT|12|Ranged|D6|N/A|5|-1|1
3632|Kratos||1||Havoc launcher|blast|48|Ranged|D6|3|5|0|1
3632|Kratos||1||Combi-weapon|ANTI-INFANTRY 4+, DEVASTATING WOUNDS, RAPID FIRE 1|24|Ranged|1|3|4|0|1
3632|Kratos||1||Melta blast-gun|melta 2|24|Ranged|4|3|12|-4|D6
3632|Kratos||1||Multi-melta|MELTA 2|18|Ranged|2|3|9|-4|D6
3632|Kratos||1||Twin boltgun|twin-linked|24|Ranged|2|3|4|0|1
3632|Kratos||1||Volkite caliver|devastating wounds|24|Ranged|2|3|5|0|2
3632|Kratos||1||Volkite culverin|devastating wounds|36|Ranged|4|3|6|0|2
3632|Kratos||1||Armoured tracks||Melee|Melee|6|4|8|0|1
3632|Kratos||1||Kratos battle cannon – HE|blast|36|Ranged|D6+3|3|10|-1|3
3632|Kratos||2||Kratos battle cannon – AP|heavy|36|Ranged|1|3|18|-4|D6+3
3633|Kratos||3||Kratos battle cannon – AP|heavy|36|Ranged|1|3|18|-4|D6+3
3633|Kratos||1||Hunter-killer missile|one shot|48|Ranged|1|2|14|-3|D6
3633|Kratos||1||Autocannon||48|Ranged|2|3|9|-1|3
3633|Kratos||1||Melta blast-gun|melta 2|24|Ranged|4|3|12|-4|D6
3633|Kratos||1||Multi-melta|MELTA 2|18|Ranged|2|3|9|-4|D6
3633|Kratos||1||Twin boltgun|twin-linked|24|Ranged|2|3|4|0|1
3633|Kratos||1||Heavy flamer|IGNORES COVER, TORRENT|12|Ranged|D6|N/A|5|-1|1
3633|Kratos||1||Volkite culverin|devastating wounds|36|Ranged|4|3|6|0|2
3633|Kratos||1||Armoured tracks||Melee|Melee|6|4|8|0|1
3633|Kratos||1||Havoc launcher|blast|48|Ranged|D6|3|5|0|1
3633|Kratos||1||Heavy bolter|SUSTAINED HITS 1|36|Ranged|3|3|5|-1|2
3633|Kratos||1||Kratos battle cannon – HE|blast|36|Ranged|D6+3|3|10|-1|3
3633|Kratos||1||Lascannons||48|Ranged|1|3|12|-3|D6+1
3633|Kratos||1||Volkite caliver|devastating wounds|24|Ranged|2|3|5|0|2
3633|Kratos||1||Combi-weapon|ANTI-INFANTRY 4+, DEVASTATING WOUNDS, RAPID FIRE 1|24|Ranged|1|3|4|0|1
3633|Kratos||1||Volkite cardanelle|devastating wounds|36|Ranged|9|3|9|0|3
3634|Kratos||1||Havoc launcher|blast|48|Ranged|D6|3|5|0|1
3634|Kratos||1||Volkite caliver|devastating wounds|24|Ranged|2|3|5|0|2
3634|Kratos||1||Kratos battle cannon – HE|blast|36|Ranged|D6+3|3|10|-1|3
3634|Kratos||1||Multi-melta|MELTA 2|18|Ranged|2|3|9|-4|D6
3634|Kratos||1||Melta blast-gun|melta 2|24|Ranged|4|3|12|-4|D6
3634|Kratos||1||Lascannons||48|Ranged|1|3|12|-3|D6+1
3634|Kratos||1||Armoured tracks||Melee|Melee|6|4|8|0|1
3634|Kratos||1||Volkite culverin|devastating wounds|36|Ranged|4|3|6|0|2
3634|Kratos||1||Volkite cardanelle|devastating wounds|36|Ranged|9|3|9|0|3
3634|Kratos||1||Twin boltgun|twin-linked|24|Ranged|2|3|4|0|1
3634|Kratos||1||Kratos battle cannon – AP|heavy|36|Ranged|1|3|18|-4|D6+3
3634|Kratos||1||Hunter-killer missile|one shot|48|Ranged|1|2|14|-3|D6
3634|Kratos||1||Heavy flamer|IGNORES COVER, TORRENT|12|Ranged|D6|N/A|5|-1|1
3634|Kratos||1||Heavy bolter|SUSTAINED HITS 1|36|Ranged|3|3|5|-1|2
3634|Kratos||1||Combi-weapon|ANTI-INFANTRY 4+, DEVASTATING WOUNDS, RAPID FIRE 1|24|Ranged|1|3|4|0|1
3634|Kratos||1||Autocannon||48|Ranged|2|3|9|-1|3
3635|Sokar-pattern Stormbird||1||Hellstrike missile battery|anti-fly 3+|48|Ranged|4|3|10|-3|D6
3635|Sokar-pattern Stormbird||1||Twin heavy bolter|sustained hits 1, twin-linked|36|Ranged|3|3|5|-1|2
3635|Sokar-pattern Stormbird||1||Twin lascannon|twin-linked|48|Ranged|1|3|12|-3|D6+1
3635|Sokar-pattern Stormbird||1||Armoured hull||Melee|Melee|9|4|9|0|1
3636|Sokar-pattern Stormbird||1||Armoured hull||Melee|Melee|9|4|9|0|1
3636|Sokar-pattern Stormbird||1||Hellstrike missile battery|anti-fly 3+|48|Ranged|4|3|10|-3|D6
3636|Sokar-pattern Stormbird||1||Twin heavy bolter|sustained hits 1, twin-linked|36|Ranged|3|3|5|-1|2
3636|Sokar-pattern Stormbird||1||Twin lascannon|twin-linked|48|Ranged|1|3|12|-3|D6+1
3637|Sokar-pattern Stormbird||1||Twin heavy bolter|sustained hits 1, twin-linked|36|Ranged|3|3|5|-1|2
3637|Sokar-pattern Stormbird||1||Hellstrike missile battery|anti-fly 3+|48|Ranged|4|3|10|-3|D6
3637|Sokar-pattern Stormbird||1||Twin lascannon|twin-linked|48|Ranged|1|3|12|-3|D6+1
3637|Sokar-pattern Stormbird||1||Armoured hull||Melee|Melee|9|4|9|0|1
3638|Sokar-pattern Stormbird||1||Hellstrike missile battery|anti-fly 3+|48|Ranged|4|3|10|-3|D6
3638|Sokar-pattern Stormbird||1||Armoured hull||Melee|Melee|9|4|9|0|1
3638|Sokar-pattern Stormbird||1||Twin lascannon|twin-linked|48|Ranged|1|3|12|-3|D6+1
3638|Sokar-pattern Stormbird||1||Twin heavy bolter|sustained hits 1, twin-linked|36|Ranged|3|3|5|-1|2
3639|Sicaran Battle Tank||1||Lascannon||48|Ranged|1|3|12|-3|D6+1
3639|Sicaran Battle Tank||1||Hunter-killer missile|one shot|48|Ranged|1|2|14|-3|D6
3639|Sicaran Battle Tank||1||Herakles-pattern autocannon|rapid fire 2|48|Ranged|6|3|9|-1|3
3639|Sicaran Battle Tank||1||Armoured tracks||Melee|Melee|6|4|8|0|1
3639|Sicaran Battle Tank||1||Heavy bolter|sustained hits 1|36|Ranged|3|3|5|-1|2
3639|Sicaran Battle Tank||1||Storm bolter|rapid fire 2|24|Ranged|2|3|4|0|1
3640|Sicaran Battle Tank||1||Heavy bolter|sustained hits 1|36|Ranged|3|3|5|-1|2
3640|Sicaran Battle Tank||1||Armoured tracks||Melee|Melee|6|4|8|0|1
3640|Sicaran Battle Tank||1||Storm bolter|rapid fire 2|24|Ranged|2|3|4|0|1
3640|Sicaran Battle Tank||1||Lascannon||48|Ranged|1|3|12|-3|D6+1
3640|Sicaran Battle Tank||1||Hunter-killer missile|one shot|48|Ranged|1|2|14|-3|D6
3640|Sicaran Battle Tank||1||Herakles-pattern autocannon|rapid fire 2|48|Ranged|6|3|9|-1|3
3641|Sicaran Battle Tank||1||Hunter-killer missile|one shot|48|Ranged|1|2|14|-3|D6
3641|Sicaran Battle Tank||1||Lascannon||48|Ranged|1|3|12|-3|D6+1
3641|Sicaran Battle Tank||1||Heavy bolter|sustained hits 1|36|Ranged|3|3|5|-1|2
3641|Sicaran Battle Tank||1||Armoured tracks||Melee|Melee|6|4|8|0|1
3641|Sicaran Battle Tank||1||Herakles-pattern autocannon|rapid fire 2|48|Ranged|6|3|9|-1|3
3641|Sicaran Battle Tank||1||Storm bolter|rapid fire 2|24|Ranged|2|3|4|0|1
3642|Sicaran Battle Tank||1||Hunter-killer missile|one shot|48|Ranged|1|2|14|-3|D6
3642|Sicaran Battle Tank||1||Lascannon||48|Ranged|1|3|12|-3|D6+1
3642|Sicaran Battle Tank||1||Storm bolter|rapid fire 2|24|Ranged|2|3|4|0|1
3642|Sicaran Battle Tank||1||Heavy bolter|sustained hits 1|36|Ranged|3|3|5|-1|2
3642|Sicaran Battle Tank||1||Herakles-pattern autocannon|rapid fire 2|48|Ranged|6|3|9|-1|3
3642|Sicaran Battle Tank||1||Armoured tracks||Melee|Melee|6|4|8|0|1
3643|Mastodon||1||Volkite culverin|devastating wounds|36|Ranged|4|3|6|0|2
3643|Mastodon||1||Skyreaper battery|anti-fly 4+|48|Ranged|8|3|7|-1|2
3643|Mastodon||1||Siege melta array|melta 2|24|Ranged|6|3|9|-4|D6
3643|Mastodon||1||Lascannon||48|Ranged|1|3|12|-3|D6+1
3643|Mastodon||1||Heavy flamer|ignores cover, torrent|12|Ranged|D6|N/A|5|-1|1
3643|Mastodon||1||Heavy bolter|sustained hits 1|36|Ranged|3|3|5|-1|2
3643|Mastodon||1||Armoured tracks||Melee|Melee|6|4|8|0|1
3644|Mastodon||1||Lascannon||48|Ranged|1|3|12|-3|D6+1
3644|Mastodon||1||Siege melta array|melta 2|24|Ranged|6|3|9|-4|D6
3644|Mastodon||1||Heavy bolter|sustained hits 1|36|Ranged|3|3|5|-1|2
3644|Mastodon||1||Armoured tracks||Melee|Melee|6|4|8|0|1
3644|Mastodon||1||Heavy flamer|ignores cover, torrent|12|Ranged|D6|N/A|5|-1|1
3644|Mastodon||1||Skyreaper battery|anti-fly 4+|48|Ranged|8|3|7|-1|2
3644|Mastodon||1||Volkite culverin|devastating wounds|36|Ranged|4|3|6|0|2
3645|Mastodon||1||Lascannon||48|Ranged|1|3|12|-3|D6+1
3645|Mastodon||1||Volkite culverin|devastating wounds|36|Ranged|4|3|6|0|2
3645|Mastodon||1||Heavy bolter|sustained hits 1|36|Ranged|3|3|5|-1|2
3645|Mastodon||1||Armoured tracks||Melee|Melee|6|4|8|0|1
3645|Mastodon||1||Skyreaper battery|anti-fly 4+|48|Ranged|8|3|7|-1|2
3645|Mastodon||1||Siege melta array|melta 2|24|Ranged|6|3|9|-4|D6
3645|Mastodon||1||Heavy flamer|ignores cover, torrent|12|Ranged|D6|N/A|5|-1|1
3646|Mastodon||1||Skyreaper battery|anti-fly 4+|48|Ranged|8|3|7|-1|2
3646|Mastodon||1||Heavy flamer|ignores cover, torrent|12|Ranged|D6|N/A|5|-1|1
3646|Mastodon||1||Heavy bolter|sustained hits 1|36|Ranged|3|3|5|-1|2
3646|Mastodon||1||Volkite culverin|devastating wounds|36|Ranged|4|3|6|0|2
3646|Mastodon||1||Armoured tracks||Melee|Melee|6|4|8|0|1
3646|Mastodon||1||Lascannon||48|Ranged|1|3|12|-3|D6+1
3646|Mastodon||1||Siege melta array|melta 2|24|Ranged|6|3|9|-4|D6
3647|Leviathan Dreadnought||1||Twin volkite caliver|devastating wounds, twin-linked|24|Ranged|2|3|5|0|2
3647|Leviathan Dreadnought||1||Meltagun|melta 2|12|Ranged|1|3|9|-4|D6
3647|Leviathan Dreadnought||1||Cyclonic melta lance|melta 2|18|Ranged|D6|3|9|-4|D6
3647|Leviathan Dreadnought||1||Grav-flux bombard|anti-vehicle 2+, blast|24|Ranged|2D3|3|8|-1|2
3647|Leviathan Dreadnought||1||Heavy flamer|ignores cover, torrent|12|Ranged|D6|N/A|5|-1|1
3647|Leviathan Dreadnought||1||Leviathan siege drill|anti-vehicle 3+|Melee|Melee|4|3|12|-2|3
3647|Leviathan Dreadnought||1||Armoured feet||Melee|Melee|5|3|6|0|1
3647|Leviathan Dreadnought||1||Hunter-killer missile|one shot|48|Ranged|1|2|14|-3|D6
3647|Leviathan Dreadnought||1||Leviathan siege claw||Melee|Melee|5|3|12|-2|3
3647|Leviathan Dreadnought||1||Storm cannon|twin-linked|36|Ranged|4|3|9|-1|3
3648|Leviathan Dreadnought||1||Leviathan siege drill|anti-vehicle 3+|Melee|Melee|4|3|12|-2|3
3648|Leviathan Dreadnought||1||Leviathan siege claw||Melee|Melee|5|3|12|-2|3
3648|Leviathan Dreadnought||1||Meltagun|melta 2|12|Ranged|1|3|9|-4|D6
3648|Leviathan Dreadnought||1||Cyclonic melta lance|melta 2|18|Ranged|D6|3|9|-4|D6
3648|Leviathan Dreadnought||1||Twin volkite caliver|devastating wounds, twin-linked|24|Ranged|2|3|5|0|2
3648|Leviathan Dreadnought||1||Armoured feet||Melee|Melee|5|3|6|0|1
3648|Leviathan Dreadnought||1||Grav-flux bombard|anti-vehicle 2+, blast|24|Ranged|2D3|3|8|-1|2
3648|Leviathan Dreadnought||1||Heavy flamer|ignores cover, torrent|12|Ranged|D6|N/A|5|-1|1
3648|Leviathan Dreadnought||1||Hunter-killer missile|one shot|48|Ranged|1|2|14|-3|D6
3648|Leviathan Dreadnought||1||Storm cannon|twin-linked|36|Ranged|4|3|9|-1|3
3649|Leviathan Dreadnought||1||Storm cannon|twin-linked|36|Ranged|4|3|9|-1|3
3649|Leviathan Dreadnought||1||Twin volkite caliver|devastating wounds, twin-linked|24|Ranged|2|3|5|0|2
3649|Leviathan Dreadnought||1||Cyclonic melta lance|melta 2|18|Ranged|D6|3|9|-4|D6
3649|Leviathan Dreadnought||1||Meltagun|melta 2|12|Ranged|1|3|9|-4|D6
3649|Leviathan Dreadnought||1||Hunter-killer missile|one shot|48|Ranged|1|2|14|-3|D6
3649|Leviathan Dreadnought||1||Heavy flamer|ignores cover, torrent|12|Ranged|D6|N/A|5|-1|1
3649|Leviathan Dreadnought||1||Leviathan siege drill|anti-vehicle 3+|Melee|Melee|4|3|12|-2|3
3649|Leviathan Dreadnought||1||Leviathan siege claw||Melee|Melee|5|3|12|-2|3
3649|Leviathan Dreadnought||1||Armoured feet||Melee|Melee|5|3|6|0|1
3649|Leviathan Dreadnought||1||Grav-flux bombard|anti-vehicle 2+, blast|24|Ranged|2D3|3|8|-1|2
3650|Leviathan Dreadnought||1||Grav-flux bombard|anti-vehicle 2+, blast|24|Ranged|2D3|3|8|-1|2
3650|Leviathan Dreadnought||1||Cyclonic melta lance|melta 2|18|Ranged|D6|3|9|-4|D6
3650|Leviathan Dreadnought||1||Leviathan siege drill|anti-vehicle 3+|Melee|Melee|4|3|12|-2|3
3650|Leviathan Dreadnought||1||Leviathan siege claw||Melee|Melee|5|3|12|-2|3
3650|Leviathan Dreadnought||1||Armoured feet||Melee|Melee|5|3|6|0|1
3650|Leviathan Dreadnought||1||Twin volkite caliver|devastating wounds, twin-linked|24|Ranged|2|3|5|0|2
3650|Leviathan Dreadnought||1||Storm cannon|twin-linked|36|Ranged|4|3|9|-1|3
3650|Leviathan Dreadnought||1||Meltagun|melta 2|12|Ranged|1|3|9|-4|D6
3650|Leviathan Dreadnought||1||Hunter-killer missile|one shot|48|Ranged|1|2|14|-3|D6
3650|Leviathan Dreadnought||1||Heavy flamer|ignores cover, torrent|12|Ranged|D6|N/A|5|-1|1
3651|Fellblade||1||Quad lascannon||48|Ranged|4|3|12|-3|D6+1
3651|Fellblade||1||Fellblade accelerator cannon – HE shells|blast|72|Ranged|2D6|3|8|-1|2
3651|Fellblade||1||Heavy bolter|sustained hits 1|36|Ranged|3|3|5|-1|2
3651|Fellblade||1||Demolisher cannon|blast|24|Ranged|D6+3|3|14|-3|D6
3651|Fellblade||1||Laser destroyer|heavy|36|Ranged|3|3|14|-4|D6+1
3651|Fellblade||1||Multi-melta|melta 2|18|Ranged|2|3|9|-4|D6
3651|Fellblade||1||Havoc launcher |blast|48|Ranged|D6|3|5|0|1
3651|Fellblade||1||Armoured tracks||Melee|Melee|6|4|8|0|1
3651|Fellblade||1||Twin heavy flamer|ignores cover, torrent, twin-linked|12|Ranged|D6|N/A|5|-1|1
3651|Fellblade||1||Heavy flamer|ignores cover, torrent|12|Ranged|D6|N/A|5|-1|1
3651|Fellblade||1||Twin heavy bolter|sustained hits 1, twin-linked|36|Ranged|3|3|5|-1|2
3651|Fellblade||1||Storm bolter|rapid fire 2|24|Ranged|2|3|4|0|1
3651|Fellblade||1||Quad heavy bolter|sustained hits 1, twin-linked|36|Ranged|6|3|5|-1|2
3651|Fellblade||1||Fellblade accelerator cannon – AP shells||72|Ranged|2|3|14|-3|6
3651|Fellblade|1|1||Combi-weapon|anti-infantry 4+, devastating wounds, rapid fire 1|24|Ranged|1|4|4|0|1
3652|Fellblade||1||Quad lascannon||48|Ranged|4|3|12|-3|D6+1
3652|Fellblade||1||Havoc launcher |blast|48|Ranged|D6|3|5|0|1
3652|Fellblade||1||Demolisher cannon|blast|24|Ranged|D6+3|3|14|-3|D6
3652|Fellblade||1||Fellblade accelerator cannon – AP shells||72|Ranged|2|3|14|-3|6
3652|Fellblade||2||Fellblade accelerator cannon – HE shells|blast|72|Ranged|2D6|3|8|-1|2
3652|Fellblade||1||Heavy bolter|sustained hits 1|36|Ranged|3|3|5|-1|2
3652|Fellblade||1||Heavy flamer|ignores cover, torrent|12|Ranged|D6|N/A|5|-1|1
3652|Fellblade||1||Laser destroyer|heavy|36|Ranged|3|3|14|-4|D6+1
3652|Fellblade||1||Multi-melta|melta 2|18|Ranged|2|3|9|-4|D6
3652|Fellblade||1||Quad heavy bolter|sustained hits 1, twin-linked|36|Ranged|6|3|5|-1|2
3652|Fellblade||1||Armoured tracks||Melee|Melee|6|4|8|0|1
3652|Fellblade||1||Twin heavy flamer|ignores cover, torrent, twin-linked|12|Ranged|D6|N/A|5|-1|1
3652|Fellblade||1||Twin heavy bolter|sustained hits 1, twin-linked|36|Ranged|3|3|5|-1|2
3652|Fellblade||1||Storm bolter|rapid fire 2|24|Ranged|2|3|4|0|1
3652|Fellblade|1|1||Combi-weapon|anti-infantry 4+, devastating wounds, rapid fire 1|24|Ranged|1|4|4|0|1
3653|Fellblade||1||Fellblade accelerator cannon – AP shells||72|Ranged|2|3|14|-3|6
3653|Fellblade||1||Heavy bolter|sustained hits 1|36|Ranged|3|3|5|-1|2
3653|Fellblade||1||Laser destroyer|heavy|36|Ranged|3|3|14|-4|D6+1
3653|Fellblade||1||Heavy flamer|ignores cover, torrent|12|Ranged|D6|N/A|5|-1|1
3653|Fellblade||1||Havoc launcher |blast|48|Ranged|D6|3|5|0|1
3653|Fellblade||1||Multi-melta|melta 2|18|Ranged|2|3|9|-4|D6
3653|Fellblade||1||Fellblade accelerator cannon – HE shells|blast|72|Ranged|2D6|3|8|-1|2
3653|Fellblade||1||Quad lascannon||48|Ranged|4|3|12|-3|D6+1
3653|Fellblade||1||Armoured tracks||Melee|Melee|6|4|8|0|1
3653|Fellblade||1||Twin heavy flamer|ignores cover, torrent, twin-linked|12|Ranged|D6|N/A|5|-1|1
3653|Fellblade||1||Twin heavy bolter|sustained hits 1, twin-linked|36|Ranged|3|3|5|-1|2
3653|Fellblade||1||Quad heavy bolter|sustained hits 1, twin-linked|36|Ranged|6|3|5|-1|2
3653|Fellblade||1||Demolisher cannon|blast|24|Ranged|D6+3|3|14|-3|D6
3653|Fellblade||1||Storm bolter|rapid fire 2|24|Ranged|2|3|4|0|1
3653|Fellblade|1|1||Combi-weapon|anti-infantry 4+, devastating wounds, rapid fire 1|24|Ranged|1|4|4|0|1
3654|Fellblade||1||Heavy flamer|ignores cover, torrent|12|Ranged|D6|N/A|5|-1|1
3654|Fellblade||1||Laser destroyer|heavy|36|Ranged|3|3|14|-4|D6+1
3654|Fellblade||1||Multi-melta|melta 2|18|Ranged|2|3|9|-4|D6
3654|Fellblade||1||Quad heavy bolter|sustained hits 1, twin-linked|36|Ranged|6|3|5|-1|2
3654|Fellblade||1||Quad lascannon||48|Ranged|4|3|12|-3|D6+1
3654|Fellblade||1||Storm bolter|rapid fire 2|24|Ranged|2|3|4|0|1
3654|Fellblade||1||Twin heavy bolter|sustained hits 1, twin-linked|36|Ranged|3|3|5|-1|2
3654|Fellblade||1||Twin heavy flamer|ignores cover, torrent, twin-linked|12|Ranged|D6|N/A|5|-1|1
3654|Fellblade||1||Heavy bolter|sustained hits 1|36|Ranged|3|3|5|-1|2
3654|Fellblade||1||Armoured tracks||Melee|Melee|6|4|8|0|1
3654|Fellblade||1||Demolisher cannon|blast|24|Ranged|D6+3|3|14|-3|D6
3654|Fellblade||1||Fellblade accelerator cannon – AP shells||72|Ranged|2|3|14|-3|6
3654|Fellblade||2||Fellblade accelerator cannon – HE shells|blast|72|Ranged|2D6|3|8|-1|2
3654|Fellblade||1||Havoc launcher |blast|48|Ranged|D6|3|5|0|1
3654|Fellblade|1|1||Combi-weapon|anti-infantry 4+, devastating wounds, rapid fire 1|24|Ranged|1|4|4|0|1
3655|Relic Contemptor Dreadnought||1||Plasma blaster – standard||18|Ranged|2|3|7|-2|1
3655|Relic Contemptor Dreadnought||1||Conversion beam cannon|conversion, sustained hits d3|24|Ranged|1|3|7|-1|3
3655|Relic Contemptor Dreadnought||1||Combi-bolter|rapid fire 2|24|Ranged|2|3|4|0|1
3655|Relic Contemptor Dreadnought||1||Heavy plasma cannon – standard|blast|36|Ranged|D3|3|7|-2|2
3655|Relic Contemptor Dreadnought||1||Twin volkite culverin|devastating wounds, twin-linked|36|Ranged|4|3|6|0|2
3655|Relic Contemptor Dreadnought||1||Cyclone missile launcher – krak||36|Ranged|2|3|9|-2|D6
3655|Relic Contemptor Dreadnought||1||Plasma blaster – supercharge|HAZARDOUS|18|Ranged|2|3|8|-3|2
3655|Relic Contemptor Dreadnought||1||Armoured feet||Melee|Melee|5|3|6|0|1
3655|Relic Contemptor Dreadnought||1||Dreadnought chainfist|anti-vehicle 3+|Melee|Melee|4|3|12|-2|3
3655|Relic Contemptor Dreadnought||1||Dreadnought combat weapon||Melee|Melee|5|3|12|-2|3
3655|Relic Contemptor Dreadnought||1||Kheres-pattern assault cannon|devastating wounds|24|Ranged|6|3|7|-1|1
3655|Relic Contemptor Dreadnought||1||Multi-melta|MELTA 2|18|Ranged|2|3|9|-4|D6
3655|Relic Contemptor Dreadnought||1||Cyclone missile launcher – frag|BLAST|36|Ranged|2D6|3|4|0|1
3655|Relic Contemptor Dreadnought||1||Graviton blaster|anti-vehicle 2+|18|Ranged|2|3|5|-1|1
3655|Relic Contemptor Dreadnought||1||Twin autocannon|TWIN-LINKED|48|Ranged|2|3|9|-1|3
3655|Relic Contemptor Dreadnought||1||Twin heavy bolter|TWIN-LINKED, SUSTAINED HITS 1|36|Ranged|3|3|5|-1|2
3655|Relic Contemptor Dreadnought||1||Twin lascannon|TWIN-LINKED|48|Ranged|1|3|12|-3|D6+1
3655|Relic Contemptor Dreadnought||1||Heavy flamer|IGNORES COVER, TORRENT|12|Ranged|D6|N/A|5|-1|1
3655|Relic Contemptor Dreadnought||1||Heavy plasma cannon – supercharge|blast, hazardous|36|Ranged|D3|3|8|-3|3
3656|Relic Contemptor Dreadnought||1||Twin heavy bolter|TWIN-LINKED, SUSTAINED HITS 1|36|Ranged|3|3|5|-1|2
3656|Relic Contemptor Dreadnought||1||Twin autocannon|TWIN-LINKED|48|Ranged|2|3|9|-1|3
3656|Relic Contemptor Dreadnought||1||Graviton blaster|anti-vehicle 2+|18|Ranged|2|3|5|-1|1
3656|Relic Contemptor Dreadnought||1||Cyclone missile launcher – krak||36|Ranged|2|3|9|-2|D6
3656|Relic Contemptor Dreadnought||2||Cyclone missile launcher – frag|BLAST|36|Ranged|2D6|3|4|0|1
3656|Relic Contemptor Dreadnought||1||Conversion beam cannon|conversion, sustained hits d3|24|Ranged|1|3|7|-1|3
3656|Relic Contemptor Dreadnought||1||Combi-bolter|rapid fire 2|24|Ranged|2|3|4|0|1
3656|Relic Contemptor Dreadnought||1||Twin lascannon|TWIN-LINKED|48|Ranged|1|3|12|-3|D6+1
3656|Relic Contemptor Dreadnought||1||Dreadnought combat weapon||Melee|Melee|5|3|12|-2|3
3656|Relic Contemptor Dreadnought||1||Dreadnought chainfist|anti-vehicle 3+|Melee|Melee|4|3|12|-2|3
3656|Relic Contemptor Dreadnought||1||Twin volkite culverin|devastating wounds, twin-linked|36|Ranged|4|3|6|0|2
3656|Relic Contemptor Dreadnought||1||Plasma blaster – supercharge|HAZARDOUS|18|Ranged|2|3|8|-3|2
3656|Relic Contemptor Dreadnought||2||Plasma blaster – standard||18|Ranged|2|3|7|-2|1
3656|Relic Contemptor Dreadnought||1||Armoured feet||Melee|Melee|5|3|6|0|1
3656|Relic Contemptor Dreadnought||1||Multi-melta|MELTA 2|18|Ranged|2|3|9|-4|D6
3656|Relic Contemptor Dreadnought||1||Kheres-pattern assault cannon|devastating wounds|24|Ranged|6|3|7|-1|1
3656|Relic Contemptor Dreadnought||1||Heavy plasma cannon – supercharge|blast, hazardous|36|Ranged|D3|3|8|-3|3
3656|Relic Contemptor Dreadnought||2||Heavy plasma cannon – standard|blast|36|Ranged|D3|3|7|-2|2
3656|Relic Contemptor Dreadnought||1||Heavy flamer|IGNORES COVER, TORRENT|12|Ranged|D6|N/A|5|-1|1
3657|Relic Contemptor Dreadnought||1||Heavy plasma cannon – supercharge|blast, hazardous|36|Ranged|D3|3|8|-3|3
3657|Relic Contemptor Dreadnought||1||Kheres-pattern assault cannon|devastating wounds|24|Ranged|6|3|7|-1|1
3657|Relic Contemptor Dreadnought||1||Multi-melta|MELTA 2|18|Ranged|2|3|9|-4|D6
3657|Relic Contemptor Dreadnought||1||Plasma blaster – standard||18|Ranged|2|3|7|-2|1
3657|Relic Contemptor Dreadnought||2||Plasma blaster – supercharge|HAZARDOUS|18|Ranged|2|3|8|-3|2
3657|Relic Contemptor Dreadnought||1||Twin volkite culverin|devastating wounds, twin-linked|36|Ranged|4|3|6|0|2
3657|Relic Contemptor Dreadnought||1||Armoured feet||Melee|Melee|5|3|6|0|1
3657|Relic Contemptor Dreadnought||1||Graviton blaster|anti-vehicle 2+|18|Ranged|2|3|5|-1|1
3657|Relic Contemptor Dreadnought||1||Dreadnought chainfist|anti-vehicle 3+|Melee|Melee|4|3|12|-2|3
3657|Relic Contemptor Dreadnought||1||Dreadnought combat weapon||Melee|Melee|5|3|12|-2|3
3657|Relic Contemptor Dreadnought||1||Combi-bolter|rapid fire 2|24|Ranged|2|3|4|0|1
3657|Relic Contemptor Dreadnought||1||Twin heavy bolter|TWIN-LINKED, SUSTAINED HITS 1|36|Ranged|3|3|5|-1|2
3657|Relic Contemptor Dreadnought||1||Conversion beam cannon|conversion, sustained hits d3|24|Ranged|1|3|7|-1|3
3657|Relic Contemptor Dreadnought||1||Cyclone missile launcher – frag|BLAST|36|Ranged|2D6|3|4|0|1
3657|Relic Contemptor Dreadnought||1||Twin autocannon|TWIN-LINKED|48|Ranged|2|3|9|-1|3
3657|Relic Contemptor Dreadnought||1||Twin lascannon|TWIN-LINKED|48|Ranged|1|3|12|-3|D6+1
3657|Relic Contemptor Dreadnought||1||Heavy plasma cannon – standard|blast|36|Ranged|D3|3|7|-2|2
3657|Relic Contemptor Dreadnought||1||Heavy flamer|IGNORES COVER, TORRENT|12|Ranged|D6|N/A|5|-1|1
3657|Relic Contemptor Dreadnought||1||Cyclone missile launcher – krak||36|Ranged|2|3|9|-2|D6
3658|Relic Contemptor Dreadnought||1||Heavy plasma cannon – supercharge|blast, hazardous|36|Ranged|D3|3|8|-3|3
3658|Relic Contemptor Dreadnought||1||Multi-melta|MELTA 2|18|Ranged|2|3|9|-4|D6
3658|Relic Contemptor Dreadnought||1||Plasma blaster – standard||18|Ranged|2|3|7|-2|1
3658|Relic Contemptor Dreadnought||1||Twin lascannon|TWIN-LINKED|48|Ranged|1|3|12|-3|D6+1
3658|Relic Contemptor Dreadnought||1||Twin heavy bolter|TWIN-LINKED, SUSTAINED HITS 1|36|Ranged|3|3|5|-1|2
3658|Relic Contemptor Dreadnought||1||Twin autocannon|TWIN-LINKED|48|Ranged|2|3|9|-1|3
3658|Relic Contemptor Dreadnought||1||Graviton blaster|anti-vehicle 2+|18|Ranged|2|3|5|-1|1
3658|Relic Contemptor Dreadnought||1||Cyclone missile launcher – krak||36|Ranged|2|3|9|-2|D6
3658|Relic Contemptor Dreadnought||2||Cyclone missile launcher – frag|BLAST|36|Ranged|2D6|3|4|0|1
3658|Relic Contemptor Dreadnought||1||Kheres-pattern assault cannon|devastating wounds|24|Ranged|6|3|7|-1|1
3658|Relic Contemptor Dreadnought||1||Heavy plasma cannon – standard|blast|36|Ranged|D3|3|7|-2|2
3658|Relic Contemptor Dreadnought||1||Armoured feet||Melee|Melee|5|3|6|0|1
3658|Relic Contemptor Dreadnought||1||Plasma blaster – supercharge|HAZARDOUS|18|Ranged|2|3|8|-3|2
3658|Relic Contemptor Dreadnought||1||Twin volkite culverin|devastating wounds, twin-linked|36|Ranged|4|3|6|0|2
3658|Relic Contemptor Dreadnought||1||Dreadnought chainfist|anti-vehicle 3+|Melee|Melee|4|3|12|-2|3
3658|Relic Contemptor Dreadnought||1||Dreadnought combat weapon||Melee|Melee|5|3|12|-2|3
3658|Relic Contemptor Dreadnought||1||Conversion beam cannon|conversion, sustained hits d3|24|Ranged|1|3|7|-1|3
3658|Relic Contemptor Dreadnought||1||Heavy flamer|IGNORES COVER, TORRENT|12|Ranged|D6|N/A|5|-1|1
3658|Relic Contemptor Dreadnought||1||Combi-bolter|rapid fire 2|24|Ranged|2|3|4|0|1
3659|Whirlwind Scorpius||1||Armoured tracks||Melee|Melee|3|4|6|0|1
3659|Whirlwind Scorpius||1||Hunter-killer missile|one shot|48|Ranged|1|2|14|-3|D6
3659|Whirlwind Scorpius||1||Scorpius multi-launcher|blast, indirect fire|48|Ranged|2D3+3|3|6|-1|2
3659|Whirlwind Scorpius||1||Storm bolter|rapid fire 2|24|Ranged|2|3|4|0|1
3660|Whirlwind Scorpius||1||Armoured tracks||Melee|Melee|3|4|6|0|1
3660|Whirlwind Scorpius||1||Hunter-killer missile|one shot|48|Ranged|1|2|14|-3|D6
3660|Whirlwind Scorpius||1||Storm bolter|rapid fire 2|24|Ranged|2|3|4|0|1
3660|Whirlwind Scorpius||1||Scorpius multi-launcher|blast, indirect fire|48|Ranged|2D3+3|3|6|-1|2
3661|Whirlwind Scorpius||1||Armoured tracks||Melee|Melee|3|4|6|0|1
3661|Whirlwind Scorpius||1||Hunter-killer missile|one shot|48|Ranged|1|2|14|-3|D6
3661|Whirlwind Scorpius||1||Storm bolter|rapid fire 2|24|Ranged|2|3|4|0|1
3661|Whirlwind Scorpius||1||Scorpius multi-launcher|blast, indirect fire|48|Ranged|2D3+3|3|6|-1|2
3662|Whirlwind Scorpius||1||Scorpius multi-launcher|blast, indirect fire|48|Ranged|2D3+3|3|6|-1|2
3662|Whirlwind Scorpius||1||Armoured tracks||Melee|Melee|3|4|6|0|1
3662|Whirlwind Scorpius||1||Hunter-killer missile|one shot|48|Ranged|1|2|14|-3|D6
3662|Whirlwind Scorpius||1||Storm bolter|rapid fire 2|24|Ranged|2|3|4|0|1
3663|Xiphon Interceptor||1||Armoured hull||Melee|Melee|3|4|6|0|1
3663|Xiphon Interceptor||1||Xiphon missile battery|anti-fly 2+|60|Ranged|3|3|7|-1|3
3663|Xiphon Interceptor||1||Twin lascannon|twin-linked|48|Ranged|1|3|12|-3|D6+1
3664|Xiphon Interceptor||1||Armoured hull||Melee|Melee|3|4|6|0|1
3664|Xiphon Interceptor||1||Xiphon missile battery|anti-fly 2+|60|Ranged|3|3|7|-1|3
3664|Xiphon Interceptor||1||Twin lascannon|twin-linked|48|Ranged|1|3|12|-3|D6+1
3665|Xiphon Interceptor||1||Twin lascannon|twin-linked|48|Ranged|1|3|12|-3|D6+1
3665|Xiphon Interceptor||1||Xiphon missile battery|anti-fly 2+|60|Ranged|3|3|7|-1|3
3665|Xiphon Interceptor||1||Armoured hull||Melee|Melee|3|4|6|0|1
3666|Xiphon Interceptor||1||Xiphon missile battery|anti-fly 2+|60|Ranged|3|3|7|-1|3
3666|Xiphon Interceptor||1||Armoured hull||Melee|Melee|3|4|6|0|1
3666|Xiphon Interceptor||1||Twin lascannon|twin-linked|48|Ranged|1|3|12|-3|D6+1
3667|Rapier Carrier||1||Boltgun||24|Ranged|2|3|4|0|1
3667|Rapier Carrier||1||Graviton cannon|anti-vehicle 2+, blast, heavy|36|Ranged|D6|3|6|-2|2
3667|Rapier Carrier||1||Laser destroyer|heavy|36|Ranged|3|3|14|-4|D6+1
3667|Rapier Carrier||1||Quad heavy bolter|heavy, twin-linked, sustained hits 1|36|Ranged|6|3|5|-1|2
3667|Rapier Carrier||1||Quad launcher – shatter shells|heavy|24|Ranged|4|3|9|-2|3
3667|Rapier Carrier||2||Quad launcher – thunderfire shells|blast, heavy, indirect fire|60|Ranged|D6+4|3|5|0|1
3667|Rapier Carrier||1||Close combat weapon||Melee|Melee|2|3|4|0|1
3668|Rapier Carrier||1||Close combat weapon||Melee|Melee|2|3|4|0|1
3668|Rapier Carrier||1||Boltgun||24|Ranged|2|3|4|0|1
3668|Rapier Carrier||1||Graviton cannon|anti-vehicle 2+, blast, heavy|36|Ranged|D6|3|6|-2|2
3668|Rapier Carrier||1||Laser destroyer|heavy|36|Ranged|3|3|14|-4|D6+1
3668|Rapier Carrier||1||Quad heavy bolter|heavy, twin-linked, sustained hits 1|36|Ranged|6|3|5|-1|2
3668|Rapier Carrier||1||Quad launcher – shatter shells|heavy|24|Ranged|4|3|9|-2|3
3668|Rapier Carrier||2||Quad launcher – thunderfire shells|blast, heavy, indirect fire|60|Ranged|D6+4|3|5|0|1
3669|Rapier Carrier||3||Quad launcher – shatter shells|heavy|24|Ranged|4|3|9|-2|3
3669|Rapier Carrier||4||Quad launcher – thunderfire shells|blast, heavy, indirect fire|60|Ranged|D6+4|3|5|0|1
3669|Rapier Carrier||1||Close combat weapon||Melee|Melee|2|3|4|0|1
3669|Rapier Carrier||1||Graviton cannon|anti-vehicle 2+, blast, heavy|36|Ranged|D6|3|6|-2|2
3669|Rapier Carrier||1||Boltgun||24|Ranged|2|3|4|0|1
3669|Rapier Carrier||1||Laser destroyer|heavy|36|Ranged|3|3|14|-4|D6+1
3669|Rapier Carrier||1||Quad heavy bolter|heavy, twin-linked, sustained hits 1|36|Ranged|6|3|5|-1|2
3670|Rapier Carrier||1||Boltgun||24|Ranged|2|3|4|0|1
3670|Rapier Carrier||1||Close combat weapon||Melee|Melee|2|3|4|0|1
3670|Rapier Carrier||1||Graviton cannon|anti-vehicle 2+, blast, heavy|36|Ranged|D6|3|6|-2|2
3670|Rapier Carrier||1||Laser destroyer|heavy|36|Ranged|3|3|14|-4|D6+1
3670|Rapier Carrier||1||Quad heavy bolter|heavy, twin-linked, sustained hits 1|36|Ranged|6|3|5|-1|2
3670|Rapier Carrier||1||Quad launcher – thunderfire shells|blast, heavy, indirect fire|60|Ranged|D6+4|3|5|0|1
3670|Rapier Carrier||2||Quad launcher – shatter shells|heavy|24|Ranged|4|3|9|-2|3
3671|Storm Eagle Gunship||1||Typhoon missile launcher – frag|blast|48|Ranged|2D6|3|4|0|1
3671|Storm Eagle Gunship||1||Twin multi-melta|melta 2, twin-linked|18|Ranged|2|3|9|-4|D6
3671|Storm Eagle Gunship||1||Twin lascannon|twin-linked|48|Ranged|1|3|12|-3|D6+1
3671|Storm Eagle Gunship||1||Twin hellstrike launcher|anti-fly 2+, twin-linked|72|Ranged|2|3|10|-3|D6
3671|Storm Eagle Gunship||1||Twin heavy bolter|sustained hits 1, twin-linked|36|Ranged|3|3|5|-1|2
3671|Storm Eagle Gunship||1||Armoured hull||Melee|Melee|6|4|8|0|1
3671|Storm Eagle Gunship||1||Vengeance launcher|blast|48|Ranged|2D6|3|6|0|1
3671|Storm Eagle Gunship||1||Typhoon missile launcher – krak||48|Ranged|2|3|9|-2|D6
3672|Storm Eagle Gunship||1||Twin hellstrike launcher|anti-fly 2+, twin-linked|72|Ranged|2|3|10|-3|D6
3672|Storm Eagle Gunship||1||Twin heavy bolter|sustained hits 1, twin-linked|36|Ranged|3|3|5|-1|2
3672|Storm Eagle Gunship||1||Twin lascannon|twin-linked|48|Ranged|1|3|12|-3|D6+1
3672|Storm Eagle Gunship||1||Twin multi-melta|melta 2, twin-linked|18|Ranged|2|3|9|-4|D6
3672|Storm Eagle Gunship||1||Armoured hull||Melee|Melee|6|4|8|0|1
3672|Storm Eagle Gunship||1||Vengeance launcher|blast|48|Ranged|2D6|3|6|0|1
3672|Storm Eagle Gunship||1||Typhoon missile launcher – krak||48|Ranged|2|3|9|-2|D6
3672|Storm Eagle Gunship||2||Typhoon missile launcher – frag|blast|48|Ranged|2D6|3|4|0|1
3673|Storm Eagle Gunship||3||Typhoon missile launcher – frag|blast|48|Ranged|2D6|3|4|0|1
3673|Storm Eagle Gunship||1||Twin multi-melta|melta 2, twin-linked|18|Ranged|2|3|9|-4|D6
3673|Storm Eagle Gunship||1||Typhoon missile launcher – krak||48|Ranged|2|3|9|-2|D6
3673|Storm Eagle Gunship||1||Twin heavy bolter|sustained hits 1, twin-linked|36|Ranged|3|3|5|-1|2
3673|Storm Eagle Gunship||1||Vengeance launcher|blast|48|Ranged|2D6|3|6|0|1
3673|Storm Eagle Gunship||1||Twin hellstrike launcher|anti-fly 2+, twin-linked|72|Ranged|2|3|10|-3|D6
3673|Storm Eagle Gunship||1||Twin lascannon|twin-linked|48|Ranged|1|3|12|-3|D6+1
3673|Storm Eagle Gunship||1||Armoured hull||Melee|Melee|6|4|8|0|1
3674|Storm Eagle Gunship||1||Twin lascannon|twin-linked|48|Ranged|1|3|12|-3|D6+1
3674|Storm Eagle Gunship||1||Armoured hull||Melee|Melee|6|4|8|0|1
3674|Storm Eagle Gunship||1||Vengeance launcher|blast|48|Ranged|2D6|3|6|0|1
3674|Storm Eagle Gunship||1||Typhoon missile launcher – krak||48|Ranged|2|3|9|-2|D6
3674|Storm Eagle Gunship||1||Twin multi-melta|melta 2, twin-linked|18|Ranged|2|3|9|-4|D6
3674|Storm Eagle Gunship||1||Twin hellstrike launcher|anti-fly 2+, twin-linked|72|Ranged|2|3|10|-3|D6
3674|Storm Eagle Gunship||1||Twin heavy bolter|sustained hits 1, twin-linked|36|Ranged|3|3|5|-1|2
3674|Storm Eagle Gunship||1||Typhoon missile launcher – frag|blast|48|Ranged|2D6|3|4|0|1
3675|Sicaran Venator||1||Lascannon||48|Ranged|1|3|12|-3|D6+1
3675|Sicaran Venator||1||Armoured tracks||Melee|Melee|6|4|8|0|1
3675|Sicaran Venator||1||Hunter-killer missile|one shot|48|Ranged|1|2|14|-3|D6
3675|Sicaran Venator||1||Venator neutron laser|heavy|48|Ranged|3|3|16|-4|D3+3
3675|Sicaran Venator||1||Heavy bolter|sustained hits 1|36|Ranged|3|3|5|-1|2
3675|Sicaran Venator||1||Storm bolter|rapid fire 2|24|Ranged|2|3|4|0|1
3676|Sicaran Venator||1||Armoured tracks||Melee|Melee|6|4|8|0|1
3676|Sicaran Venator||1||Venator neutron laser|heavy|48|Ranged|3|3|16|-4|D3+3
3676|Sicaran Venator||1||Storm bolter|rapid fire 2|24|Ranged|2|3|4|0|1
3676|Sicaran Venator||1||Lascannon||48|Ranged|1|3|12|-3|D6+1
3676|Sicaran Venator||1||Hunter-killer missile|one shot|48|Ranged|1|2|14|-3|D6
3676|Sicaran Venator||1||Heavy bolter|sustained hits 1|36|Ranged|3|3|5|-1|2
3677|Sicaran Venator||1||Venator neutron laser|heavy|48|Ranged|3|3|16|-4|D3+3
3677|Sicaran Venator||1||Armoured tracks||Melee|Melee|6|4|8|0|1
3677|Sicaran Venator||1||Heavy bolter|sustained hits 1|36|Ranged|3|3|5|-1|2
3677|Sicaran Venator||1||Storm bolter|rapid fire 2|24|Ranged|2|3|4|0|1
3677|Sicaran Venator||1||Lascannon||48|Ranged|1|3|12|-3|D6+1
3677|Sicaran Venator||1||Hunter-killer missile|one shot|48|Ranged|1|2|14|-3|D6
3678|Sicaran Venator||1||Storm bolter|rapid fire 2|24|Ranged|2|3|4|0|1
3678|Sicaran Venator||1||Hunter-killer missile|one shot|48|Ranged|1|2|14|-3|D6
3678|Sicaran Venator||1||Heavy bolter|sustained hits 1|36|Ranged|3|3|5|-1|2
3678|Sicaran Venator||1||Venator neutron laser|heavy|48|Ranged|3|3|16|-4|D3+3
3678|Sicaran Venator||1||Armoured tracks||Melee|Melee|6|4|8|0|1
3678|Sicaran Venator||1||Lascannon||48|Ranged|1|3|12|-3|D6+1
3679|Typhon||1||Heavy flamer|torrent, ignores cover|12|Ranged|D6|N/A|5|-1|1
3679|Typhon||1||Heavy bolter|sustained hits 1|36|Ranged|3|3|5|-1|2
3679|Typhon||1||Dreadhammer siege cannon|blast|24|Ranged|D6+6|3|14|-3|D6
3679|Typhon||1||Lascannon||48|Ranged|1|3|12|-3|D6+1
3679|Typhon||1||Multi-melta|melta 2|18|Ranged|2|3|9|-4|D6
3679|Typhon||1||Storm bolter|rapid fire 2|24|Ranged|2|3|4|0|1
3679|Typhon||1||Armoured tracks||Melee|Melee|6|4|8|0|1
3680|Typhon||1||Lascannon||48|Ranged|1|3|12|-3|D6+1
3680|Typhon||1||Dreadhammer siege cannon|blast|24|Ranged|D6+6|3|14|-3|D6
3680|Typhon||1||Multi-melta|melta 2|18|Ranged|2|3|9|-4|D6
3680|Typhon||1||Armoured tracks||Melee|Melee|6|4|8|0|1
3680|Typhon||1||Heavy bolter|sustained hits 1|36|Ranged|3|3|5|-1|2
3680|Typhon||1||Storm bolter|rapid fire 2|24|Ranged|2|3|4|0|1
3680|Typhon||1||Heavy flamer|torrent, ignores cover|12|Ranged|D6|N/A|5|-1|1
3681|Typhon||1||Dreadhammer siege cannon|blast|24|Ranged|D6+6|3|14|-3|D6
3681|Typhon||1||Armoured tracks||Melee|Melee|6|4|8|0|1
3681|Typhon||1||Storm bolter|rapid fire 2|24|Ranged|2|3|4|0|1
3681|Typhon||1||Heavy flamer|torrent, ignores cover|12|Ranged|D6|N/A|5|-1|1
3681|Typhon||1||Lascannon||48|Ranged|1|3|12|-3|D6+1
3681|Typhon||1||Multi-melta|melta 2|18|Ranged|2|3|9|-4|D6
3681|Typhon||1||Heavy bolter|sustained hits 1|36|Ranged|3|3|5|-1|2
3682|Typhon||1||Heavy flamer|torrent, ignores cover|12|Ranged|D6|N/A|5|-1|1
3682|Typhon||1||Dreadhammer siege cannon|blast|24|Ranged|D6+6|3|14|-3|D6
3682|Typhon||1||Heavy bolter|sustained hits 1|36|Ranged|3|3|5|-1|2
3682|Typhon||1||Lascannon||48|Ranged|1|3|12|-3|D6+1
3682|Typhon||1||Multi-melta|melta 2|18|Ranged|2|3|9|-4|D6
3682|Typhon||1||Storm bolter|rapid fire 2|24|Ranged|2|3|4|0|1
3682|Typhon||1||Armoured tracks||Melee|Melee|6|4|8|0|1
3683|Sicaran Punisher||1||Armoured tracks||Melee|Melee|6|4|8|0|1
3683|Sicaran Punisher||1||Storm bolter|rapid fire 2|24|Ranged|2|3|4|0|1
3683|Sicaran Punisher||1||Lascannon||48|Ranged|1|3|12|-3|D6+1
3683|Sicaran Punisher||1||Hunter-killer missile|one shot|48|Ranged|1|2|14|-3|D6
3683|Sicaran Punisher||1||Heavy bolter|sustained hits 1|36|Ranged|3|3|5|-1|2
3683|Sicaran Punisher||1||Punisher rotary cannon|devastating wounds|36|Ranged|18|4|6|0|1
3684|Sicaran Punisher||1||Heavy bolter|sustained hits 1|36|Ranged|3|3|5|-1|2
3684|Sicaran Punisher||1||Storm bolter|rapid fire 2|24|Ranged|2|3|4|0|1
3684|Sicaran Punisher||1||Armoured tracks||Melee|Melee|6|4|8|0|1
3684|Sicaran Punisher||1||Punisher rotary cannon|devastating wounds|36|Ranged|18|4|6|0|1
3684|Sicaran Punisher||1||Lascannon||48|Ranged|1|3|12|-3|D6+1
3684|Sicaran Punisher||1||Hunter-killer missile|one shot|48|Ranged|1|2|14|-3|D6
3685|Sicaran Punisher||1||Heavy bolter|sustained hits 1|36|Ranged|3|3|5|-1|2
3685|Sicaran Punisher||1||Armoured tracks||Melee|Melee|6|4|8|0|1
3685|Sicaran Punisher||1||Hunter-killer missile|one shot|48|Ranged|1|2|14|-3|D6
3685|Sicaran Punisher||1||Punisher rotary cannon|devastating wounds|36|Ranged|18|4|6|0|1
3685|Sicaran Punisher||1||Storm bolter|rapid fire 2|24|Ranged|2|3|4|0|1
3685|Sicaran Punisher||1||Lascannon||48|Ranged|1|3|12|-3|D6+1
3686|Sicaran Punisher||1||Heavy bolter|sustained hits 1|36|Ranged|3|3|5|-1|2
3686|Sicaran Punisher||1||Lascannon||48|Ranged|1|3|12|-3|D6+1
3686|Sicaran Punisher||1||Armoured tracks||Melee|Melee|6|4|8|0|1
3686|Sicaran Punisher||1||Storm bolter|rapid fire 2|24|Ranged|2|3|4|0|1
3686|Sicaran Punisher||1||Punisher rotary cannon|devastating wounds|36|Ranged|18|4|6|0|1
3686|Sicaran Punisher||1||Hunter-killer missile|one shot|48|Ranged|1|2|14|-3|D6
3687|Falchion||1||Armoured tracks||Melee|Melee|6|4|8|0|1
3687|Falchion||1||Multi-melta|melta 2|18|Ranged|2|3|9|-4|D6
3687|Falchion||1||Quad lascannon||48|Ranged|4|3|12|-3|D6+1
3687|Falchion||1||Twin Falchion volcano cannon|blast, twin-linked|120|Ranged|D3+1|3|24|-5|12
3687|Falchion||1||Storm bolter|rapid fire 2|24|Ranged|2|3|4|0|1
3687|Falchion||1||Twin heavy bolter|sustained hits 1, twin-linked|36|Ranged|3|3|5|-1|2
3687|Falchion||1||Twin heavy flamer|ignores cover, torrent, twin-linked|12|Ranged|D6|N/A|5|-1|1
3687|Falchion||1||Laser destroyer|heavy|36|Ranged|3|3|14|-4|D6+1
3687|Falchion||1||Heavy flamer|ignores cover, torrent|12|Ranged|D6|N/A|5|-1|1
3687|Falchion||1||Heavy bolter|sustained hits 1|36|Ranged|3|3|5|-1|2
3688|Falchion||1||Heavy flamer|ignores cover, torrent|12|Ranged|D6|N/A|5|-1|1
3688|Falchion||1||Heavy bolter|sustained hits 1|36|Ranged|3|3|5|-1|2
3688|Falchion||1||Twin heavy bolter|sustained hits 1, twin-linked|36|Ranged|3|3|5|-1|2
3688|Falchion||1||Armoured tracks||Melee|Melee|6|4|8|0|1
3688|Falchion||1||Twin Falchion volcano cannon|blast, twin-linked|120|Ranged|D3+1|3|24|-5|12
3688|Falchion||1||Storm bolter|rapid fire 2|24|Ranged|2|3|4|0|1
3688|Falchion||1||Quad lascannon||48|Ranged|4|3|12|-3|D6+1
3688|Falchion||1||Multi-melta|melta 2|18|Ranged|2|3|9|-4|D6
3688|Falchion||1||Laser destroyer|heavy|36|Ranged|3|3|14|-4|D6+1
3688|Falchion||1||Twin heavy flamer|ignores cover, torrent, twin-linked|12|Ranged|D6|N/A|5|-1|1
3689|Falchion||1||Quad lascannon||48|Ranged|4|3|12|-3|D6+1
3689|Falchion||1||Multi-melta|melta 2|18|Ranged|2|3|9|-4|D6
3689|Falchion||1||Laser destroyer|heavy|36|Ranged|3|3|14|-4|D6+1
3689|Falchion||1||Heavy flamer|ignores cover, torrent|12|Ranged|D6|N/A|5|-1|1
3689|Falchion||1||Heavy bolter|sustained hits 1|36|Ranged|3|3|5|-1|2
3689|Falchion||1||Armoured tracks||Melee|Melee|6|4|8|0|1
3689|Falchion||1||Twin heavy flamer|ignores cover, torrent, twin-linked|12|Ranged|D6|N/A|5|-1|1
3689|Falchion||1||Twin heavy bolter|sustained hits 1, twin-linked|36|Ranged|3|3|5|-1|2
3689|Falchion||1||Twin Falchion volcano cannon|blast, twin-linked|120|Ranged|D3+1|3|24|-5|12
3689|Falchion||1||Storm bolter|rapid fire 2|24|Ranged|2|3|4|0|1
3690|Falchion||1||Quad lascannon||48|Ranged|4|3|12|-3|D6+1
3690|Falchion||1||Armoured tracks||Melee|Melee|6|4|8|0|1
3690|Falchion||1||Multi-melta|melta 2|18|Ranged|2|3|9|-4|D6
3690|Falchion||1||Laser destroyer|heavy|36|Ranged|3|3|14|-4|D6+1
3690|Falchion||1||Twin Falchion volcano cannon|blast, twin-linked|120|Ranged|D3+1|3|24|-5|12
3690|Falchion||1||Heavy flamer|ignores cover, torrent|12|Ranged|D6|N/A|5|-1|1
3690|Falchion||1||Heavy bolter|sustained hits 1|36|Ranged|3|3|5|-1|2
3690|Falchion||1||Storm bolter|rapid fire 2|24|Ranged|2|3|4|0|1
3690|Falchion||1||Twin heavy bolter|sustained hits 1, twin-linked|36|Ranged|3|3|5|-1|2
3690|Falchion||1||Twin heavy flamer|ignores cover, torrent, twin-linked|12|Ranged|D6|N/A|5|-1|1
3693||1|1||Overlord's blade|devastating wounds|Melee|Melee|4|2|8|-3|2
3694|Sydonian Dragoons|1|1||Phosphor serpenta|ignores cover, PISTOL|18|Ranged|1|4|5|-1|2
3694|Sydonian Dragoons|2|1||Radium jezzail|ANTI-INFANTRY 3+, HEAVY, PRECISION|36|Ranged|1|4|5|-2|3
3694|Sydonian Dragoons|3|1||Ironstrider feet||Melee|Melee|3|4|5|0|1
3695|Sydonian Skatros|1|1||Mechanicus pistol|DEVASTATING WOUNDS, PISTOL|12|Ranged|1|3|6|-1|1
3695|Sydonian Skatros|2|1||Radium jezzail|ANTI-INFANTRY 3+, HEAVY, PRECISION|36|Ranged|1|3|5|-2|3
3695|Sydonian Skatros|3|1||Skatros transuranic arquebus|ANTI-MONSTER 4+, ANTI-VEHICLE 4+, HEAVY, PRECISION|36|Ranged|1|3|7|-2|D3
3695|Sydonian Skatros|4|1||Sydonian feet||Melee|Melee|3|4|3|0|1
3698|Inner Circle Companions|1|1||Heavy bolt pistol|Pistol|18|Ranged|1|3|4|-1|1
3698|Inner Circle Companions|2|1||Calibanite greatsword - strike|lethal hits|Melee|Melee|4|3|6|-2|2
3698|Inner Circle Companions|3|2||Calibanite greatsword - sweep|sustained hits 2|Melee|Melee|5|3|6|-2|1
3699|Crisis Sunforge Battlesuits|1|1||Fusion blaster|melta 2|12|Ranged|1|4|9|-4|D6
3699|Crisis Sunforge Battlesuits|2|1||Battlesuit fists||Melee|Melee|3|5|5|0|1
3700|Crisis Battlesuits|1|1||Missile pod||30|Ranged|2|4|7|-1|2
3700|Crisis Battlesuits|2|1||Plasma rifle||18|Ranged|1|4|8|-3|3
3700|Crisis Battlesuits|3|1||Battlesuit fists||Melee|Melee|3|5|5|0|1
3701|Crisis Battlesuits|1|1||Burst cannon||18|Ranged|4|4|5|0|1
3701|Crisis Battlesuits|2|1||T’au flamer|ignores cover, torrent|12|Ranged|D6|N/A|4|0|1
3701|Crisis Battlesuits|3|1||Battlesuit fists||Melee|Melee|3|5|5|0|1
3702|Kroot Trail Shaper|1|1||Kroot rifle|rapid fire 1|24|Ranged|1|4|4|0|1
3702|Kroot Trail Shaper|2|1||Shaper’s blade||Melee|Melee|4|2|5|0|1
3703|Kroot War Shaper|1|1||Dart-bow and tri-blade|ANTI-INFANTRY 3+, ASSAULT, HEAVY|24|Ranged|D3+1|4|4|0|2
3703|Kroot War Shaper|2|1||Kroot pistol|pistol|12|Ranged|1|4|4|0|1
3703|Kroot War Shaper|3|1||Bladestave and prey-hook|lethal hits|Melee|Melee|4|2|5|-1|2
3703|Kroot War Shaper|4|1||Shaper’s blade||Melee|Melee|4|2|5|0|1
3704|Kroot Flesh Shaper|1|1||Kroot scattergun|assault|12|Ranged|2|4|4|0|1
3704|Kroot Flesh Shaper|2|1||Twin ritualistic blades|twin-linked|Melee|Melee|4|2|5|-1|1
3705|Kroot Lone-Spear|1|1||Blast javelin|assault, blast|18|Ranged|D6|4|10|-2|2
3705|Kroot Lone-Spear|2|1||Kroot long gun|heavy, precision|36|Ranged|1|3|6|-2|3
3705|Kroot Lone-Spear|3|1||Close combat weapon||Melee|Melee|3|3|4|0|1
3705|Kroot Lone-Spear|4|1||Hunting javelin|lance|Melee|Melee|3|3|4|-1|1
3705|Kroot Lone-Spear|5|1||Kalamandra’s bite|extra attacks|Melee|Melee|4|4|5|-1|1
3706|Krootox Rampagers|1|1||Kroot pistol and hunting javelins|assault, pistol|12|Ranged|2|4|4|0|1
3706|Krootox Rampagers|2|1||Close combat weapon|Lance|Melee|Melee|3|3|4|-1|1
3706|Krootox Rampagers|3|1||Krootox fists|EXTRA ATTACKS, sustained hits 1|Melee|Melee|4|3|6|-1|2
3707|Big Mek|1|1||Kustom Mega-blasta|Hazardous|24|Ranged|3|4|9|-2|3
3707|Big Mek|2|1||Traktor Blasta|Anti-Fly 2+|24|Ranged|3|4|6|-2|D3+3
3707|Big Mek|3|1||Drilla||Melee|Melee|3|3|12|-3|3
3707|Big Mek|4|1||Power Klaw||Melee|Melee|5|3|10|-2|2
3708||1|1||Bolt pistol|pistol|12|Ranged|1|3|4|0|1
3708||2|1||Astartes chainsword||Melee|Melee|4|3|4|-1|1
3710||1|1||APM launcher|anti-monster 3+, anti-vehicle 3+|24|Ranged|1|4|6|-2|D6
3710||2|1||Bolt revolver|pistol|12|Ranged|1|4|5|0|1
3710||3|1||Bolt shotgun|assault|18|Ranged|2|4|5|0|1
3710||4|1||Magna-coil rifle|ignores cover, precision|24|Ranged|1|4|5|-2|2
3710||5|1||Close combat weapon||Melee|Melee|1|4|4|0|1
3710||6|1||Plasma knife||Melee|Melee|2|4|4|-2|1
3711|Chaos Lord|1|1||Bolt pistol|pistol|12|Ranged|1|2|4|0|1
3711|Chaos Lord|2|1||Plasma pistol – standard|pistol|12|Ranged|1|2|7|-2|1
3711|Chaos Lord|3|2||Plasma pistol – supercharge|pistol, hazardous|12|Ranged|1|2|8|-3|2
3711|Chaos Lord|4|1||Accursed weapon||Melee|Melee|6|2|5|-2|1
3711|Chaos Lord|5|1||Power fist||Melee|Melee|5|2|8|-2|2
3711|Chaos Lord|6|1||Twin lightning claws|TWIN-LINKED|Melee|Melee|6|2|5|-2|1
3712|Cultist Firebrand|1|1||Balefire pike|IGNORES COVER, TORRENT|12|Ranged|D6+3|N/A|5|-1|1
3712|Cultist Firebrand|2|1||Close combat weapon||Melee|Melee|4|4|4|-1|1
3713|Cultist Mob with Firearms|1|1||Autogun|rapid fire 1|24|Ranged|1|4|3|0|1
3713|Cultist Mob with Firearms|2|1||Autopistol|pistol|12|Ranged|1|4|3|0|1
3713|Cultist Mob with Firearms|3|1||Bolt pistol|pistol|12|Ranged|1|4|4|0|1
3713|Cultist Mob with Firearms|4|1||Flamer|ignores cover, torrent|12|Ranged|D6|N/A|4|0|1
3713|Cultist Mob with Firearms|5|1||Grenade launcher – frag|blast|24|Ranged|D3|4|4|0|1
3713|Cultist Mob with Firearms|6|2||Grenade launcher – krak||24|Ranged|1|4|9|-2|D3
3713|Cultist Mob with Firearms|7|1||Heavy stubber|heavy, rapid fire 3|36|Ranged|4|5|4|0|1
3713|Cultist Mob with Firearms|8|1||Brutal assault weapon||Melee|Melee|2|4|3|0|1
3713|Cultist Mob with Firearms|9|1||Close combat weapon||Melee|Melee|1|4|3|0|1
3714|Canoness|1|1||Ministorum hand flamer|ignores cover, pistol, torrent|12|Ranged|D6|N/A|4|0|1
3714|Canoness|2|1||Blessed halberd||Melee|Melee|5|2|5|-2|2
3714|Canoness|3|1||Holy Eviscerator|sustained hits 1|Melee|Melee|3|2|6|-2|2
3714|Canoness|4|1||Power weapon||Melee|Melee|4|2|4|-2|2
3715|Benefictus|1|1||Psionic Cascade - witchfire|ignores cover,psychic|18|Ranged|1|3|12|-3|D6+1
3715|Benefictus|1|2||Psionic Cascade - focused witchfire|hazardous, ignores cover, psychic|18|Ranged|2|3|12|-3|D6+1
3715|Benefictus|2|1||Close combat weapon||Melee|Melee|2|3|3|0|1
3716|Acolyte Hybrids With Hand Flamers|1|1||Demolition charges|assault, blast, hazardous, one shot|8|Ranged|D6|5|9|-2|2
3716|Acolyte Hybrids With Hand Flamers|2|1||Hand flamer|ignores cover, pistol, torrent|12|Ranged|D6|N/A|3|0|1
3716|Acolyte Hybrids With Hand Flamers|3|1||Cult claws and knife||Melee|Melee|3|3|4|-1|1
3716|Acolyte Hybrids With Hand Flamers|4|1||Leader’s bio-weapons||Melee|Melee|5|3|5|-2|1
3811|Celestian Sacresant Aveline|1|1||Ministorum hand flamer|ignores cover, pistol, torrent|12|Ranged|D6|N/A|4|0|1
3811|Celestian Sacresant Aveline|2|1||The Thorn of the White Rose||Melee|Melee|4|3|5|-2|2
3812|Ministorum Priest|1|1||Holy pistol|pISTOl|12|Ranged|3|4|4|0|1
3812|Ministorum Priest|2|1||Zealot’s vindictor|IGNORES COvER, TORRENT|12|Ranged|D6|N/A|5|0|1
3812|Ministorum Priest|3|1||Power weapon||Melee|Melee|3|4|4|-2|1
3812|Ministorum Priest|4|1||Zealot's vindictor||Melee|Melee|3|4|5|-1|2
3813|Grey Knights Terminator Squad|1|1||Incinerator|ignores cover, torrent|12|Ranged|D6|N/A|6|-1|1
3813|Grey Knights Terminator Squad|2|1||Psilencer|psychic, sustained hits 1|24|Ranged|6|3|5|0|1
3813|Grey Knights Terminator Squad|3|1||Psycannon|psychic|24|Ranged|3|3|8|-1|2
3813|Grey Knights Terminator Squad|4|1||Storm bolter|rapid fire 2|24|Ranged|2|3|4|0|1
3813|Grey Knights Terminator Squad|5|1||Nemesis force weapon|psychic|Melee|Melee|4|3|6|-2|2
3814|Watch Captain Artemis|1|1||Hellfire Extremis|anti-infantry 4+, devastating wounds, ignores cover, torrent|12|Ranged|D6|N/A|4|-1|1
3814|Watch Captain Artemis|2|1||Master-crafted power weapon||Melee|Melee|6|2|5|-2|2
3815|Watch Master|1|1||Vigil spear||24|Ranged|2|2|4|-1|2
3815|Watch Master|2|1||Vigil spear|lance|Melee|Melee|6|2|6|-2|D3
3816|Deathwatch Veterans|1|1||Boltgun||24|Ranged|2|3|4|0|1
3816|Deathwatch Veterans|2|1||Frag cannon|blast, heavy, rapid fire d3|18|Ranged|D3|4|7|-1|2
3816|Deathwatch Veterans|3|1||Infernus heavy bolter – heavy bolter|heavy, sustained hits 1|36|Ranged|3|4|5|-1|2
3816|Deathwatch Veterans|4|2||Infernus heavy bolter – heavy flamer|ignores cover, torrent|12|Ranged|D6|N/A|5|-1|1
3816|Deathwatch Veterans|5|1||Combi-weapon|anti-infantry 4+, devastating wounds, rapid fire 1|24|Ranged|1|4|4|0|1
3816|Deathwatch Veterans|6|1||Stalker-pattern boltgun|HEAVY, PRECISION|24|Ranged|1|3|4|-1|2
3816|Deathwatch Veterans|7|1||Deathwatch shotgun|ASSAULT|18|Ranged|2|3|4|0|2
3816|Deathwatch Veterans|8|1||Black Shield blades|TwIN-lINkED|Melee|Melee|4|3|5|-2|1
3816|Deathwatch Veterans|9|1||Close combat weapon||Melee|Melee|3|3|4|0|1
3816|Deathwatch Veterans|10|1||Deathwatch thunder hammer|devastating wounds|Melee|Melee|3|4|10|-2|3
3816|Deathwatch Veterans|11|1||Power weapon||Melee|Melee|3|3|5|-2|1
3816|Deathwatch Veterans|12|1||Xenophase blade|devastating wounds|Melee|Melee|4|3|5|-2|1
3817|Corvus Blackstar|1|1||Blackstar rocket launcher|blast|30|Ranged|D6+1|3|5|0|1
3817|Corvus Blackstar|2|1||Hurricane bolter|rapid fire 6, twin-linked|24|Ranged|6|3|4|0|1
3817|Corvus Blackstar|3|1||Stormstrike missile launcher||48|Ranged|1|3|10|-2|3
3817|Corvus Blackstar|4|1||Twin assault cannon|devastating wounds, twin-linked|24|Ranged|6|3|6|0|1
3817|Corvus Blackstar|5|1||Twin lascannon|twin-linked|48|Ranged|1|3|12|-3|D6+1
3817|Corvus Blackstar|6|1||Armoured hull||Melee|Melee|3|4|6|0|1
3818|Battle Sisters Squad|1|1||Artificer-crafted storm bolter|rapid fire 2|24|Ranged|2|3|4|0|2
3818|Battle Sisters Squad|2|1||Bolt pistol|pistol|12|Ranged|1|3|4|0|1
3818|Battle Sisters Squad|3|1||Boltgun|rapid fire 1|24|Ranged|1|3|4|0|1
3818|Battle Sisters Squad|4|1||Combi-weapon|ANTI-INFANTRY 4+, DEVASTATING WOUNDS, RAPID FIRE 1|24|Ranged|1|4|4|0|1
3818|Battle Sisters Squad|5|1||Condemnor boltgun|ANTI-PSYKER 2+, DEVASTATING WOUNDS, PRECISION, RAPID FIRE 1|24|Ranged|1|3|4|0|1
3818|Battle Sisters Squad|6|1||Heavy bolter|heavy, sustained hits 1|36|Ranged|3|4|5|-1|2
3818|Battle Sisters Squad|7|1||Inferno pistol|MElTA 2, pISTOl|6|Ranged|1|3|8|-4|D3
3818|Battle Sisters Squad|8|1||Meltagun|melta 2|12|Ranged|1|3|9|-4|D6
3818|Battle Sisters Squad|9|1||Ministorum flamer|ignores cover, torrent|12|Ranged|D6|N/A|5|0|1
3818|Battle Sisters Squad|10|1||Ministorum hand flamer|IGNORES COvER, pISTOl, TORRENT|12|Ranged|D6|N/A|4|0|1
3818|Battle Sisters Squad|11|1||Ministorum heavy flamer|ignores cover, torrent|12|Ranged|D6|N/A|6|-1|1
3818|Battle Sisters Squad|12|1||Multi-melta|heavy, melta 2|18|Ranged|2|4|9|-4|D6
3818|Battle Sisters Squad|13|1||Plasma pistol - standard|pISTOl|12|Ranged|1|3|7|-2|1
3818|Battle Sisters Squad|14|2||Plasma pistol - supercharge|pISTOl, HAzARDOUS|12|Ranged|1|3|8|-3|2
3818|Battle Sisters Squad|15|1||Chainsword||Melee|Melee|3|4|3|-1|1
3818|Battle Sisters Squad|16|1||Close combat weapon||Melee|Melee|1|4|3|-1|1
3818|Battle Sisters Squad|17|1||Power weapon||Melee|Melee|2|4|4|-2|1
3819|Immolator|1|1||Heavy bolter|sustained hits 1|36|Ranged|3|3|5|-1|2
3819|Immolator|2|1||Hunter-killer missile|one shot|48|Ranged|1|2|14|-3|D6
3819|Immolator|3|1||Immolation flamers|ignores cover, torrent|18|Ranged|2D6|N/A|6|-1|1
3819|Immolator|4|1||Twin heavy bolter|sustained hits 2, twin-linked|36|Ranged|3|3|5|-1|2
3819|Immolator|5|1||Twin multi-melta|melta 2, twin-linked|18|Ranged|2|3|9|-4|D6
3819|Immolator|6|1||Armoured tracks||Melee|Melee|3|4|6|0|1
3820|Chimera|1|1||Heavy bolter|sustained hits 1|36|Ranged|3|4|5|-1|2
3820|Chimera|2|1||Heavy flamer|ignores cover, torrent|12|Ranged|D6|N/A|5|-1|1
3820|Chimera|3|1||Heavy stubber|rapid fire 3|36|Ranged|3|4|4|0|1
3820|Chimera|4|1||Hunter-killer missile|one shot|48|Ranged|1|4|14|-3|D6
3820|Chimera|5|1||Lasgun array|rapid fire 6|24|Ranged|6|4|3|0|1
3820|Chimera|6|1||Multi-laser||36|Ranged|4|4|6|0|1
3820|Chimera|7|1||Storm bolter|rapid fire 2|24|Ranged|2|4|4|0|1
3820|Chimera|8|1||Armoured tracks||Melee|Melee|3|4|6|0|1
3821|KILL TEAM VETERAN|1|1||Bolt pistol|pistol|12|Ranged|1|3|4|0|1
3821|KILL TEAM VETERAN|2|1||Boltgun||24|Ranged|2|3|4|0|1
3821|KILL TEAM VETERAN|3|1||Deathwatch twin boltgun|TWIN-LINKED|24|Ranged|2|3|4|0|1
3821|KILL TEAM VETERAN|4|1||Frag cannon|blast, heavy, rapid fire d3|18|Ranged|D3|4|7|-1|2
3821|KILL TEAM VETERAN|5|1||Heavy flamer|ignores cover, torrent|12|Ranged|D6|N/A|5|-1|1
3821|KILL TEAM VETERAN|6|1||Long Vigil ranged weapon|anti-infantry 4+, devastating wounds, rapid fire 1|24|Ranged|1|4|4|0|1
3821|KILL TEAM VETERAN|7|1||Psychic Cleanse|psychic|24|Ranged|D6|3|5|-1|D3
3821|KILL TEAM VETERAN|8|1||Artificer crozius||Melee|Melee|5|2|6|-1|2
3821|KILL TEAM VETERAN|9|1||Close combat weapon||Melee|Melee|3|3|5|-2|1
3821|KILL TEAM VETERAN|10|1||Force weapon|psychic|Melee|Melee|5|2|5|-3|D3
3821|KILL TEAM VETERAN|11|1||Long Vigil melee weapon||Melee|Melee|3|3|5|-2|1
3821|KILL TEAM VETERAN|12|1||Power fist||Melee|Melee|3|3|8|-2|2
3821|KILL TEAM VETERAN|13|1||Twin lightning claws|twin-linked|Melee|Melee|4|3|5|-2|1
3822|Deathwatch Terminator Squad|1|1||Assault cannon|devastating wounds|24|Ranged|6|3|6|0|1
3822|Deathwatch Terminator Squad|2|1||Cyclone missile launcher – frag|blast|36|Ranged|2D6|3|4|0|1
3822|Deathwatch Terminator Squad|3|2||Cyclone missile launcher – krak||36|Ranged|2|3|9|-2|D6
3822|Deathwatch Terminator Squad|4|1||Heavy flamer|ignores cover, torrent|12|Ranged|D6|N/A|5|-1|1
3822|Deathwatch Terminator Squad|5|1||Plasma cannon – standard|blast|36|Ranged|D3|3|7|-2|1
3822|Deathwatch Terminator Squad|6|2||Plasma cannon – supercharge|blast, hazardous|36|Ranged|D3|3|8|-3|2
3822|Deathwatch Terminator Squad|7|1||Storm bolter|rapid fire 2|24|Ranged|2|3|4|0|1
3822|Deathwatch Terminator Squad|8|1||Chainfist|anti-vehicle 3+|Melee|Melee|3|4|8|-2|2
3822|Deathwatch Terminator Squad|9|1||Power fist||Melee|Melee|3|3|8|-2|2
3822|Deathwatch Terminator Squad|10|1||Power weapon||Melee|Melee|4|3|5|-2|1
3822|Deathwatch Terminator Squad|11|1||Thunder hammer|devastating wounds|Melee|Melee|3|4|8|-2|2
3822|Deathwatch Terminator Squad|12|1||Twin lightning claws|twin-linked|Melee|Melee|5|3|5|-2|1
3823|Veteran Bike Squad|1|1||Bolt pistol|pistol|12|Ranged|1|3|4|0|1
3823|Veteran Bike Squad|2|1||Long Vigil ranged weapon|anti-infantry 4+, devastating wounds, rapid fire 1|24|Ranged|1|4|4|0|1
3823|Veteran Bike Squad|3|1||Twin boltgun|twin-linked|24|Ranged|2|3|4|0|1
3823|Veteran Bike Squad|4|1||Close combat weapon||Melee|Melee|3|3|4|0|1
3823|Veteran Bike Squad|5|1||Long Vigil melee weapon||Melee|Melee|3|3|5|-2|1
3823|Veteran Bike Squad|6|1||Xenophase blade|devastating wounds|Melee|Melee|4|3|5|-2|1
3824|KILL TEAM VETERANS|1|1||Assault cannon|DEVASTATING WOUNDS|24|Ranged|6|3|6|0|1
3824|KILL TEAM VETERANS|2|1||Boltgun||24|Ranged|2|3|4|0|1
3824|KILL TEAM VETERANS|3|1||Cyclone missile launcher – frag|BLAST|36|Ranged|2D6|3|4|0|1
3824|KILL TEAM VETERANS|3|2||Cyclone missile launcher – krak||36|Ranged|2|3|9|-2|D6
3824|KILL TEAM VETERANS|4|1||Frag cannon|blast, heavy, rapid fire d3|18|Ranged|D3|4|7|-1|2
3824|KILL TEAM VETERANS|5|1||Heavy flamer|IGNORES COVER, TORRENT|12|Ranged|D6|N/A|5|-1|1
3824|KILL TEAM VETERANS|6|1||Infernus heavy bolter – heavy bolter|HEAVY, SUSTAINED HITS 1|36|Ranged|3|4|5|-1|2
3824|KILL TEAM VETERANS|6|2||Infernus heavy bolter – heavy flamer|IGNORES COVER, TORRENT|12|Ranged|D6|N/A|5|-1|1
3824|KILL TEAM VETERANS|7|1||Long Vigil ranged weapon|ANTI-INFANTRY 4+, DEVASTATING WOUNDS, RAPID FIRE 1|24|Ranged|1|4|4|0|1
3824|KILL TEAM VETERANS|8|1||Plasma cannon – standard|BLAST, HEAVY|36|Ranged|D3|4|7|-2|1
3824|KILL TEAM VETERANS|8|2||Plasma cannon – supercharge|BLAST, HAZARDOUS, HEAVY|36|Ranged|D3|4|8|-3|2
3824|KILL TEAM VETERANS|9|1||Storm bolter|rapid fire 2|24|Ranged|2|3|4|0|1
3824|KILL TEAM VETERANS|10|1||Twin boltgun|twin-linked|24|Ranged|2|3|4|0|1
3824|KILL TEAM VETERANS|11|1||Close combat weapon||Melee|Melee|3|3|4|0|1
3824|KILL TEAM VETERANS|12|1||Chainfist|anti-vehicle 3+|Melee|Melee|3|4|8|-2|2
3824|KILL TEAM VETERANS|13|1||Deathwatch thunder hammer|devastating wounds|Melee|Melee|3|4|10|-2|3
3824|KILL TEAM VETERANS|14|1||Long Vigil melee weapon||Melee|Melee|3|3|5|-2|1
3824|KILL TEAM VETERANS|15|1||Power fist||Melee|Melee|3|3|8|-2|2
3824|KILL TEAM VETERANS|16|1||Power weapon||Melee|Melee|4|3|5|-2|1
3824|KILL TEAM VETERANS|17|1||Terminator thunder hammer|devastating wounds|Melee|Melee|3|3|8|-2|2
3824|KILL TEAM VETERANS|18|1||Twin lightning claws|twin-linked|Melee|Melee|5|3|5|-2|1
3825|KILL TEAM INTERCESSOR|1|1||Bolt pistol|pistol|12|Ranged|1|3|4|0|1
3825|KILL TEAM INTERCESSOR|2|1||Bolt rifle|assault, heavy|24|Ranged|2|3|4|-1|1
3825|KILL TEAM INTERCESSOR|3|1||Hand flamer|ignores cover, pistol, torrent|12|Ranged|D6|N/A|3|0|1
3825|KILL TEAM INTERCESSOR|4|1||Heavy bolt pistol|pistol|18|Ranged|1|3|4|-1|1
3825|KILL TEAM INTERCESSOR|5|1||Long Vigil ranged weapon|anti-infantry 4+, devastating wounds, rapid fire 1|24|Ranged|1|4|4|0|1
3825|KILL TEAM INTERCESSOR|6|1||Plasma pistol – standard|PISTOL|12|Ranged|1|3|7|-2|1
3825|KILL TEAM INTERCESSOR|6|2||Plasma pistol – supercharge|HAZARDOUS, PISTOL|12|Ranged|1|3|8|-3|2
3825|KILL TEAM INTERCESSOR|7|1||Plasma incinerator – standard|assault, heavy|24|Ranged|2|3|7|-2|1
3825|KILL TEAM INTERCESSOR|8|2||Plasma incinerator – supercharge|assault, hazardous, heavy|24|Ranged|2|3|8|-3|2
3825|KILL TEAM INTERCESSOR|9|1||Twin bolt rifle|twin-linked|24|Ranged|2|3|4|-1|1
3825|KILL TEAM INTERCESSOR|10|1||Astartes chainsword||Melee|Melee|4|4|4|-1|1
3825|KILL TEAM INTERCESSOR|11|1||Close combat weapon||Melee|Melee|3|3|4|0|1
3825|KILL TEAM INTERCESSOR|12|1||Long Vigil melee weapon||Melee|Melee|3|3|5|-2|1
3826|Indomitor Kill Team|1|1||Assault bolters|assault, pistol, sustained hits 2, twin-linked|18|Ranged|3|3|5|-1|2
3826|Indomitor Kill Team|2|1||Auto boltstorm gauntlets|twin-linked|18|Ranged|3|3|4|0|1
3826|Indomitor Kill Team|3|1||Bolt pistol|PISTOL|12|Ranged|1|3|4|0|1
3826|Indomitor Kill Team|4|1||Fragstorm grenade launcher|blast|18|Ranged|D6|3|4|0|1
3826|Indomitor Kill Team|5|1||Heavy bolt rifle|assault, heavy|30|Ranged|2|3|5|-1|1
3826|Indomitor Kill Team|6|1||Heavy bolter|assault, heavy, sustained hits 1|36|Ranged|3|4|5|-1|2
3826|Indomitor Kill Team|7|1||Flamestorm gauntlets|ignores cover, torrent, twin-linked|12|Ranged|D6+1|N/A|4|0|1
3826|Indomitor Kill Team|8|1||Melta rifle|heavy, melta 2|18|Ranged|1|3|9|-4|D6
3826|Indomitor Kill Team|9|1||Multi-melta|heavy, melta 2|18|Ranged|2|4|9|-4|D6
3826|Indomitor Kill Team|10|1||Plasma exterminators – standard|assault, pistol, twin-linked|18|Ranged|2|3|7|-2|2
3826|Indomitor Kill Team|11|2||Plasma exterminators – supercharge|assault, hazardous, pistol, twin-linked|18|Ranged|2|3|8|-3|3
3826|Indomitor Kill Team|12|1||Close combat weapon||Melee|Melee|3|3|4|0|1
3826|Indomitor Kill Team|13|1||Power fists|twin-linked|Melee|Melee|3|4|8|-2|2
3827|Spectrus Kill Team|1|1||Accelerator autocannon|heavy|48|Ranged|3|4|8|-1|2
3827|Spectrus Kill Team|2|1||Bolt pistol|pistol|12|Ranged|1|3|4|0|1
3827|Spectrus Kill Team|3|1||Bolt carbine|precision|24|Ranged|2|3|4|0|1
3827|Spectrus Kill Team|4|1||Bolt sniper rifle|heavy, precision|36|Ranged|1|3|5|-2|3
3827|Spectrus Kill Team|5|1||Las fusil|heavy|36|Ranged|1|3|9|-3|D6
3827|Spectrus Kill Team|6|1||Marksman bolt carbine|heavy|24|Ranged|2|3|4|0|1
3827|Spectrus Kill Team|7|1||Occulus bolt carbine|assault, ignores cover|24|Ranged|2|3|4|0|1
3827|Spectrus Kill Team|8|1||Special-issue bolt pistol|pistol, precision|12|Ranged|1|3|4|-1|1
3827|Spectrus Kill Team|9|1||Close combat weapon||Melee|Melee|3|3|4|0|1
3827|Spectrus Kill Team|10|1||Combat knife|precision|Melee|Melee|4|3|4|0|1
3827|Spectrus Kill Team|11|1||Paired combat blades|sustained hits 1|Melee|Melee|3|3|4|0|1
3828|Daemonhost|1|1||Unholy gaze|PSYCHIC|18|Ranged|3|4|8|-2|D3
3828|Daemonhost|2|1||Warp grasp|LETHAL HITS, PSYCHIC|Melee|Melee|4|3|4|-2|1
3829|Jokaero Weaponsmith|1|1||Jokaero weapons – scattered|TORRENT|12|Ranged|D6|N/A|4|0|1
3829|Jokaero Weaponsmith|2|2||Jokaero weapons – focused||24|Ranged|1|4|10|-1|3
3829|Jokaero Weaponsmith|3|1||Close combat weapon||Melee|Melee|2|5|4|0|1
3830|Imperial Rhino|1|1||Hunter-killer missile|one shot|48|Ranged|1|2|14|-3|D6
3830|Imperial Rhino|2|1||Storm bolter|rapid fire 2|24|Ranged|2|3|4|0|1
3830|Imperial Rhino|3|1||Armoured tracks||Melee|Melee|3|4|6|0|1
3831|Captain|1|1||Heavy bolt pistol |Pistol|18|Ranged|1|2|4|-1|1
3831|Captain|2|1||Inferno pistol|melta 2, pistol|6|Ranged|1|2|8|-4|D3
3831|Captain|3|1||Master-crafted chainsword||Melee|Melee|7|2|4|-1|2
3831|Captain|4|1||Power fist||Melee|Melee|5|2|8|-2|2
3831|Captain|5|1||Relic weapon||Melee|Melee|6|2|5|-2|2
3832|Death Company Captain|1|1||Heavy bolt pistol |Pistol|18|Ranged|1|2|4|-1|1
3832|Death Company Captain|2|1||Inferno pistol|melta 2, pistol|6|Ranged|1|2|8|-4|D3
3832|Death Company Captain|3|1||Master-crafted chainsword||Melee|Melee|7|2|4|-1|2
3832|Death Company Captain|4|1||Power fist||Melee|Melee|5|2|8|-2|2
3832|Death Company Captain|5|1||Relic weapon||Melee|Melee|6|2|5|-2|2
3833|Death Company Captain|1|1||Hand flamer|ignores cover, pistol, torrent|12|Ranged|D6|N/A|3|0|1
3833|Death Company Captain|2|1||Heavy bolt pistol |Pistol|18|Ranged|1|2|4|-1|1
3833|Death Company Captain|3|1||Plasma pistol - standard|Pistol|12|Ranged|1|2|7|-2|1
3833|Death Company Captain|4|2||Plasma pistol - supercharge|hazardous, pistol|12|Ranged|1|2|8|-3|2
3833|Death Company Captain|5|1||Astartes chainsword||Melee|Melee|7|2|4|-1|1
3833|Death Company Captain|6|1||Power fist||Melee|Melee|5|2|8|-2|2
3833|Death Company Captain|7|1||Relic weapon||Melee|Melee|6|2|5|-2|2
3834|Tempestus Aquilons|1|1||Bolt pistol|PISTOL|12|Ranged|1|4|4|0|1
3834|Tempestus Aquilons|2|1||Hot-shot lascarbine|ASSAULT|18|Ranged|2|3|3|-1|1
3834|Tempestus Aquilons|3|1||Hot-shot laspistol|pistol|12|Ranged|1|3|3|-1|1
3834|Tempestus Aquilons|4|1||Hot-shot long-las|HEAVY, PRECISION|36|Ranged|1|3|4|-2|3
3834|Tempestus Aquilons|5|1||Sentry flamer|IGNORES COVER, TORRENT|12|Ranged|D6+3|N/A|4|0|1
3834|Tempestus Aquilons|6|1||Sentry grenade launcher – frag|blast|24|Ranged|D3+3|4|4|0|1
3834|Tempestus Aquilons|7|2||Sentry grenade launcher – krak||24|Ranged|2|4|9|-2|D3
3834|Tempestus Aquilons|8|1||Sentry hot-shot volley gun|RAPID FIRE 4|30|Ranged|4|4|4|-1|1
3834|Tempestus Aquilons|9|1||Melta carbine|ASSAULT, MELTA 2|10|Ranged|1|3|9|-4|D6
3834|Tempestus Aquilons|10|1||Plasma carbine – standard|ASSAULT|18|Ranged|2|3|7|-2|1
3834|Tempestus Aquilons|11|2||Plasma carbine – supercharge|ASSAULT, HAZARDOUS|18|Ranged|2|3|8|-3|2
3834|Tempestus Aquilons|12|1||Chainsword||Melee|Melee|4|4|3|0|1
3834|Tempestus Aquilons|13|1||Close combat weapon||Melee|Melee|2|4|3|0|1
3834|Tempestus Aquilons|14|1||Power weapon||Melee|Melee|3|4|4|-2|1
3835|Death Company Dreadnought with Magna-grapple|1|1||Heavy flamer|ignores cover, torrent|12|Ranged|D6|N/A|5|-1|1
3835|Death Company Dreadnought with Magna-grapple|2|1||Meltagun|melta 2|12|Ranged|1|3|9|-4|D6
3835|Death Company Dreadnought with Magna-grapple|3|1||Storm bolter|rapid fire 2|24|Ranged|2|3|4|0|1
3835|Death Company Dreadnought with Magna-grapple|4|1||Blood talons|twin-linked|Melee|Melee|7|3|8|-2|3
3835|Death Company Dreadnought with Magna-grapple|5|1||Twin Furioso fists|twin-linked|Melee|Melee|5|3|12|-3|3
3836|Death Company Marines with Boltguns|1|1||Bolt pistol|pistol|12|Ranged|1|3|4|0|1
3836|Death Company Marines with Boltguns|2|1||Boltgun||24|Ranged|2|3|4|0|1
3836|Death Company Marines with Boltguns|3|1||Hand flamer|ignores cover, pistol, torrent|12|Ranged|D6|N/A|3|0|1
3836|Death Company Marines with Boltguns|4|1||Inferno pistol|pistol, melta 2|6|Ranged|1|3|8|-4|D3
3836|Death Company Marines with Boltguns|5|1||Plasma pistol – standard|pistol|12|Ranged|1|3|7|-2|1
3836|Death Company Marines with Boltguns|6|2||Plasma pistol – supercharge|hazardous, pistol|12|Ranged|1|3|8|-3|2
3836|Death Company Marines with Boltguns|7|1||Astartes chainsword||Melee|Melee|4|3|4|-1|1
3836|Death Company Marines with Boltguns|8|1||Close combat weapon||Melee|Melee|3|3|4|0|1
3836|Death Company Marines with Boltguns|9|1||Power fist||Melee|Melee|3|3|8|-2|2
3836|Death Company Marines with Boltguns|10|1||Power weapon||Melee|Melee|4|3|5|-2|1
3836|Death Company Marines with Boltguns|11|1||Thunder hammer|devastating wounds|Melee|Melee|3|4|8|-2|2
3837|Death Company Marines with Boltguns and Jump Packs|1|1||Bolt pistol|pistol|12|Ranged|1|3|4|0|1
3837|Death Company Marines with Boltguns and Jump Packs|2|1||Boltgun||24|Ranged|2|3|4|0|1
3837|Death Company Marines with Boltguns and Jump Packs|3|1||Hand flamer|ignores cover, pistol, torrent|12|Ranged|D6|N/A|3|0|1
3837|Death Company Marines with Boltguns and Jump Packs|4|1||Inferno pistol|pistol, melta 2|6|Ranged|1|3|8|-4|D3
3837|Death Company Marines with Boltguns and Jump Packs|5|1||Plasma pistol – standard|pistol|12|Ranged|1|3|7|-2|1
3837|Death Company Marines with Boltguns and Jump Packs|6|2||Plasma pistol – supercharge|hazardous, pistol|12|Ranged|1|3|8|-3|2
3837|Death Company Marines with Boltguns and Jump Packs|7|1||Astartes chainsword||Melee|Melee|4|3|4|-1|1
3837|Death Company Marines with Boltguns and Jump Packs|8|1||Power fist||Melee|Melee|3|3|8|-2|2
3837|Death Company Marines with Boltguns and Jump Packs|9|1||Power weapon||Melee|Melee|4|3|5|-2|1
3837|Death Company Marines with Boltguns and Jump Packs|10|1||Thunder hammer|devastating wounds|Melee|Melee|3|4|8|-2|2
3837|Death Company Marines with Boltguns and Jump Packs|11|1||Close combat weapon||Melee|Melee|3|3|4|0|1
3839|Tech-priest Dominus||1||Eradication ray – dissipated||24|Ranged|D3|3|6|-1|1
3839|Tech-priest Dominus||1||Macrostubber|pistol|12|Ranged|5|3|4|0|1
3839|Tech-priest Dominus||1||Phosphor serpenta|ignores cover, pistol|18|Ranged|1|3|5|-1|2
3839|Tech-priest Dominus||1||Omnissian axe||Melee|Melee|4|3|6|-2|2
3839|Tech-priest Dominus||1||Eradication ray – focused||12|Ranged|D3|3|6|-2|2
3839|Tech-priest Dominus||1||Volkite blaster|devastating wounds|24|Ranged|3|3|5|0|2
3840|Tech-priest Manipulus||1||Omnissian staff||Melee|Melee|4|3|6|-1|2
3840|Tech-priest Manipulus||1||Transonic cannon|devastating wounds, torrent|12|Ranged|D6|N/A|4|0|2
3840|Tech-priest Manipulus||1||Magnarail lance|heavy|36|Ranged|1|3|7|-2|3
3841|Skitarii Marshal||1||Control stave||Melee|Melee|4|3|6|-1|1
3841|Skitarii Marshal||1||Mechanicus pistol|devastating wounds, pistol|12|Ranged|1|3|6|-1|1
3842|Skitarii Rangers||1||Plasma caliver – supercharge|hazardous|30|Ranged|2|4|8|-3|2
3842|Skitarii Rangers||1||Transuranic arquebus|heavy, precision|36|Ranged|1|4|7|-2|D3
3842|Skitarii Rangers||1||Alpha combat weapon||Melee|Melee|2|4|5|-1|1
3842|Skitarii Rangers||1||Close combat weapon||Melee|Melee|1|4|3|0|1
3842|Skitarii Rangers||1||Mechanicus pistol|devastating wounds, pistol|12|Ranged|1|4|6|-1|1
3842|Skitarii Rangers||1||Arc rifle|anti-vehicle 4+, devastating wounds, rapid fire 1|30|Ranged|1|4|8|-1|D3
3842|Skitarii Rangers||1||Galvanic rifle||30|Ranged|2|4|4|0|1
3842|Skitarii Rangers||1||Plasma caliver – standard||30|Ranged|2|4|7|-2|1
3843|Skitarii Vanguard||1||Close combat weapon||Melee|Melee|1|4|3|0|1
3843|Skitarii Vanguard||1||Mechanicus pistol|devastating wounds, pistol|12|Ranged|1|4|6|-1|1
3843|Skitarii Vanguard||1||Arc rifle|anti-vehicle 4+, devastating wounds, rapid fire 1|30|Ranged|1|4|8|-1|D3
3843|Skitarii Vanguard||1||Plasma caliver – standard||30|Ranged|2|4|7|-2|1
3843|Skitarii Vanguard||2||Plasma caliver – supercharge|hazardous|30|Ranged|2|4|8|-3|2
3843|Skitarii Vanguard||1||Radium carbine|anti-infantry 4+|18|Ranged|3|4|3|0|1
3843|Skitarii Vanguard||1||Transuranic arquebus|heavy, precision|36|Ranged|1|4|7|-2|D3
3843|Skitarii Vanguard||1||Alpha combat weapon||Melee|Melee|2|4|5|-1|1
3844|Cultist Firebrand||1||Balefire pike|IGNORES COVER, TORRENT|12|Ranged|D6+3|N/A|5|-1|1
3844|Cultist Firebrand||1||Close combat weapon||Melee|Melee|4|4|4|-1|1
3845|CULT DEMAGOGUE||1||Close combat weapon||Melee|Melee|1|4|3|0|1
3845|CULT DEMAGOGUE||1||Autopistol|pistol|12|Ranged|1|4|3|0|1
3845|CULT DEMAGOGUE||1||Warp Curse – focused witchfire|hazardous, psychic, sustained hits 2|18|Ranged|3|3|5|-1|2
3845|CULT DEMAGOGUE||1||Commune stave|devastating wounds|Melee|Melee|2|4|3|0|D3
3845|CULT DEMAGOGUE||1||Commune blade||Melee|Melee|2|4|4|-2|1
3845|CULT DEMAGOGUE||1||Warp Curse – witchfire|psychic|18|Ranged|3|3|4|-1|2
3846|TRAITOR ENFORCER||1||Power fist||Melee|Melee|3|3|6|-2|2
3846|TRAITOR ENFORCER||1||Ogryn weapons||Melee|Melee|5|3|7|-1|2
3846|TRAITOR ENFORCER||1||Bolt pistol|pistol|12|Ranged|1|3|4|0|1
3847|Renegade Enforcer||1||Shotgun|assault|12|Ranged|2|3|4|0|1
3847|Renegade Enforcer||1||Enforcer melee weapon||Melee|Melee|4|3|4|0|1
3847|Renegade Enforcer||1||Lasgun|rapid fire 1|24|Ranged|1|3|3|0|1
3847|Renegade Enforcer||1||Enforcer pistol|pistol|12|Ranged|1|3|4|0|1
3847|Renegade Enforcer||1||Autogun|rapid fire 1|24|Ranged|1|3|3|0|1
3847|Renegade Enforcer||1||Power weapon||Melee|Melee|3|3|4|-2|1
3847|Renegade Enforcer||1||Power fist||Melee|Melee|3|3|6|-2|2
3848|Rogue Psyker||1||Laspistol|pistol|12|Ranged|1|4|3|0|1
3848|Rogue Psyker||1||Psychic Strike – focused witchfire|blast, devastating wounds, hazardous, psychic|12|Ranged|D6+3|3|6|-2|2
3848|Rogue Psyker||1||Chaos stave|psychic|Melee|Melee|1|4|6|-1|D3
3848|Rogue Psyker||1||Psychic Strike – witchfire|blast, devastating wounds, psychic|12|Ranged|D6|3|6|-2|1
3849|Cultist Mob||1||Bolt pistol|pistol|12|Ranged|1|4|4|0|1
3849|Cultist Mob||1||Brutal assault weapon||Melee|Melee|2|4|3|0|1
3849|Cultist Mob||1||Autopistol|pistol|12|Ranged|1|4|3|0|1
3850|Cultist Mob with Firearms||1||Heavy stubber|heavy, rapid fire 3|36|Ranged|4|5|4|0|1
3850|Cultist Mob with Firearms||1||Flamer|ignores cover, torrent|12|Ranged|D6|N/A|4|0|1
3850|Cultist Mob with Firearms||1||Bolt pistol|pistol|12|Ranged|1|4|4|0|1
3850|Cultist Mob with Firearms||1||Grenade launcher – krak||24|Ranged|1|4|9|-2|D3
3850|Cultist Mob with Firearms||1||Autopistol|pistol|12|Ranged|1|4|3|0|1
3850|Cultist Mob with Firearms||1||Autogun|rapid fire 1|24|Ranged|1|4|3|0|1
3850|Cultist Mob with Firearms||1||Grenade launcher – frag|blast|24|Ranged|D3|4|4|0|1
3850|Cultist Mob with Firearms||1||Brutal assault weapon||Melee|Melee|2|4|3|0|1
3850|Cultist Mob with Firearms||1||Close combat weapon||Melee|Melee|1|4|3|0|1
3851|MUTANT||1||Blasphemous appendages||Melee|Melee|2|4|4|0|1
3851|MUTANT||1||Hideous mutations||Melee|Melee|D6+2|4|5|-1|2
3852|Fellgor Beastmen||1||Chainsword||Melee|Melee|3|4|4|0|1
3852|Fellgor Beastmen||1||Bolt pistol|pistol|12|Ranged|1|4|4|0|1
3852|Fellgor Beastmen||1||Corrupted stave|devastating wounds, psychic|Melee|Melee|2|4|4|-1|D3
3852|Fellgor Beastmen||1||Corrupted stave|devastating wounds, psychic|18|Ranged|D3|4|5|-1|1
3852|Fellgor Beastmen||1||Plasma pistol – standard|pistol|12|Ranged|1|4|7|-2|1
3852|Fellgor Beastmen||2||Plasma pistol – supercharge|hazardous, pistol|12|Ranged|1|4|8|-3|2
3852|Fellgor Beastmen||1||Autopistol|pistol|12|Ranged|1|4|3|0|1
3852|Fellgor Beastmen||1||Great weapon||Melee|Melee|2|5|8|-1|2
3852|Fellgor Beastmen||1||Close combat weapon||Melee|Melee|2|4|4|0|1
3853|Traitor Guardsmen Squad||1||Power weapon||Melee|Melee|2|4|4|-2|1
3853|Traitor Guardsmen Squad||1||Corrupted pistol|pistol|12|Ranged|1|4|4|-1|1
3853|Traitor Guardsmen Squad||1||Lasgun|rapid fire 1|24|Ranged|1|4|3|0|1
3853|Traitor Guardsmen Squad||1||Chainsword||Melee|Melee|3|4|3|0|1
3853|Traitor Guardsmen Squad||1||Close combat weapon||Melee|Melee|1|4|3|0|1
3853|Traitor Guardsmen Squad||1||Flamer|ignores cover, torrent|12|Ranged|D6|N/A|4|0|1
3853|Traitor Guardsmen Squad||1||Boltgun|rapid fire 1|24|Ranged|1|4|4|0|1
3853|Traitor Guardsmen Squad||1||Plasma gun – standard|rapid fire 1|24|Ranged|1|4|7|-2|1
3853|Traitor Guardsmen Squad||2||Plasma gun – supercharge|hazardous, rapid fire 1|24|Ranged|1|4|8|-3|2
3853|Traitor Guardsmen Squad||1||Meltagun|melta 2|12|Ranged|1|4|9|-4|D6
3853|Traitor Guardsmen Squad||1||Cultist sniper rifle|heavy, precision|36|Ranged|1|4|4|-2|2
3853|Traitor Guardsmen Squad||1||Cultist grenade launcher – krak||24|Ranged|1|4|9|-2|D3
3853|Traitor Guardsmen Squad||2||Cultist grenade launcher – frag|blast|24|Ranged|D3|4|4|0|1
3854|NIGHTMARE HULK||1||Belly-flamer|ignores cover, torrent|12|Ranged|D6|N/A|5|0|1
3854|NIGHTMARE HULK||1||Brutal weapons||Melee|Melee|2|4|4|0|1
3854|NIGHTMARE HULK||1||Hideous mutations||Melee|Melee|4|4|6|-1|2
3855|Mutoid Vermin||1||Diseased claws and fangs|lethal hits|Melee|Melee|2|4|2|0|1
3856|Negavolt Cultists||1||Electro-goads|sustained hits 2|Melee|Melee|3|3|4|0|1
3857|Renegade Heavy Weapons Squad||1||Missile launcher – frag|blast, heavy|48|Ranged|D6|5|4|0|1
3857|Renegade Heavy Weapons Squad||1||Lascannon|heavy|48|Ranged|1|5|12|-3|D6+1
3857|Renegade Heavy Weapons Squad||1||Heavy stubber|heavy, rapid fire 3|36|Ranged|4|5|4|0|1
3857|Renegade Heavy Weapons Squad||1||Heavy bolter|heavy, sustained hits 1|36|Ranged|3|5|5|-1|2
3857|Renegade Heavy Weapons Squad||1||Renegade firearm|rapid fire 1|24|Ranged|1|4|3|0|1
3857|Renegade Heavy Weapons Squad||1||Mortar|blast, heavy, indirect fire|48|Ranged|D6|5|5|0|1
3857|Renegade Heavy Weapons Squad||1||Missile launcher – krak|heavy|48|Ranged|1|5|9|-2|D6
3857|Renegade Heavy Weapons Squad||1||Autocannon|heavy|48|Ranged|2|5|9|-1|3
3857|Renegade Heavy Weapons Squad||1||Close combat weapons||Melee|Melee|2|4|3|0|1
3858|OGRYN PACK MASTER||1||Mauler goad and ripper claw||Melee|Melee|4|3|6|-1|2
3858|OGRYN PACK MASTER||1||Befouled claws and fangs||Melee|Melee|2|3|5|0|1
3859|Renegade Ogryn Brutes||1||Ogryn power drill||Melee|Melee|3|3|10|-2|2
3859|Renegade Ogryn Brutes||1||Ogryn weapon||Melee|Melee|3|3|6|-1|2
3860|Renegade Plague Ogryns||1||Ogryn plague claws|lethal hits|Melee|Melee|3|3|6|-1|2
3861|Breaka Boy|1|1||Rokkit Pistol|CLOSE-QUARTERS|12|Ranged|1|5|10|-2|3
3861|Breaka Boy|2|1||Smash Hammer - Standard||Melee|Melee|3|3|7|-2|2
3861|Breaka Boy|3|2||Smash Hammer - Hunter||Melee|Melee|3|3|12|-2|3
3861|Breaka Boy|4|1||Choppa||Melee|Melee|4|3|5|-1|1
3861|Breaka Boy|5|1||Knucklebustas|ANTI-MONSTER/VEHICLE 4+|Melee|Melee|4|3|5|-2|2
3861|Breaka Boy|6|1||Tankhammer|Devastating Wounds, Hazardous|Melee|Melee|3|4|12|-2|3
3871|Watch Master|1|1||Vigil spear||24|Ranged|2|2|4|-1|2
3871|Watch Master|2|1||Vigil spear|lance|Melee|Melee|6|2|6|-2|D3
3872|Watch Captain Artemis|1|1||Hellfire Extremis|anti-infantry 4+, devastating wounds, ignores cover, torrent|12|Ranged|D6|N/A|4|-1|1
3872|Watch Captain Artemis|2|1||Master-crafted power weapon||Melee|Melee|6|2|5|-2|2
3873|Deathwatch Terminator Squad|1|1||Assault cannon|devastating wounds|24|Ranged|6|3|6|0|1
3873|Deathwatch Terminator Squad|2|1||Cyclone missile launcher – frag|blast|36|Ranged|2D6|3|4|0|1
3873|Deathwatch Terminator Squad|3|2||Cyclone missile launcher – krak||36|Ranged|2|3|9|-2|D6
3873|Deathwatch Terminator Squad|4|1||Heavy flamer|ignores cover, torrent|12|Ranged|D6|N/A|5|-1|1
3873|Deathwatch Terminator Squad|5|1||Plasma cannon – standard|blast|36|Ranged|D3|3|7|-2|1
3873|Deathwatch Terminator Squad|6|2||Plasma cannon – supercharge|blast, hazardous|36|Ranged|D3|3|8|-3|2
3873|Deathwatch Terminator Squad|7|1||Storm bolter|rapid fire 2|24|Ranged|2|3|4|0|1
3873|Deathwatch Terminator Squad|8|1||Chainfist|anti-vehicle 3+|Melee|Melee|3|4|8|-2|2
3873|Deathwatch Terminator Squad|9|1||Power fist||Melee|Melee|3|3|8|-2|2
3873|Deathwatch Terminator Squad|10|1||Power weapon||Melee|Melee|4|3|5|-2|1
3873|Deathwatch Terminator Squad|11|1||Thunder hammer|devastating wounds|Melee|Melee|3|4|8|-2|2
3873|Deathwatch Terminator Squad|12|1||Twin lightning claws|twin-linked|Melee|Melee|5|3|5|-2|1
3874|KILL TEAM SERGEANT WITH JUMP PACK AND KILL TEAM INTERCESSORS WITH JUMP PACKS|1|1||Assault bolters|assault, pistol, sustained hits 2, twin-linked|18|Ranged|3|3|5|-1|2
3874|KILL TEAM SERGEANT WITH JUMP PACK AND KILL TEAM INTERCESSORS WITH JUMP PACKS|2|1||Hand flamer|ignores cover, pistol, torrent|12|Ranged|D6|N/A|3|0|1
3874|KILL TEAM SERGEANT WITH JUMP PACK AND KILL TEAM INTERCESSORS WITH JUMP PACKS|3|1||Heavy bolt pistol|pistol|18|Ranged|1|3|4|-1|1
3874|KILL TEAM SERGEANT WITH JUMP PACK AND KILL TEAM INTERCESSORS WITH JUMP PACKS|4|1||Plasma exterminators – standard|assault, pistol, twin-linked|18|Ranged|2|3|7|-2|2
3874|KILL TEAM SERGEANT WITH JUMP PACK AND KILL TEAM INTERCESSORS WITH JUMP PACKS|5|2||Plasma exterminators – supercharge|assault, hazardous, pistol, twin-linked|18|Ranged|2|3|8|-3|3
3874|KILL TEAM SERGEANT WITH JUMP PACK AND KILL TEAM INTERCESSORS WITH JUMP PACKS|6|1||Plasma pistol - standard|PISTOL|12|Ranged|1|3|7|-2|1
3874|KILL TEAM SERGEANT WITH JUMP PACK AND KILL TEAM INTERCESSORS WITH JUMP PACKS|6|2||Plasma pistol - supercharge|HAZARDOUS, PISTOL|12|Ranged|1|3|8|-3|2
3874|KILL TEAM SERGEANT WITH JUMP PACK AND KILL TEAM INTERCESSORS WITH JUMP PACKS|7|1||Astartes chainsword||Melee|Melee|4|3|4|-1|1
3874|KILL TEAM SERGEANT WITH JUMP PACK AND KILL TEAM INTERCESSORS WITH JUMP PACKS|8|1||Close combat weapon||Melee|Melee|3|3|4|0|1
3874|KILL TEAM SERGEANT WITH JUMP PACK AND KILL TEAM INTERCESSORS WITH JUMP PACKS|9|1||Power fist||Melee|Melee|3|3|8|-2|2
3874|KILL TEAM SERGEANT WITH JUMP PACK AND KILL TEAM INTERCESSORS WITH JUMP PACKS|10|1||Power weapon||Melee|Melee|4|3|5|-2|1
3875|KILL TEAM VETERAN||1||Psychic Cleanse|psychic|24|Ranged|D6|3|5|-1|D3
3875|KILL TEAM VETERAN||1||Artificer crozius||Melee|Melee|5|2|6|-1|2
3875|KILL TEAM VETERAN||1||Close combat weapon||Melee|Melee|3|3|5|-2|1
3875|KILL TEAM VETERAN||1||Force weapon|psychic|Melee|Melee|5|2|5|-3|D3
3875|KILL TEAM VETERAN||1||Long Vigil melee weapon||Melee|Melee|3|3|5|-2|1
3875|KILL TEAM VETERAN||1||Twin lightning claws|twin-linked|Melee|Melee|4|3|5|-2|1
3875|KILL TEAM VETERAN||1||Frag cannon|blast, heavy, rapid fire d3|18|Ranged|D3|4|7|-1|2
3875|KILL TEAM VETERAN||1||Bolt pistol|pistol|12|Ranged|1|3|4|0|1
3875|KILL TEAM VETERAN||1||Boltgun||24|Ranged|2|3|4|0|1
3875|KILL TEAM VETERAN||1||Deathwatch twin boltgun|TWIN-LINKED|24|Ranged|2|3|4|0|1
3875|KILL TEAM VETERAN||1||Power fist||Melee|Melee|3|3|8|-2|2
3875|KILL TEAM VETERAN||1||Long Vigil ranged weapon|anti-infantry 4+, devastating wounds, rapid fire 1|24|Ranged|1|4|4|0|1
3875|KILL TEAM VETERAN||1||Heavy flamer|ignores cover, torrent|12|Ranged|D6|N/A|5|-1|1
3876|Legionaries|1|1||Bolt pistol|pistol|12|Ranged|1|3|4|0|1
3876|Legionaries|2|1||Boltgun||24|Ranged|2|3|4|0|1
3876|Legionaries|3|1||Flamer|ignores cover, torrent|12|Ranged|D6|N/A|4|0|1
3876|Legionaries|4|1||Heavy bolter|HEAVY, SUSTAINED HITS 1|36|Ranged|3|4|5|-1|2
3876|Legionaries|5|1||Meltagun|melta 2|12|Ranged|1|3|9|-4|D6
3876|Legionaries|6|1||Missile launcher – frag|BLAST, HEAVY|48|Ranged|D6|4|4|0|1
3876|Legionaries|7|2||Missile launcher – krak|HEAVY|48|Ranged|1|4|9|-2|D6
3876|Legionaries|8|1||Plasma gun – standard|RAPID FIRE 1|24|Ranged|1|3|7|-2|1
3876|Legionaries|9|2||Plasma gun – supercharge|HAZARDOUS, RAPID FIRE 1|24|Ranged|1|3|8|-3|2
3876|Legionaries|10|1||Plasma pistol – standard|pistol|12|Ranged|1|3|7|-2|1
3876|Legionaries|11|2||Plasma pistol – supercharge|hazardous, pistol|12|Ranged|1|3|8|-3|2
3876|Legionaries|12|1||Accursed weapon||Melee|Melee|4|3|5|-2|1
3876|Legionaries|13|1||Astartes chainsword||Melee|Melee|4|3|4|-1|1
3876|Legionaries|14|1||Close combat weapon||Melee|Melee|3|3|4|0|1
3876|Legionaries|15|1||Nostraman chainblade|sustained hits 1|Melee|Melee|5|3|4|-1|1
3876|Legionaries|16|1||Nostraman chainglaive|sustained hits 1|Melee|Melee|4|3|8|-2|1
3876|Legionaries|17|1||Paired accursed weapons|twin-linked|Melee|Melee|4|3|5|-2|1
3876|Legionaries|18|1||Power fist||Melee|Melee|3|3|8|-2|2
3877|Deathleaper||1||Lictor claws and talons|precision|Melee|Melee|6|2|7|-2|2
3878|Parasite Of Mortrex||1||Clawed limbs||Melee|Melee|6|2|5|-1|1
3878|Parasite Of Mortrex||1||Barbed ovipositor|anti-infantry 3+, extra attacks|Melee|Melee|1|2|3|-2|3
3879|Winged Hive Tyrant||1||Heavy venom cannon|blast|36|Ranged|D3|2|9|-2|3
3879|Winged Hive Tyrant||1||Stranglethorn cannon|blast|36|Ranged|D6+1|2|7|-1|2
3879|Winged Hive Tyrant||1||Monstrous bonesword and lash whip|twin-linked|Melee|Melee|6|2|9|-2|3
3879|Winged Hive Tyrant||1||Monstrous scything talons|extra attacks|Melee|Melee|4|2|7|-2|2
3879|Winged Hive Tyrant||1||Tyrant talons||Melee|Melee|5|2|7|-2|2
3880|Winged Tyranid Prime||1||Prime talons||Melee|Melee|6|2|6|-1|2
3881|Gargoyles||1||Fleshborer|assault|18|Ranged|1|4|5|0|1
3881|Gargoyles||1||Blinding venom||Melee|Melee|1|4|3|0|1
3882|Tyrannocyte||1||Flensing whips||Melee|Melee|6|4|7|-1|2
3882|Tyrannocyte||1||Tyrannocyte bio-weapons||24|Ranged|5|4|5|-1|2
3883|Lictor||1||Lictor claws and talons|precision|Melee|Melee|6|2|7|-2|2
3884|Mawloc||1||Mawloc scything talons||Melee|Melee|16|3|8|-2|1
3884|Mawloc||1||Distensible jaw|anti-infantry 4+, devastating wounds, extra attacks|Melee|Melee|1|3|5|0|3
3885|Neurolictor||1||Piercing claws and talons|precision|Melee|Melee|6|2|6|-2|1
3886|Raveners||1||Ravener claws and talons|twin-linked|Melee|Melee|3|3|5|-2|2
3887|Trygon||1||Trygon scything talons||Melee|Melee|12|3|9|-2|3
3887|Trygon||1||Bio-electric pulse|sustained hits 2|12|Ranged|6|3|5|0|1
3888|Von Ryan’s Leapers||1||Leaper’s talons||Melee|Melee|6|3|5|-1|1
3889|LORD COMMISSAR|1|1||Boltgun|rapid fire 1|24|Ranged|1|4|4|0|1
3889|LORD COMMISSAR|2|1||Bolt pistol|pistol|12|Ranged|1|4|4|0|1
3889|LORD COMMISSAR|3|1||Flamer|ignores cover, torrent|12|Ranged|D6|N/A|4|0|1
3889|LORD COMMISSAR|4|1||Grenade launcher – frag|blast|24|Ranged|D3|4|4|0|1
3889|LORD COMMISSAR|5|2||Grenade launcher – krak||24|Ranged|1|4|9|-2|D3
3889|LORD COMMISSAR|6|1||Lasgun|rapid fire 1|24|Ranged|1|4|3|0|1
3889|LORD COMMISSAR|7|1||Laspistol|pistol|12|Ranged|1|4|3|0|1
3889|LORD COMMISSAR|8|1||Meltagun|melta 2|12|Ranged|1|4|9|-4|D6
3889|LORD COMMISSAR|9|1||Plasma gun – standard|rapid fire 1|24|Ranged|1|4|7|-2|1
3889|LORD COMMISSAR|10|2||Plasma gun – supercharge|hazardous, rapid fire 1|24|Ranged|1|4|8|-3|2
3889|LORD COMMISSAR|11|1||Plasma pistol – standard|pistol|12|Ranged|1|4|7|-2|1
3889|LORD COMMISSAR|11|2||Plasma pistol – supercharge|hazardous, pistol|12|Ranged|1|4|8|-3|2
3889|LORD COMMISSAR|12|1||Chainsword||Melee|Melee|4|4|3|0|1
3889|LORD COMMISSAR|13|1||Close combat weapon||Melee|Melee|2|4|3|0|1
3889|LORD COMMISSAR|14|1||Power fist||Melee|Melee|3|4|6|-2|2
3889|LORD COMMISSAR|15|1||Power weapon||Melee|Melee|3|4|4|-2|1
3889|LORD COMMISSAR|16|1||Trench club||Melee|Melee|3|4|4|0|1
3890|Lord Marshal Dreir|1|1||Laspistol|pistol|12|Ranged|1|3|3|0|1
3890|Lord Marshal Dreir|2|1||Sabre of Sacrifice|anti-infantry 4+|Melee|Melee|6|2|6|-2|1
3890|Lord Marshal Dreir|3|1||Savage claws|extra attacks|Melee|Melee|2|4|4|-1|1
3891|CATACHAN COMMANDER|1|1||Bolt pistol|PISTOL|12|Ranged|1|4|4|0|1
3891|CATACHAN COMMANDER|2|1||Boltgun|rapid fire 1|24|Ranged|1|4|4|0|1
3891|CATACHAN COMMANDER|3|1||Flamer|ignores cover, torrent|12|Ranged|D6|N/A|4|0|1
3891|CATACHAN COMMANDER|4|1||Grenade launcher – frag|blast|24|Ranged|D3|4|4|0|1
3891|CATACHAN COMMANDER|5|2||Grenade launcher – krak||24|Ranged|1|4|9|-2|D3
3891|CATACHAN COMMANDER|6|1||Heavy flamer|ignores cover, torrent|12|Ranged|D6|N/A|5|-1|1
3891|CATACHAN COMMANDER|7|1||Lasgun|rapid fire 1|24|Ranged|1|4|3|0|1
3891|CATACHAN COMMANDER|8|1||Laspistol|pistol|12|Ranged|1|4|3|0|1
3891|CATACHAN COMMANDER|9|1||Meltagun|melta 2|12|Ranged|1|4|9|-4|D6
3891|CATACHAN COMMANDER|10|1||Plasma gun – standard|rapid fire 1|24|Ranged|1|4|7|-2|1
3891|CATACHAN COMMANDER|11|2||Plasma gun – supercharge|hazardous, rapid fire 1|24|Ranged|1|4|8|-3|2
3891|CATACHAN COMMANDER|12|1||Plasma pistol – standard|pistol|12|Ranged|1|4|7|-2|1
3891|CATACHAN COMMANDER|12|2||Plasma pistol – supercharge|hazardous, pistol|12|Ranged|1|4|8|-3|2
3891|CATACHAN COMMANDER|13|1||Sniper rifle|heavy, precision|36|Ranged|1|4|4|-2|2
3891|CATACHAN COMMANDER|14|1||Chainsword||Melee|Melee|4|4|3|0|1
3891|CATACHAN COMMANDER|15|1||Close combat weapon||Melee|Melee|2|4|3|0|1
3891|CATACHAN COMMANDER|16|1||Power fist||Melee|Melee|3|4|6|-2|2
3891|CATACHAN COMMANDER|17|1||Power weapon||Melee|Melee|3|4|4|-2|1
3892|Rogal Dorn Tank Commander|1|1||Castigator gatling cannon||24|Ranged|12|4|5|0|1
3892|Rogal Dorn Tank Commander|2|1||Coaxial autocannon||48|Ranged|2|4|9|-1|3
3892|Rogal Dorn Tank Commander|3|1||Heavy bolter|sustained hits 1|36|Ranged|3|4|5|-1|2
3892|Rogal Dorn Tank Commander|4|1||Heavy stubber|rapid fire 3|36|Ranged|3|4|4|0|1
3892|Rogal Dorn Tank Commander|6|1||Multi-melta|melta 2|18|Ranged|2|4|9|-4|D6
3892|Rogal Dorn Tank Commander|7|1||Oppressor cannon|blast|72|Ranged|D6+3|4|12|-2|3
3892|Rogal Dorn Tank Commander|8|1||Pulveriser cannon|blast|24|Ranged|D6|4|9|-3|3
3892|Rogal Dorn Tank Commander|9|1||Twin battle cannon|blast, twin-linked|48|Ranged|D6+3|4|10|-1|3
3892|Rogal Dorn Tank Commander|10|1||Armoured tracks||Melee|Melee|6|4|7|0|1
3893|Krieg Combat Engineers|1|1||Autopistol|pistol|12|Ranged|1|4|3|0|1
3893|Krieg Combat Engineers|2|1||Bolt pistol|PISTOL|12|Ranged|1|4|4|0|1
3893|Krieg Combat Engineers|3|1||Combat shotgun|assault|12|Ranged|2|4|4|0|1
3893|Krieg Combat Engineers|4|1||Flamer|ignores cover, torrent|12|Ranged|D6|N/A|4|0|1
3893|Krieg Combat Engineers|5|1||Hand flamer|ignores cover, pistol, torrent|12|Ranged|D6|N/A|3|0|1
3893|Krieg Combat Engineers|6|1||Plasma pistol – standard|pistol|12|Ranged|1|4|7|-2|1
3893|Krieg Combat Engineers|6|2||Plasma pistol – supercharge|hazardous, pistol|12|Ranged|1|4|8|-3|2
3893|Krieg Combat Engineers|7|1||Chainsword||Melee|Melee|4|4|3|0|1
3893|Krieg Combat Engineers|8|1||Close combat weapon||Melee|Melee|2|4|3|0|1
3893|Krieg Combat Engineers|9|1||Power weapon||Melee|Melee|3|4|4|-2|1
3893|Krieg Combat Engineers|10|1||Trench club||Melee|Melee|2|4|4|0|1
3894|Catachan Heavy Weapons Squad|1|1||Autocannon|heavy|48|Ranged|2|5|9|-1|3
3894|Catachan Heavy Weapons Squad|2|1||Heavy bolter|heavy, sustained hits 1|36|Ranged|3|5|5|-1|2
3894|Catachan Heavy Weapons Squad|3|1||Lasgun|rapid fire 1|24|Ranged|1|4|3|0|1
3894|Catachan Heavy Weapons Squad|4|1||Lascannon|heavy|48|Ranged|1|5|12|-3|D6+1
3894|Catachan Heavy Weapons Squad|5|1||Missile launcher – frag|blast, heavy|48|Ranged|D6|5|4|0|1
3894|Catachan Heavy Weapons Squad|6|2||Missile launcher – krak|heavy|48|Ranged|1|5|9|-2|D6
3894|Catachan Heavy Weapons Squad|7|1||Mortar|blast, heavy, indirect fire|48|Ranged|D6|5|5|0|1
3894|Catachan Heavy Weapons Squad|8|1||Weapons team close combat weapons||Melee|Melee|2|4|3|0|1
3895|HEAVY WEAPONS GUNNER|1|1||Krieg heavy flamer|ignores cover, torrent|18|Ranged|D6|N/A|5|-1|2
3895|HEAVY WEAPONS GUNNER|2|1||Lascannon|heavy|48|Ranged|1|5|12|-3|D6+1
3895|HEAVY WEAPONS GUNNER|3|1||Laspistol|pistol|12|Ranged|1|4|3|0|1
3895|HEAVY WEAPONS GUNNER|4|1||Twin Krieg heavy stubber|heavy, rapid fire 3, twin-linked|48|Ranged|3|5|6|-1|1
3895|HEAVY WEAPONS GUNNER|5|1||Close combat weapon||Melee|Melee|1|4|3|0|1
3896|Artillery Team|1|1||Heavy mortar|blast, heavy, indirect fire|48|Ranged|D6+3|5|8|-1|2
3896|Artillery Team|2|1||Heavy quad launcher|blast, heavy, indirect fire, twin-linked|48|Ranged|2D6|5|5|0|1
3896|Artillery Team|3|1||Lasgun|rapid fire 1|24|Ranged|1|4|3|0|1
3896|Artillery Team|4|1||Multiple rocket launcher|anti-infantry 3+, blast, heavy, indirect fire|48|Ranged|D6+3|5|2|-1|1
3896|Artillery Team|5|1||Siege cannon|blast, heavy, indirect fire|48|Ranged|D6|5|12|-2|3
3896|Artillery Team|6|1||Crew close combat weapons||Melee|Melee|3|4|3|0|1
3897|Artillery Team|1|1||Bombast field gun|blast, heavy, indirect fire|48|Ranged|D6|5|7|-1|2
3897|Artillery Team|2|1||Heavy lascannon|heavy|48|Ranged|2|5|14|-3|D6+1
3897|Artillery Team|3|1||Lasgun|rapid fire 1|24|Ranged|1|4|3|0|1
3897|Artillery Team|4|1||Laspistol|pistol|12|Ranged|1|4|3|0|1
3897|Artillery Team|5|1||Malleus rocket launcher|blast, heavy|48|Ranged|D6+6|5|6|-1|1
3897|Artillery Team|6|1||Battery close combat weapons||Melee|Melee|3|4|3|0|1
3898|Death Riders|1|1||Death Rider lascarbine|assault|18|Ranged|2|4|3|0|1
3898|Death Riders|2|1||Frag lance|lance|Melee|Melee|D6|3|4|0|1
3898|Death Riders|3|1||Power sabre||Melee|Melee|3|3|4|-2|1
3898|Death Riders|4|1||Steed's savage claws|extra attacks|Melee|Melee|2|4|4|-1|1
3909|Lhykhis|1|1||Brood Twain|ignores cover, torrent, twin-linked|12|Ranged|D6+3|N/A|6|-2|1
3909|Lhykhis|2|1||Spider’s Fangs|extra attacks, lethal hits|Melee|Melee|5|2|4|-2|1
3909|Lhykhis|3|1||Weaverender|lethal hits|Melee|Melee|5|2|6|-2|2
3910|D-cannon Platform|1|1||D-cannon|blast, devastating wounds, indirect fire|24|Ranged|D3|3|16|-4|D6+2
3910|D-cannon Platform|2|1||Shuriken catapult|assault|18|Ranged|2|3|4|-1|1
3910|D-cannon Platform|3|1||Close combat weapon||Melee|Melee|2|3|3|0|1
3911|Shadow Weaver Platform|1|1||Shadow weaver|blast, indirect fire|48|Ranged|D6+2|3|6|-1|1
3911|Shadow Weaver Platform|2|1||Shuriken catapult|assault|18|Ranged|2|3|4|-1|1
3911|Shadow Weaver Platform|3|1||Close combat weapon||Melee|Melee|2|3|3|0|1
3912|Vibro Cannon Platform|1|1||Shuriken catapult|assault|18|Ranged|2|3|4|-1|1
3912|Vibro Cannon Platform|2|1||Vibro cannon||48|Ranged|D6|3|9|-1|2
3912|Vibro Cannon Platform|3|1||Close combat weapon||Melee|Melee|2|3|3|0|1
3913|Wraithknight|1|1||Heavy wraithcannon|devastating wounds|36|Ranged|D3|3|20|-4|2D6
3913|Wraithknight|2|1||Scatter laser|sustained hits 1|36|Ranged|6|3|5|0|1
3913|Wraithknight|3|1||Shuriken cannon|lethal hits|24|Ranged|3|3|6|-1|2
3913|Wraithknight|4|1||Starcannon||36|Ranged|2|3|8|-3|2
3913|Wraithknight|5|1||Titanic ghostglaive – strike||Melee|Melee|5|3|16|-3|6
3913|Wraithknight|6|2||Titanic ghostglaive – sweep||Melee|Melee|15|3|8|-2|2
3914|Ynnari Archon|1|1||Blast pistol|pistol|6|Ranged|1|2|8|-3|D3
3914|Ynnari Archon|2|1||Splinter pistol|anti-infantry 3+, assault, pistol|12|Ranged|1|2|2|0|1
3914|Ynnari Archon|3|1||Huskblade|anti-infantry 3+|Melee|Melee|5|2|3|-2|2
3915|Ynnari Succubus|1|1||Blast pistol|pistol|6|Ranged|1|2|8|-3|D3
3915|Ynnari Succubus|2|1||Splinter pistol|anti-infantry 3+, assault, pistol|12|Ranged|1|2|2|0|1
3915|Ynnari Succubus|3|1||Succubus weapons|anti-infantry 3+|Melee|Melee|6|2|3|-2|1
3916|Ynnari Kabalite Warriors|1|1||Blast pistol|pistol|6|Ranged|1|3|8|-3|D3
3916|Ynnari Kabalite Warriors|2|1||Blaster|assault|18|Ranged|1|3|8|-4|D6+1
3916|Ynnari Kabalite Warriors|3|1||Dark lance|heavy|36|Ranged|1|4|12|-3|D6+2
3916|Ynnari Kabalite Warriors|4|1||Shredder|assault, torrent|18|Ranged|D6|N/A|6|0|1
3916|Ynnari Kabalite Warriors|5|1||Splinter cannon|anti-infantry 3+, heavy, sustained hits 1|36|Ranged|3|4|3|-1|2
3916|Ynnari Kabalite Warriors|6|1||Splinter pistol|anti-infantry 3+, assault, pistol|12|Ranged|1|3|2|0|1
3916|Ynnari Kabalite Warriors|7|1||Splinter rifle|anti-infantry 3+, assault|24|Ranged|2|3|2|0|1
3916|Ynnari Kabalite Warriors|8|1||Close combat weapon||Melee|Melee|2|3|3|0|1
3916|Ynnari Kabalite Warriors|9|1||Sybarite weapon|anti-infantry 3+|Melee|Melee|3|3|3|-1|1
3917|Ynnari Wyches|1|1||Blast pistol|pistol|6|Ranged|1|3|8|-4|D3
3917|Ynnari Wyches|2|1||Splinter pistol|anti-infantry 3+, assault, pistol|12|Ranged|1|3|2|0|1
3917|Ynnari Wyches|3|1||Hekatarii blade||Melee|Melee|3|3|3|-1|1
3918|INCUBI|1|1||Demiklaives – single blade||Melee|Melee|3|3|4|-2|2
3918|INCUBI|2|2||Demiklaives – dual blades|twin-linked|Melee|Melee|6|3|4|-1|1
3918|INCUBI|3|1||Klaive||Melee|Melee|3|3|4|-2|2
3919|Ynnari Reavers|1|1||Blaster|assault|18|Ranged|1|3|8|-4|D6+1
3919|Ynnari Reavers|2|1||Heat lance|assault, melta 3|18|Ranged|1|3|14|-4|D6
3919|Ynnari Reavers|3|1||Splinter pistol|anti-infantry 3+, assault, pistol|12|Ranged|1|3|2|0|1
3919|Ynnari Reavers|4|1||Splinter rifle|anti-infantry 3+, assault|24|Ranged|2|3|2|0|1
3919|Ynnari Reavers|5|1||Agoniser|anti-infantry 3+|Melee|Melee|4|3|3|-1|1
3919|Ynnari Reavers|6|1||Bladevanes||Melee|Melee|3|3|4|0|1
3920|Ynnari Raider|1|1||Dark lance||36|Ranged|1|3|12|-3|D6+2
3920|Ynnari Raider|2|1||Disintegrator cannon||36|Ranged|3|3|5|-2|2
3920|Ynnari Raider|3|1||Bladevanes||Melee|Melee|3|4|6|0|1
3921|Venom|1|1||Splinter cannon|anti-infantry 3+, sustained hits 1|36|Ranged|3|3|3|-1|2
3921|Venom|2|1||Twin splinter rifle|anti-infantry 3+, assault, rapid fire 1, twin-linked|24|Ranged|2|3|2|0|1
3921|Venom|3|1||Bladevanes||Melee|Melee|3|4|5|0|1
3922|MINKA LESK|1|1||Bolt pistol|pistol|12|Ranged|1|3|4|0|1
3922|MINKA LESK|2|1||Demolitions|blast, one shot|6|Ranged|D6|4|9|-2|2
3922|MINKA LESK|3|1||Hot-shot laspistol|pistol|12|Ranged|1|3|3|-1|1
3922|MINKA LESK|4|1||Meltagun|melta 2|12|Ranged|1|3|9|-4|D6
3922|MINKA LESK|5|1||Close combat weapon||Melee|Melee|2|4|3|0|1
3922|MINKA LESK|6|1||Dirk|precision|Melee|Melee|3|3|3|-1|1
3922|MINKA LESK|7|1||Power weapon||Melee|Melee|4|3|4|-2|1
3937|Ratlings|1|1||Sniper rifle|heavy, precision|36|Ranged|1|3|4|-2|2
3937|Ratlings|2|1||Close combat weapons||Melee|Melee|2|5|2|0|1
3938|Cadian Castellan||1||Boltgun|rapid fire 1|24|Ranged|1|3|4|0|1
3938|Cadian Castellan||1||Laspistol|pistol|12|Ranged|1|3|3|0|1
3938|Cadian Castellan||1||Power weapon||Melee|Melee|4|3|4|-2|1
3938|Cadian Castellan||1||Chainsword||Melee|Melee|5|3|3|0|1
3938|Cadian Castellan||1||Power fist||Melee|Melee|3|3|6|-2|2
3938|Cadian Castellan||1||Plasma pistol – supercharge|hazardous, pistol|12|Ranged|1|3|8|-3|2
3938|Cadian Castellan||2||Plasma pistol – standard|pistol|12|Ranged|1|3|7|-2|1
3938|Cadian Castellan||1||Bolt pistol|pistol|12|Ranged|1|3|4|0|1
3938|Cadian Castellan|7|1||Close combat weapon||Melee|Melee|3|4|3|0|1
3939|CADIAN COMMANDER||1||Meltagun|melta 2|12|Ranged|1|4|9|-4|D6
3939|CADIAN COMMANDER||1||Laspistol|pistol|12|Ranged|1|4|3|0|1
3939|CADIAN COMMANDER||1||Lasgun|rapid fire 1|24|Ranged|1|4|3|0|1
3939|CADIAN COMMANDER||1||Grenade launcher – frag|blast|24|Ranged|D3|4|4|0|1
3939|CADIAN COMMANDER||1||Close combat weapon||Melee|Melee|2|4|3|0|1
3939|CADIAN COMMANDER||1||Power weapon||Melee|Melee|3|4|4|-2|1
3939|CADIAN COMMANDER||1||Power fist||Melee|Melee|3|4|6|-2|2
3939|CADIAN COMMANDER||1||Grenade launcher – krak||24|Ranged|1|4|9|-2|D3
3939|CADIAN COMMANDER||1||Flamer|ignores cover, torrent|12|Ranged|D6|N/A|4|0|1
3939|CADIAN COMMANDER||1||Chainsword||Melee|Melee|4|4|3|0|1
3939|CADIAN COMMANDER||1||Plasma gun – supercharge|hazardous, rapid fire 1|24|Ranged|1|4|8|-3|2
3939|CADIAN COMMANDER||2||Plasma gun – standard|rapid fire 1|24|Ranged|1|4|7|-2|1
3939|CADIAN COMMANDER|1|1||Bolt pistol|pistol|12|Ranged|1|4|4|0|1
3939|CADIAN COMMANDER|10|1||Plasma pistol – standard|pistol|12|Ranged|1|4|7|-2|1
3939|CADIAN COMMANDER|10|2||Plasma pistol – supercharge|hazardous, pistol|12|Ranged|1|4|8|-3|2
3940|CATACHAN COMMANDER||1||Lasgun|rapid fire 1|24|Ranged|1|4|3|0|1
3940|CATACHAN COMMANDER||1||Heavy flamer|ignores cover, torrent|12|Ranged|D6|N/A|5|-1|1
3940|CATACHAN COMMANDER||1||Grenade launcher – krak||24|Ranged|1|4|9|-2|D3
3940|CATACHAN COMMANDER||2||Grenade launcher – frag|blast|24|Ranged|D3|4|4|0|1
3940|CATACHAN COMMANDER||1||Flamer|ignores cover, torrent|12|Ranged|D6|N/A|4|0|1
3940|CATACHAN COMMANDER||1||Power fist||Melee|Melee|3|4|6|-2|2
3940|CATACHAN COMMANDER||1||Close combat weapon||Melee|Melee|2|4|3|0|1
3940|CATACHAN COMMANDER||1||Power weapon||Melee|Melee|3|4|4|-2|1
3940|CATACHAN COMMANDER||1||Laspistol|pistol|12|Ranged|1|4|3|0|1
3940|CATACHAN COMMANDER||1||Chainsword||Melee|Melee|4|4|3|0|1
3940|CATACHAN COMMANDER||1||Plasma gun – supercharge|hazardous, rapid fire 1|24|Ranged|1|4|8|-3|2
3940|CATACHAN COMMANDER||2||Plasma gun – standard|rapid fire 1|24|Ranged|1|4|7|-2|1
3940|CATACHAN COMMANDER||1||Meltagun|melta 2|12|Ranged|1|4|9|-4|D6
3940|CATACHAN COMMANDER|1|1||Bolt pistol|PISTOL|12|Ranged|1|4|4|0|1
3940|CATACHAN COMMANDER|2|1||Boltgun|rapid fire 1|24|Ranged|1|4|4|0|1
3940|CATACHAN COMMANDER|12|1||Plasma pistol – standard|pistol|12|Ranged|1|4|7|-2|1
3940|CATACHAN COMMANDER|12|2||Plasma pistol – supercharge|hazardous, pistol|12|Ranged|1|4|8|-3|2
3940|CATACHAN COMMANDER|13|1||Sniper rifle|heavy, precision|36|Ranged|1|4|4|-2|2
3941|LORD COMMISSAR||1||Trench club||Melee|Melee|3|4|4|0|1
3941|LORD COMMISSAR||1||Grenade launcher – frag|blast|24|Ranged|D3|4|4|0|1
3941|LORD COMMISSAR||1||Lasgun|rapid fire 1|24|Ranged|1|4|3|0|1
3941|LORD COMMISSAR||1||Meltagun|melta 2|12|Ranged|1|4|9|-4|D6
3941|LORD COMMISSAR||1||Laspistol|pistol|12|Ranged|1|4|3|0|1
3941|LORD COMMISSAR||1||Power weapon||Melee|Melee|3|4|4|-2|1
3941|LORD COMMISSAR||1||Power fist||Melee|Melee|3|4|6|-2|2
3941|LORD COMMISSAR||1||Grenade launcher – krak||24|Ranged|1|4|9|-2|D3
3941|LORD COMMISSAR||1||Plasma gun – standard|rapid fire 1|24|Ranged|1|4|7|-2|1
3941|LORD COMMISSAR||1||Plasma gun – supercharge|hazardous, rapid fire 1|24|Ranged|1|4|8|-3|2
3941|LORD COMMISSAR||1||Chainsword||Melee|Melee|4|4|3|0|1
3941|LORD COMMISSAR||1||Close combat weapon||Melee|Melee|2|4|3|0|1
3941|LORD COMMISSAR||1||Flamer|ignores cover, torrent|12|Ranged|D6|N/A|4|0|1
3941|LORD COMMISSAR|1|1||Boltgun|rapid fire 1|24|Ranged|1|4|4|0|1
3941|LORD COMMISSAR|2|1||Bolt pistol|pistol|12|Ranged|1|4|4|0|1
3941|LORD COMMISSAR|11|1||Plasma pistol – standard|pistol|12|Ranged|1|4|7|-2|1
3941|LORD COMMISSAR|11|2||Plasma pistol – supercharge|hazardous, pistol|12|Ranged|1|4|8|-3|2
3942|Leman Russ Commander||1||Heavy flamer|ignores cover, torrent|12|Ranged|D6|N/A|5|-1|1
3942|Leman Russ Commander||1||Heavy bolter|sustained hits 1|36|Ranged|3|4|5|-1|2
3942|Leman Russ Commander||1||Armoured tracks||Melee|Melee|6|4|7|0|1
3942|Leman Russ Commander||1||Storm bolter|rapid fire 2|24|Ranged|2|4|4|0|1
3942|Leman Russ Commander||1||Multi-melta|melta 2|18|Ranged|2|4|9|-4|D6
3942|Leman Russ Commander||1||Leman Russ battle cannon|blast|48|Ranged|D6+3|4|10|-1|3
3942|Leman Russ Commander||1||Lascannon||48|Ranged|1|4|12|-3|D6+1
3942|Leman Russ Commander||1||Hunter-killer missile|one shot|48|Ranged|1|4|14|-3|D6
3942|Leman Russ Commander||1||Heavy stubber|rapid fire 3|36|Ranged|3|4|4|0|1
3942|Leman Russ Commander|1|1||Demolisher battle cannon|blast|24|Ranged|D6+1|4|14|-3|D6
3942|Leman Russ Commander|2|1||Eradicator nova cannon|blast, ignores cover|36|Ranged|D3+6|4|7|-1|2
3942|Leman Russ Commander|3|1||Executioner plasma cannon – standard|blast|36|Ranged|D6+3|4|7|-2|2
3942|Leman Russ Commander|3|2||Executioner plasma cannon – supercharge|blast, hazardous|36|Ranged|D6+3|4|8|-3|3
3942|Leman Russ Commander|4|1||Exterminator autocannon|rapid fire 4, twin-linked|48|Ranged|4|4|9|-1|3
3942|Leman Russ Commander|5|1||Punisher gatling cannon||24|Ranged|20|4|6|0|1
3942|Leman Russ Commander|15|1||Vanquisher battle cannon|heavy|72|Ranged|1|4|18|-4|D6+6
3943|Primaris Psyker||1||Force weapon|psychic|Melee|Melee|3|4|6|-1|D3
3943|Primaris Psyker||1||Psychic Maelstrom – witchfire|blast, devastating wounds, psychic|18|Ranged|D6|3|5|-2|1
3943|Primaris Psyker||2||Psychic Maelstrom – focused witchfire|blast, devastating wounds, hazardous, psychic|18|Ranged|D6+1|3|6|-2|2
3943|Primaris Psyker||1||Laspistol|pistol|12|Ranged|1|3|3|0|1
3944|Rogal Dorn Tank Commander||1||Heavy bolter|sustained hits 1|36|Ranged|3|4|5|-1|2
3944|Rogal Dorn Tank Commander||1||Heavy stubber|rapid fire 3|36|Ranged|3|4|4|0|1
3944|Rogal Dorn Tank Commander||1||Coaxial autocannon||48|Ranged|2|4|9|-1|3
3944|Rogal Dorn Tank Commander||1||Castigator gatling cannon||24|Ranged|12|4|5|0|1
3944|Rogal Dorn Tank Commander||1||Armoured tracks||Melee|Melee|6|4|7|0|1
3944|Rogal Dorn Tank Commander||1||Multi-melta|melta 2|18|Ranged|2|4|9|-4|D6
3944|Rogal Dorn Tank Commander||1||Twin battle cannon|blast, twin-linked|48|Ranged|D6+3|4|10|-1|3
3944|Rogal Dorn Tank Commander||1||Pulveriser cannon|blast|24|Ranged|D6|4|9|-3|3
3944|Rogal Dorn Tank Commander||1||Oppressor cannon|blast|72|Ranged|D6+3|4|12|-2|3
3945|Death Rider Commissar||1||Commissar’s pistol|pistol|12|Ranged|1|3|3|-1|1
3945|Death Rider Commissar||1||Savage claws|extra attacks|Melee|Melee|2|4|4|-1|1
3945|Death Rider Commissar||1||Commissar’s close combat weapon||Melee|Melee|3|3|4|-2|1
3946|QUARTERMASTER REVENANT||1||Quartermaster’s pistol|pistol|12|Ranged|1|3|3|-1|1
3946|QUARTERMASTER REVENANT||1||Quartermaster’s close combat weapon||Melee|Melee|2|3|4|-2|1
3946|QUARTERMASTER REVENANT||1||Medical scalpels||Melee|Melee|1|5|3|0|1
3947|MINKA LESK||1||Hot-shot laspistol|pistol|12|Ranged|1|3|3|-1|1
3947|MINKA LESK||1||Demolitions|blast, one shot|6|Ranged|D6|4|9|-2|2
3947|MINKA LESK||1||Bolt pistol|pistol|12|Ranged|1|3|4|0|1
3947|MINKA LESK||1||Power weapon||Melee|Melee|4|3|4|-2|1
3947|MINKA LESK||1||Dirk|precision|Melee|Melee|3|3|3|-1|1
3947|MINKA LESK||1||Close combat weapon||Melee|Melee|2|4|3|0|1
3947|MINKA LESK||1||Meltagun|melta 2|12|Ranged|1|3|9|-4|D6
3948|Cadian Shock Troops||1||Flamer|ignores cover, torrent|12|Ranged|D6|N/A|4|0|1
3948|Cadian Shock Troops||1||Grenade launcher – krak||24|Ranged|1|4|9|-2|D3
3948|Cadian Shock Troops||1||Lasgun|rapid fire 1|24|Ranged|1|4|3|0|1
3948|Cadian Shock Troops||1||Laspistol|pistol|12|Ranged|1|4|3|0|1
3948|Cadian Shock Troops||1||Meltagun|melta 2|12|Ranged|1|4|9|-4|D6
3948|Cadian Shock Troops||1||Plasma gun – standard|rapid fire 1|24|Ranged|1|4|7|-2|1
3948|Cadian Shock Troops||2||Plasma gun – supercharge|hazardous, rapid fire 1|24|Ranged|1|4|8|-3|2
3948|Cadian Shock Troops||1||Sergeant's autogun||24|Ranged|2|4|3|0|1
3948|Cadian Shock Troops||1||Chainsword||Melee|Melee|3|4|3|0|1
3948|Cadian Shock Troops||1||Close combat weapon||Melee|Melee|1|4|3|0|1
3948|Cadian Shock Troops||1||Bolt pistol|pistol|12|Ranged|1|4|4|0|1
3948|Cadian Shock Troops||1||Grenade launcher – frag|blast|24|Ranged|D3|4|4|0|1
3949|Catachan Jungle Fighters||1||Close combat weapon||Melee|Melee|1|4|3|0|1
3949|Catachan Jungle Fighters||1||Laspistol|pistol|12|Ranged|1|4|3|0|1
3949|Catachan Jungle Fighters||1||Flamer|ignores cover, torrent|12|Ranged|D6|N/A|4|0|1
3949|Catachan Jungle Fighters||1||Lasgun|rapid fire 1|24|Ranged|1|4|3|0|1
3950|Death Korps Of Krieg||1||Power weapon||Melee|Melee|2|4|4|-2|1
3950|Death Korps Of Krieg||1||Lasgun|rapid fire 1|24|Ranged|1|4|3|0|1
3950|Death Korps Of Krieg||1||Plasma gun – supercharge|hazardous, rapid fire 1|24|Ranged|1|4|8|-3|2
3950|Death Korps Of Krieg||1||Grenade launcher – krak||24|Ranged|1|4|9|-2|D3
3950|Death Korps Of Krieg||1||Chainsword||Melee|Melee|3|4|3|0|1
3950|Death Korps Of Krieg||1||Flamer|ignores cover, torrent|12|Ranged|D6|N/A|4|0|1
3950|Death Korps Of Krieg||1||Grenade launcher – frag|blast|24|Ranged|D3|4|4|0|1
3950|Death Korps Of Krieg||1||Close combat weapon||Melee|Melee|1|4|3|0|1
3950|Death Korps Of Krieg||1||Plasma gun – standard|rapid fire 1|24|Ranged|1|4|7|-2|1
3950|Death Korps Of Krieg||1||Meltagun|melta 2|12|Ranged|1|4|9|-4|D6
3950|Death Korps Of Krieg||1||Long-las|heavy, precision|36|Ranged|1|4|4|-2|2
3950|Death Korps Of Krieg||1||Laspistol|pistol|12|Ranged|1|4|3|0|1
3950|Death Korps Of Krieg|1|1||Bolt pistol|PISTOL|12|Ranged|1|4|4|0|1
3950|Death Korps Of Krieg|2|1||Boltgun|rapid fire 1|24|Ranged|1|4|4|0|1
3950|Death Korps Of Krieg|12|1||Plasma pistol – standard|pistol|12|Ranged|1|4|7|-2|1
3950|Death Korps Of Krieg|12|2||Plasma pistol – supercharge|hazardous, pistol|12|Ranged|1|4|8|-3|2
3951|Chimera||1||Heavy flamer|ignores cover, torrent|12|Ranged|D6|N/A|5|-1|1
3951|Chimera||1||Armoured tracks||Melee|Melee|3|4|6|0|1
3951|Chimera||1||Heavy bolter|sustained hits 1|36|Ranged|3|4|5|-1|2
3951|Chimera||1||Storm bolter|rapid fire 2|24|Ranged|2|4|4|0|1
3951|Chimera||1||Multi-laser||36|Ranged|4|4|6|0|1
3951|Chimera||1||Lasgun array|rapid fire 6|24|Ranged|6|4|3|0|1
3951|Chimera||1||Hunter-killer missile|one shot|48|Ranged|1|4|14|-3|D6
3951|Chimera||1||Heavy stubber|rapid fire 3|36|Ranged|3|4|4|0|1
3952|Taurox||1||Armoured tracks||Melee|Melee|3|4|6|0|1
3952|Taurox||1||Storm bolter|rapid fire 2|24|Ranged|2|4|4|0|1
3952|Taurox||1||Twin autocannon|twin-linked|48|Ranged|2|4|9|-1|3
3953|Taurox Prime||1||Armoured tracks||Melee|Melee|3|4|6|0|1
3953|Taurox Prime||1||Twin Taurox hot-shot volley gun|rapid fire 3, twin-linked|30|Ranged|3|3|4|-1|1
3953|Taurox Prime||1||Twin autocannon|twin-linked|48|Ranged|2|3|9|-1|3
3953|Taurox Prime||1||Taurox missile launcher – krak|twin-linked|48|Ranged|1|3|9|-2|D6
3953|Taurox Prime||2||Taurox missile launcher – frag|blast, twin-linked|48|Ranged|D6|3|4|0|1
3953|Taurox Prime||1||Taurox gatling cannon|devastating wounds, twin-linked|24|Ranged|8|3|4|0|1
3953|Taurox Prime||1||Taurox battle cannon|blast|48|Ranged|D6|3|8|-1|2
3953|Taurox Prime||1||Storm bolter|rapid fire 2|24|Ranged|2|3|4|0|1
3954|Storm Chimera||1||Hunter-killer missile|one shot|48|Ranged|1|4|14|-3|D6
3954|Storm Chimera||1||Heavy stubber|rapid fire 3|36|Ranged|3|4|4|0|1
3954|Storm Chimera||1||Heavy flamer|ignores cover, torrent|12|Ranged|D6|N/A|5|-1|1
3954|Storm Chimera||1||Heavy bolter|sustained hits 1|36|Ranged|3|4|5|-1|2
3954|Storm Chimera||1||Autocannon||48|Ranged|2|4|9|-1|3
3954|Storm Chimera||1||Armoured tracks||Melee|Melee|3|4|6|0|1
3954|Storm Chimera||1||Storm bolter|rapid fire 2|24|Ranged|2|4|4|0|1
3956|Earthshaker Platform||1||Earthshaker cannon|blast, indirect fire|240|Ranged|D6+3|4|8|-2|2
3956|Earthshaker Platform||1||Close combat weapons||Melee|Melee|3|4|3|0|1
3957|Hydra Platform||1||Hydra quad autocannon|anti-fly 2+, twin-linked|72|Ranged|4|4|9|-1|3
3957|Hydra Platform||1||Close combat weapons||Melee|Melee|3|4|3|0|1
3958|Manticore Platform||1||Close combat weapons||Melee|Melee|3|4|3|0|1
3958|Manticore Platform||1||Storm eagle rockets|blast, indirect fire|120|Ranged|D6+1|4|10|-2|3
3959|Sabre Weapons Battery||1||Close combat weapon||Melee|Melee|1|4|3|0|1
3959|Sabre Weapons Battery||1||Twin heavy stubber|rapid fire 3, twin-linked|36|Ranged|3|4|4|0|1
3959|Sabre Weapons Battery||1||Twin heavy bolter|sustained hits 1, twin-linked|36|Ranged|3|4|5|-1|2
3959|Sabre Weapons Battery||1||Twin autocannon|twin-linked|48|Ranged|2|4|9|-1|3
3959|Sabre Weapons Battery||1||Twin lascannon|twin-linked|48|Ranged|1|4|12|-3|D6+1
3960|Armoured Sentinels||1||Close combat weapon||Melee|Melee|2|4|6|0|1
3960|Armoured Sentinels||1||Sentinel chainsaw||Melee|Melee|3|4|6|-1|1
3960|Armoured Sentinels||1||Plasma cannon – supercharge|blast, hazardous|36|Ranged|D3|4|8|-3|2
3960|Armoured Sentinels||2||Plasma cannon – standard|blast|36|Ranged|D3|4|7|-2|1
3960|Armoured Sentinels||1||Missile launcher – krak|heavy|48|Ranged|1|4|9|-2|D6
3960|Armoured Sentinels||2||Missile launcher – frag|blast, heavy|48|Ranged|D6|4|4|0|1
3960|Armoured Sentinels||1||Multi-laser||36|Ranged|4|4|6|0|1
3960|Armoured Sentinels||1||Lascannon||48|Ranged|1|4|12|-3|D6+1
3960|Armoured Sentinels||1||Hunter-killer missile|one shot|48|Ranged|1|4|14|-3|D6
3960|Armoured Sentinels||1||Autocannon||48|Ranged|2|4|9|-1|3
3960|Armoured Sentinels||1||Heavy flamer|ignores cover, torrent|12|Ranged|D6|N/A|5|-1|1
3961|Artillery Team||1||Multiple rocket launcher|anti-infantry 3+, blast, heavy, indirect fire|48|Ranged|D6+3|5|2|-1|1
3961|Artillery Team||1||Lasgun|rapid fire 1|24|Ranged|1|4|3|0|1
3961|Artillery Team||1||Heavy quad launcher|blast, heavy, indirect fire, twin-linked|48|Ranged|2D6|5|5|0|1
3961|Artillery Team||1||Heavy mortar|blast, heavy, indirect fire|48|Ranged|D6+3|5|8|-1|2
3961|Artillery Team||1||Siege cannon|blast, heavy, indirect fire|48|Ranged|D6|5|12|-2|3
3961|Artillery Team||1||Crew close combat weapons||Melee|Melee|3|4|3|0|1
3962|Attilan Rough Riders||1||Hunting lance – frag tip|lance|Melee|Melee|D6|3|4|0|1
3962|Attilan Rough Riders||1||Power sabre||Melee|Melee|4|3|4|-2|1
3962|Attilan Rough Riders||1||Hunting lance – melta tip|lance|Melee|Melee|1|3|9|-4|D6
3962|Attilan Rough Riders||1||Steed’s hooves|extra attacks|Melee|Melee|2|4|4|0|1
3962|Attilan Rough Riders||1||Lasgun|rapid fire 1|24|Ranged|1|4|3|0|1
3962|Attilan Rough Riders||1||Laspistol|pistol|12|Ranged|1|4|3|0|1
3962|Attilan Rough Riders||1||Goad lance|lance|Melee|Melee|2|3|6|-2|2
3963|Baneblade||1||Twin heavy flamer|ignores cover, torrent, twin-linked|12|Ranged|D6|N/A|5|-1|1
3963|Baneblade||1||Baneblade cannon|blast|72|Ranged|3D6|4|12|-2|3
3963|Baneblade||1||Coaxial autocannon||48|Ranged|2|4|9|-1|3
3963|Baneblade||1||Demolisher cannon|blast|24|Ranged|D6+3|4|14|-3|D6
3963|Baneblade||1||Lascannon||48|Ranged|1|4|12|-3|D6+1
3963|Baneblade||1||Twin heavy bolter|sustained hits 1, twin-linked|36|Ranged|3|4|5|-1|2
3963|Baneblade||1||Armoured tracks||Melee|Melee|6|4|8|0|1
3963|Baneblade||1||Heavy stubber|rapid fire 3|36|Ranged|3|4|4|0|1
3964|Banehammer||1||Armoured tracks||Melee|Melee|6|4|8|0|1
3964|Banehammer||1||Twin heavy flamer|ignores cover, torrent, twin-linked|12|Ranged|D6|N/A|5|-1|1
3964|Banehammer||1||Twin heavy bolter|sustained hits 1, twin-linked|36|Ranged|3|4|5|-1|2
3964|Banehammer||1||Tremor cannon|blast|36|Ranged|2D6+3|4|12|-2|3
3964|Banehammer||1||Lascannon||48|Ranged|1|4|12|-3|D6+1
3965|Banesword||1||Armoured tracks||Melee|Melee|6|4|8|0|1
3965|Banesword||1||Twin heavy bolter|sustained hits 1, twin-linked|36|Ranged|3|4|5|-1|2
3965|Banesword||1||Lascannon||48|Ranged|1|4|12|-3|D6+1
3965|Banesword||1||Quake cannon|blast, ignores cover|72|Ranged|D6+6|4|16|-4|4
3965|Banesword||1||Twin heavy flamer|ignores cover, torrent, twin-linked|12|Ranged|D6|N/A|5|-1|1
3966|Basilisk||1||Armoured tracks||Melee|Melee|3|4|6|0|1
3966|Basilisk||1||Earthshaker cannon|blast, indirect fire|240|Ranged|D6+3|4|8|-2|2
3966|Basilisk||1||Heavy bolter|sustained hits 1|36|Ranged|3|4|5|-1|2
3966|Basilisk||1||Hunter-killer missile|one shot|48|Ranged|1|4|14|-3|D6
3966|Basilisk||1||Heavy flamer|ignores cover, torrent|12|Ranged|D6|N/A|5|-1|1
3967|Heavy Weapons Squad||1||Weapons team close combat weapons||Melee|Melee|2|4|3|0|1
3967|Heavy Weapons Squad||1||Autocannon|heavy|48|Ranged|2|5|9|-1|3
3967|Heavy Weapons Squad||1||Missile launcher – krak|heavy|48|Ranged|1|5|9|-2|D6
3967|Heavy Weapons Squad||2||Missile launcher – frag|blast, heavy|48|Ranged|D6|5|4|0|1
3967|Heavy Weapons Squad||1||Laspistol|pistol|12|Ranged|2|4|3|0|1
3967|Heavy Weapons Squad||1||Lascannon|heavy|48|Ranged|1|5|12|-3|D6+1
3967|Heavy Weapons Squad||1||Heavy bolter|heavy, sustained hits 1|36|Ranged|3|5|5|-1|2
3967|Heavy Weapons Squad||1||Mortar|blast, heavy, indirect fire|48|Ranged|D6|5|5|0|1
3968|Catachan Heavy Weapons Squad||1||Mortar|blast, heavy, indirect fire|48|Ranged|D6|5|5|0|1
3968|Catachan Heavy Weapons Squad||1||Weapons team close combat weapons||Melee|Melee|2|4|3|0|1
3968|Catachan Heavy Weapons Squad||1||Heavy bolter|heavy, sustained hits 1|36|Ranged|3|5|5|-1|2
3968|Catachan Heavy Weapons Squad||1||Missile launcher – frag|blast, heavy|48|Ranged|D6|5|4|0|1
3968|Catachan Heavy Weapons Squad||1||Autocannon|heavy|48|Ranged|2|5|9|-1|3
3968|Catachan Heavy Weapons Squad||1||Lascannon|heavy|48|Ranged|1|5|12|-3|D6+1
3968|Catachan Heavy Weapons Squad||1||Missile launcher – krak|heavy|48|Ranged|1|5|9|-2|D6
3968|Catachan Heavy Weapons Squad||1||Lasgun|rapid fire 1|24|Ranged|1|4|3|0|1
3969|Death Riders||1||Frag lance|lance|Melee|Melee|D6|3|4|0|1
3969|Death Riders||1||Power sabre||Melee|Melee|3|3|4|-2|1
3969|Death Riders||1||Steed's savage claws|extra attacks|Melee|Melee|2|4|4|-1|1
3969|Death Riders||1||Death Rider lascarbine|assault|18|Ranged|2|4|3|0|1
3970|Deathstrike||1||Heavy bolter|sustained hits 1|36|Ranged|3|4|5|-1|2
3970|Deathstrike||1||Deathstrike missile|blast, one shot, plasma warhead|N/A|Ranged|2D6|2|16|-4|1
3970|Deathstrike||1||Heavy flamer|ignores cover, torrent|12|Ranged|D6|N/A|5|-1|1
3970|Deathstrike||1||Hunter-killer missile|one shot|48|Ranged|1|3|14|-3|D6
3970|Deathstrike||1||Armoured tracks||Melee|Melee|3|4|6|0|1
3971|Doomhammer||1||Magma cannon|blast, melta 6|24|Ranged|D6+3|4|12|-4|D6
3971|Doomhammer||1||Twin heavy bolter|sustained hits 1, twin-linked|36|Ranged|3|4|5|-1|2
3971|Doomhammer||1||Armoured tracks||Melee|Melee|6|4|8|0|1
3971|Doomhammer||1||Twin heavy flamer|ignores cover, torrent, twin-linked|12|Ranged|D6|N/A|5|-1|1
3971|Doomhammer||1||Lascannon||48|Ranged|1|4|12|-3|D6+1
3972|Artillery Team||1||Lasgun|rapid fire 1|24|Ranged|1|4|3|0|1
3972|Artillery Team||1||Heavy lascannon|heavy|48|Ranged|2|5|14|-3|D6+1
3972|Artillery Team||1||Bombast field gun|blast, heavy, indirect fire|48|Ranged|D6|5|7|-1|2
3972|Artillery Team||1||Battery close combat weapons||Melee|Melee|3|4|3|0|1
3972|Artillery Team||1||Malleus rocket launcher|blast, heavy|48|Ranged|D6+6|5|6|-1|1
3972|Artillery Team||1||Laspistol|pistol|12|Ranged|1|4|3|0|1
3973|Hellhammer||1||Twin heavy bolter|sustained hits 1, twin-linked|36|Ranged|3|4|5|-1|2
3973|Hellhammer||1||Demolisher cannon|blast|24|Ranged|D6+3|4|14|-3|D6
3973|Hellhammer||1||Coaxial autocannon||48|Ranged|2|4|9|-1|3
3973|Hellhammer||1||Lascannon||48|Ranged|1|4|12|-3|D6+1
3973|Hellhammer||1||Armoured tracks||Melee|Melee|6|4|8|0|1
3973|Hellhammer||1||Twin heavy flamer|ignores cover, torrent, twin-linked|12|Ranged|D6|N/A|5|-1|1
3973|Hellhammer||1||Hellhammer cannon|blast, ignores cover|30|Ranged|4D6|4|7|-1|2
3973|Hellhammer||1||Heavy stubber|rapid fire 3|36|Ranged|3|4|4|0|1
3974|Hellhound||1||Heavy bolter|sustained hits 1|36|Ranged|3|4|5|-1|2
3974|Hellhound||1||Heavy flamer|ignores cover, torrent|12|Ranged|D6|N/A|5|-1|1
3974|Hellhound||1||Hunter-killer missile|one shot|48|Ranged|1|4|14|-3|D6
3974|Hellhound||1||Inferno cannon|ignores cover, torrent|18|Ranged|2D6|N/A|6|-2|1
3974|Hellhound||1||Melta cannon|blast, melta 4|18|Ranged|D3|4|9|-4|D6
3974|Hellhound||1||Multi-melta|melta 2|18|Ranged|2|4|9|-4|D6
3974|Hellhound||1||Armoured tracks||Melee|Melee|3|4|6|0|1
3974|Hellhound||1||Chem cannon|anti-infantry 2+, torrent|12|Ranged|D6+1|N/A|2|-2|2
3975|Hydra||1||Heavy bolter|sustained hits 1|36|Ranged|3|4|5|-1|2
3975|Hydra||1||Hunter-killer missile|one shot|48|Ranged|1|4|14|-3|D6
3975|Hydra||1||Hydra autocannon|anti-fly 2+, twin-linked|72|Ranged|4|4|9|-1|3
3975|Hydra||1||Armoured tracks||Melee|Melee|3|4|6|0|1
3975|Hydra||1||Heavy flamer|ignores cover, torrent|12|Ranged|D6|N/A|5|-1|1
3976|Kasrkin||1||Meltagun|melta 2|12|Ranged|1|3|9|-4|D6
3976|Kasrkin||1||Plasma gun – standard|rapid fire 1|24|Ranged|1|3|7|-2|1
3976|Kasrkin||2||Plasma gun – supercharge|hazardous, rapid fire 1|24|Ranged|1|3|8|-3|2
3976|Kasrkin||1||Chainsword||Melee|Melee|4|4|3|0|1
3976|Kasrkin||1||Close combat weapon||Melee|Melee|2|4|3|0|1
3976|Kasrkin||1||Grenade launcher – frag|blast|24|Ranged|D3|3|4|0|1
3976|Kasrkin||1||Power weapon||Melee|Melee|3|4|4|-2|1
3976|Kasrkin||1||Flamer|ignores cover, torrent|12|Ranged|D6|N/A|4|0|1
3976|Kasrkin||1||Grenade launcher – krak||24|Ranged|1|3|9|-2|D3
3976|Kasrkin||1||Hot-shot lasgun|rapid fire 1|24|Ranged|1|3|3|-1|1
3976|Kasrkin||1||Hot-shot laspistol|pistol|12|Ranged|1|3|3|-1|1
3976|Kasrkin||1||Hot-shot marksman rifle|heavy, precision|36|Ranged|1|3|4|-2|3
3976|Kasrkin||1||Hot-shot volley gun|rapid fire 2|30|Ranged|2|3|4|-1|1
3976|Kasrkin|1|1||Bolt pistol|PISTOL|12|Ranged|1|4|4|0|1
3976|Kasrkin|12|1||Plasma pistol – standard|pistol|12|Ranged|1|4|7|-2|1
3976|Kasrkin|12|2||Plasma pistol – supercharge|hazardous, pistol|12|Ranged|1|4|8|-3|2
3977|Krieg Combat Engineers||1||Autopistol|pistol|12|Ranged|1|4|3|0|1
3977|Krieg Combat Engineers||1||Combat shotgun|assault|12|Ranged|2|4|4|0|1
3977|Krieg Combat Engineers||1||Chainsword||Melee|Melee|4|4|3|0|1
3977|Krieg Combat Engineers||1||Close combat weapon||Melee|Melee|2|4|3|0|1
3977|Krieg Combat Engineers||1||Power weapon||Melee|Melee|3|4|4|-2|1
3977|Krieg Combat Engineers||1||Trench club||Melee|Melee|2|4|4|0|1
3977|Krieg Combat Engineers||1||Flamer|ignores cover, torrent|12|Ranged|D6|N/A|4|0|1
3977|Krieg Combat Engineers||1||Hand flamer|ignores cover, pistol, torrent|12|Ranged|D6|N/A|3|0|1
3977|Krieg Combat Engineers|2|1||Bolt pistol|PISTOL|12|Ranged|1|4|4|0|1
3977|Krieg Combat Engineers|6|1||Plasma pistol – standard|pistol|12|Ranged|1|4|7|-2|1
3977|Krieg Combat Engineers|6|2||Plasma pistol – supercharge|hazardous, pistol|12|Ranged|1|4|8|-3|2
3978|HEAVY WEAPONS GUNNER||1||Laspistol|pistol|12|Ranged|1|4|3|0|1
3978|HEAVY WEAPONS GUNNER||1||Twin Krieg heavy stubber|heavy, rapid fire 3, twin-linked|48|Ranged|3|5|6|-1|1
3978|HEAVY WEAPONS GUNNER||1||Close combat weapon||Melee|Melee|1|4|3|0|1
3978|HEAVY WEAPONS GUNNER||1||Krieg heavy flamer|ignores cover, torrent|18|Ranged|D6|N/A|5|-1|2
3978|HEAVY WEAPONS GUNNER||1||Lascannon|heavy|48|Ranged|1|5|12|-3|D6+1
3979|Leman Russ Battle Tank||1||Storm bolter|rapid fire 2|24|Ranged|2|4|4|0|1
3979|Leman Russ Battle Tank||1||Heavy bolter|sustained hits 1|36|Ranged|3|4|5|-1|2
3979|Leman Russ Battle Tank||1||Armoured tracks||Melee|Melee|6|4|7|0|1
3979|Leman Russ Battle Tank||1||Heavy flamer|ignores cover, torrent|12|Ranged|D6|N/A|5|-1|1
3979|Leman Russ Battle Tank||1||Heavy stubber|rapid fire 3|36|Ranged|3|4|4|0|1
3979|Leman Russ Battle Tank||1||Hunter-killer missile|one shot|48|Ranged|1|4|14|-3|D6
3979|Leman Russ Battle Tank||1||Lascannon||48|Ranged|1|4|12|-3|D6+1
3979|Leman Russ Battle Tank||1||Leman Russ battle cannon|blast|48|Ranged|D6+3|4|10|-1|3
3979|Leman Russ Battle Tank||1||Multi-melta|melta 2|18|Ranged|2|4|9|-4|D6
3979|Leman Russ Battle Tank||1||Plasma cannon – standard|blast|36|Ranged|D3|4|7|-2|1
3979|Leman Russ Battle Tank||2||Plasma cannon – supercharge|blast, hazardous|36|Ranged|D3|4|8|-3|2
3980|Leman Russ Demolisher||1||Heavy bolter|sustained hits 1|36|Ranged|3|4|5|-1|2
3980|Leman Russ Demolisher||1||Heavy flamer|ignores cover, torrent|12|Ranged|D6|N/A|5|-1|1
3980|Leman Russ Demolisher||1||Heavy stubber|rapid fire 3|36|Ranged|3|4|4|0|1
3980|Leman Russ Demolisher||1||Hunter-killer missile|one shot|48|Ranged|1|4|14|-3|D6
3980|Leman Russ Demolisher||1||Lascannon||48|Ranged|1|4|12|-3|D6+1
3980|Leman Russ Demolisher||1||Multi-melta|melta 2|18|Ranged|2|4|9|-4|D6
3980|Leman Russ Demolisher||1||Plasma cannon – standard|blast|36|Ranged|D3|4|7|-2|1
3980|Leman Russ Demolisher||2||Plasma cannon – supercharge|blast, hazardous|36|Ranged|D3|4|8|-3|2
3980|Leman Russ Demolisher||1||Storm bolter|rapid fire 2|24|Ranged|2|4|4|0|1
3980|Leman Russ Demolisher||1||Armoured tracks||Melee|Melee|6|4|7|0|1
3980|Leman Russ Demolisher||1||Demolisher battle cannon|blast|24|Ranged|D6+1|4|14|-3|D6
3981|Leman Russ Eradicator||1||Plasma cannon – standard|blast|36|Ranged|D3|4|7|-2|1
3981|Leman Russ Eradicator||1||Armoured tracks||Melee|Melee|6|4|7|0|1
3981|Leman Russ Eradicator||1||Storm bolter|rapid fire 2|24|Ranged|2|4|4|0|1
3981|Leman Russ Eradicator||1||Eradicator nova cannon|blast, ignores cover|36|Ranged|D3+6|4|7|-1|2
3981|Leman Russ Eradicator||1||Heavy bolter|sustained hits 1|36|Ranged|3|4|5|-1|2
3981|Leman Russ Eradicator||1||Heavy flamer|ignores cover, torrent|12|Ranged|D6|N/A|5|-1|1
3981|Leman Russ Eradicator||1||Heavy stubber|rapid fire 3|36|Ranged|3|4|4|0|1
3981|Leman Russ Eradicator||1||Hunter-killer missile|one shot|48|Ranged|1|4|14|-3|D6
3981|Leman Russ Eradicator||1||Plasma cannon – supercharge|blast, hazardous|36|Ranged|D3|4|8|-3|2
3981|Leman Russ Eradicator||1||Lascannon||48|Ranged|1|4|12|-3|D6+1
3981|Leman Russ Eradicator||1||Multi-melta|melta 2|18|Ranged|2|4|9|-4|D6
3982|Leman Russ Executioner||1||Heavy flamer|ignores cover, torrent|12|Ranged|D6|N/A|5|-1|1
3982|Leman Russ Executioner||1||Heavy bolter|sustained hits 1|36|Ranged|3|4|5|-1|2
3982|Leman Russ Executioner||1||Executioner plasma cannon – supercharge|blast, hazardous|36|Ranged|D6+3|4|8|-3|3
3982|Leman Russ Executioner||2||Executioner plasma cannon – standard|blast|36|Ranged|D6+3|4|7|-2|2
3982|Leman Russ Executioner||1||Armoured tracks||Melee|Melee|6|4|7|0|1
3982|Leman Russ Executioner||1||Storm bolter|rapid fire 2|24|Ranged|2|4|4|0|1
3982|Leman Russ Executioner||1||Plasma cannon – supercharge|blast, hazardous|36|Ranged|D3|4|8|-3|2
3982|Leman Russ Executioner||2||Plasma cannon – standard|blast|36|Ranged|D3|4|7|-2|1
3982|Leman Russ Executioner||1||Multi-melta|melta 2|18|Ranged|2|4|9|-4|D6
3982|Leman Russ Executioner||1||Lascannon||48|Ranged|1|4|12|-3|D6+1
3982|Leman Russ Executioner||1||Hunter-killer missile|one shot|48|Ranged|1|4|14|-3|D6
3982|Leman Russ Executioner||1||Heavy stubber|rapid fire 3|36|Ranged|3|4|4|0|1
3983|Leman Russ Exterminator||1||Multi-melta|melta 2|18|Ranged|2|4|9|-4|D6
3983|Leman Russ Exterminator||1||Plasma cannon – standard|blast|36|Ranged|D3|4|7|-2|1
3983|Leman Russ Exterminator||1||Lascannon||48|Ranged|1|4|12|-3|D6+1
3983|Leman Russ Exterminator||1||Armoured tracks||Melee|Melee|6|4|7|0|1
3983|Leman Russ Exterminator||1||Plasma cannon – supercharge|blast, hazardous|36|Ranged|D3|4|8|-3|2
3983|Leman Russ Exterminator||1||Exterminator autocannon|rapid fire 4, twin-linked|48|Ranged|4|4|9|-1|3
3983|Leman Russ Exterminator||1||Heavy bolter|sustained hits 1|36|Ranged|3|4|5|-1|2
3983|Leman Russ Exterminator||1||Heavy flamer|ignores cover, torrent|12|Ranged|D6|N/A|5|-1|1
3983|Leman Russ Exterminator||1||Heavy stubber|rapid fire 3|36|Ranged|3|4|4|0|1
3983|Leman Russ Exterminator||1||Hunter-killer missile|one shot|48|Ranged|1|4|14|-3|D6
3983|Leman Russ Exterminator||1||Storm bolter|rapid fire 2|24|Ranged|2|4|4|0|1
3984|Leman Russ Punisher||1||Armoured tracks||Melee|Melee|6|4|7|0|1
3984|Leman Russ Punisher||1||Heavy stubber|rapid fire 3|36|Ranged|3|4|4|0|1
3984|Leman Russ Punisher||1||Heavy flamer|ignores cover, torrent|12|Ranged|D6|N/A|5|-1|1
3984|Leman Russ Punisher||1||Storm bolter|rapid fire 2|24|Ranged|2|4|4|0|1
3984|Leman Russ Punisher||1||Punisher gatling cannon||24|Ranged|20|4|6|0|1
3984|Leman Russ Punisher||1||Plasma cannon – supercharge|blast, hazardous|36|Ranged|D3|4|8|-3|2
3984|Leman Russ Punisher||2||Plasma cannon – standard|blast|36|Ranged|D3|4|7|-2|1
3984|Leman Russ Punisher||1||Multi-melta|melta 2|18|Ranged|2|4|9|-4|D6
3984|Leman Russ Punisher||1||Heavy bolter|sustained hits 1|36|Ranged|3|4|5|-1|2
3984|Leman Russ Punisher||1||Lascannon||48|Ranged|1|4|12|-3|D6+1
3984|Leman Russ Punisher||1||Hunter-killer missile|one shot|48|Ranged|1|4|14|-3|D6
3985|Leman Russ Vanquisher||1||Heavy bolter|sustained hits 1|36|Ranged|3|4|5|-1|2
3985|Leman Russ Vanquisher||1||Heavy flamer|ignores cover, torrent|12|Ranged|D6|N/A|5|-1|1
3985|Leman Russ Vanquisher||1||Storm bolter|rapid fire 2|24|Ranged|2|4|4|0|1
3985|Leman Russ Vanquisher||1||Armoured tracks||Melee|Melee|6|4|7|0|1
3985|Leman Russ Vanquisher||1||Vanquisher battle cannon|heavy|72|Ranged|1|4|18|-4|D6+6
3985|Leman Russ Vanquisher||1||Heavy stubber|rapid fire 3|36|Ranged|3|4|4|0|1
3985|Leman Russ Vanquisher||1||Plasma cannon – supercharge|blast, hazardous|36|Ranged|D3|4|8|-3|2
3985|Leman Russ Vanquisher||2||Plasma cannon – standard|blast|36|Ranged|D3|4|7|-2|1
3985|Leman Russ Vanquisher||1||Multi-melta|melta 2|18|Ranged|2|4|9|-4|D6
3985|Leman Russ Vanquisher||1||Lascannon||48|Ranged|1|4|12|-3|D6+1
3985|Leman Russ Vanquisher||1||Hunter-killer missile|one shot|48|Ranged|1|4|14|-3|D6
3986|Manticore||1||Heavy bolter|sustained hits 1|36|Ranged|3|4|5|-1|2
3986|Manticore||1||Storm eagle rockets|anti-infantry 2+, blast, indirect fire|120|Ranged|D6|4|7|-2|3
3986|Manticore||1||Hunter-killer missile|one shot|48|Ranged|1|4|14|-3|D6
3986|Manticore||1||Heavy flamer|ignores cover, torrent|12|Ranged|D6|N/A|5|-1|1
3986|Manticore||1||Armoured tracks||Melee|Melee|3|4|6|0|1
3987|Rogal Dorn Battle Tank||1||Multi-melta|melta 2|18|Ranged|2|4|9|-4|D6
3987|Rogal Dorn Battle Tank||1||Armoured tracks||Melee|Melee|6|4|7|0|1
3987|Rogal Dorn Battle Tank||1||Twin battle cannon|blast, twin-linked|48|Ranged|D6+3|4|10|-1|3
3987|Rogal Dorn Battle Tank||1||Heavy bolter|sustained hits 1|36|Ranged|3|4|5|-1|2
3987|Rogal Dorn Battle Tank||1||Oppressor cannon|blast|72|Ranged|D6+3|4|12|-2|3
3987|Rogal Dorn Battle Tank||1||Pulveriser cannon|blast|24|Ranged|D6|4|9|-3|3
3987|Rogal Dorn Battle Tank||1||Meltagun|melta 2|12|Ranged|1|4|9|-4|D6
3987|Rogal Dorn Battle Tank||1||Heavy stubber|rapid fire 3|36|Ranged|3|4|4|0|1
3987|Rogal Dorn Battle Tank||1||Coaxial autocannon||48|Ranged|2|4|9|-1|3
3987|Rogal Dorn Battle Tank||1||Castigator gatling cannon||24|Ranged|12|4|5|0|1
3988|Scout Sentinels||1||Plasma cannon – supercharge|blast, hazardous|36|Ranged|D3|4|8|-3|2
3988|Scout Sentinels||1||Close combat weapon||Melee|Melee|2|4|6|0|1
3988|Scout Sentinels||1||Sentinel chainsaw||Melee|Melee|3|4|6|-1|1
3988|Scout Sentinels||1||Missile launcher – krak|heavy|48|Ranged|1|4|9|-2|D6
3988|Scout Sentinels||1||Autocannon||48|Ranged|2|4|9|-1|3
3988|Scout Sentinels||1||Heavy flamer|ignores cover, torrent|12|Ranged|D6|N/A|5|-1|1
3988|Scout Sentinels||1||Hunter-killer missile|one shot|48|Ranged|1|4|14|-3|D6
3988|Scout Sentinels||1||Lascannon||48|Ranged|1|4|12|-3|D6+1
3988|Scout Sentinels||1||Multi-laser||36|Ranged|4|4|6|0|1
3988|Scout Sentinels||1||Missile launcher – frag|blast, heavy|48|Ranged|D6|4|4|0|1
3988|Scout Sentinels||1||Plasma cannon – standard|blast|36|Ranged|D3|4|7|-2|1
3989|Shadowsword||1||Lascannon||48|Ranged|1|4|12|-3|D6+1
3989|Shadowsword||1||Twin heavy flamer|ignores cover, torrent, twin-linked|12|Ranged|D6|N/A|5|-1|1
3989|Shadowsword||1||Volcano cannon|blast, heavy|96|Ranged|D3+1|4|24|-5|12
3989|Shadowsword||1||Armoured tracks||Melee|Melee|6|4|8|0|1
3989|Shadowsword||1||Twin heavy bolter|sustained hits 1, twin-linked|36|Ranged|3|4|5|-1|2
3990|Stormlord||1||Lascannon||48|Ranged|1|4|12|-3|D6+1
3990|Stormlord||1||Twin heavy bolter|sustained hits 1, twin-linked|36|Ranged|3|4|5|-1|2
3990|Stormlord||1||Twin heavy flamer|ignores cover, torrent, twin-linked|12|Ranged|D6|N/A|5|-1|1
3990|Stormlord||1||Vulcan mega-bolter|sustained hits 1|48|Ranged|20|4|6|-1|2
3990|Stormlord||1||Armoured tracks||Melee|Melee|6|4|8|0|1
3990|Stormlord||1||Heavy stubber|rapid fire 3|36|Ranged|3|4|4|0|1
3991|Stormsword||1||Lascannon||48|Ranged|1|4|12|-3|D6+1
3991|Stormsword||1||Stormsword siege cannon|blast, ignores cover|48|Ranged|D6+6|4|16|-4|D6+2
3991|Stormsword||1||Twin heavy bolter|sustained hits 1, twin-linked|36|Ranged|3|4|5|-1|2
3991|Stormsword||1||Twin heavy flamer|ignores cover, torrent, twin-linked|12|Ranged|D6|N/A|6|-1|1
3991|Stormsword||1||Armoured tracks||Melee|Melee|6|4|8|0|1
3992|Wyvern||1||Armoured tracks||Melee|Melee|3|4|6|0|1
3992|Wyvern||1||Heavy bolter|sustained hits 1|36|Ranged|3|4|5|-1|2
3992|Wyvern||1||Heavy flamer|ignores cover, torrent|12|Ranged|D6|N/A|5|-1|1
3992|Wyvern||1||Hunter-killer missile|one shot|48|Ranged|1|4|14|-3|D6
3992|Wyvern||1||Wyvern quad stormshard mortar|blast, indirect fire, twin-linked|48|Ranged|2D6|4|5|0|1
3994|Arkurian Stormhammer||1||Armoured tracks||Melee|Melee|6|4|8|0|1
3994|Arkurian Stormhammer||1||Twin battle cannon|blast, twin-linked|48|Ranged|D6+3|4|9|-1|3
3994|Arkurian Stormhammer||1||Stormhammer cannon|blast|72|Ranged|3D6|4|12|-2|3
3994|Arkurian Stormhammer||1||Storm bolter|rapid fire 2|24|Ranged|2|4|4|0|1
3994|Arkurian Stormhammer||1||Multi-laser||36|Ranged|4|4|6|0|1
3994|Arkurian Stormhammer||1||Lascannon||48|Ranged|1|4|12|-3|D6+1
3994|Arkurian Stormhammer||1||Hunter-killer missile|one shot|48|Ranged|1|4|14|-3|D6
3994|Arkurian Stormhammer||1||Heavy stubber|rapid fire 3|36|Ranged|3|4|4|0|1
3994|Arkurian Stormhammer||1||Heavy flamer|ignores cover, torrent|12|Ranged|D6|N/A|5|-1|1
3994|Arkurian Stormhammer||1||Heavy bolter|sustained hits 1|36|Ranged|3|4|5|-1|2
3995|Armageddon-pattern Medusa||1||Hunter-killer missile|one shot|48|Ranged|1|4|14|-3|D6
3995|Armageddon-pattern Medusa||1||Heavy flamer|ignores cover, torrent|12|Ranged|D6|N/A|5|-1|1
3995|Armageddon-pattern Medusa||1||Heavy bolter|sustained hits 1|36|Ranged|3|4|5|-1|2
3995|Armageddon-pattern Medusa||1||Armoured tracks||Melee|Melee|3|4|6|0|1
3995|Armageddon-pattern Medusa||1||Storm bolter|rapid fire 2|24|Ranged|2|4|4|0|1
3995|Armageddon-pattern Medusa||1||Heavy stubber|rapid fire 3|36|Ranged|3|4|4|0|1
3995|Armageddon-pattern Medusa||1||Medusa siege cannon|blast, indirect fire|36|Ranged|D6|4|12|-2|4
3996|Atlas Recovery Vehicle||1||Armoured tracks||Melee|Melee|3|4|6|0|1
3996|Atlas Recovery Vehicle||1||Storm bolter|rapid fire 2|24|Ranged|2|4|4|0|1
3996|Atlas Recovery Vehicle||1||Hunter-killer missile|one shot|48|Ranged|1|4|14|-3|D6
3996|Atlas Recovery Vehicle||1||Heavy stubber|rapid fire 3|36|Ranged|3|4|4|0|1
3996|Atlas Recovery Vehicle||1||Heavy bolter|sustained hits 1|36|Ranged|3|4|5|-1|2
3997|Carnodon||1||Militarum Multi-laser||36|Ranged|4|4|6|0|1
3997|Carnodon||1||Volkite caliver|devastating wounds|24|Ranged|2|4|5|0|2
3997|Carnodon||1||Volkite culverin|devastating wounds|36|Ranged|4|4|6|0|2
3997|Carnodon||1||Armoured tracks||Melee|Melee|6|4|7|0|1
3997|Carnodon||1||Autocannon||48|Ranged|2|4|9|-1|3
3997|Carnodon||1||Carnodon twin lascannon|twin-linked|48|Ranged|1|4|14|-3|D6+1
3997|Carnodon||1||Carnodon twin autocannon|twin-linked|48|Ranged|2|4|9|-1|3
3997|Carnodon||1||Carnodon twin multi-laser|twin-linked|36|Ranged|6|4|6|0|1
3997|Carnodon||1||Heavy bolter|sustained hits 1|36|Ranged|3|4|5|-1|2
3997|Carnodon||1||Heavy flamer|ignores cover, torrent|12|Ranged|D6|N/A|5|-1|1
3997|Carnodon||1||Hunter-killer missile|one shot|48|Ranged|1|4|14|-3|D6
3997|Carnodon||1||Lascannon||48|Ranged|1|4|12|-3|D6+1
3998|Centaur Light Carrier||1||Heavy stubber|rapid fire 3|36|Ranged|3|4|4|0|1
3998|Centaur Light Carrier||1||Armoured tracks||Melee|Melee|3|4|6|0|1
3998|Centaur Light Carrier||1||Hunter-killer missile|one shot|48|Ranged|1|4|14|-3|D6
3999|Colossus||1||Hunter-killer missile|one shot|48|Ranged|1|4|14|-3|D6
3999|Colossus||1||Storm bolter|rapid fire 2|24|Ranged|2|4|4|0|1
3999|Colossus||1||Armoured tracks||Melee|Melee|6|4|7|0|1
3999|Colossus||1||Colossus siege mortar|blast, devastating wounds|120|Ranged|D6|4|6|-1|D6+2
3999|Colossus||1||Heavy stubber|rapid fire 3|36|Ranged|3|4|4|0|1
4000|Crassus||1||Armoured tracks||Melee|Melee|6|4|7|0|1
4000|Crassus||1||Heavy stubber|rapid fire 3|36|Ranged|3|4|4|0|1
4000|Crassus||1||Heavy bolter|sustained hits 1|36|Ranged|3|4|5|-1|2
4000|Crassus||1||Storm bolter|rapid fire 2|24|Ranged|2|4|4|0|1
4001|GRENADIER||1||Heavy stubber|heavy, rapid fire 3|36|Ranged|3|4|4|0|1
4001|GRENADIER||1||Heavy flamer|ignores cover, torrent|12|Ranged|D6|N/A|5|-1|1
4001|GRENADIER||1||Grenade launcher – frag|blast|24|Ranged|D3|3|4|0|1
4001|GRENADIER||1||Flamer|ignores cover, torrent|12|Ranged|D6|N/A|4|0|1
4001|GRENADIER||1||Plasma gun – standard|rapid fire 1|24|Ranged|1|3|7|-2|1
4001|GRENADIER||1||Sniper rifle|heavy, precision|36|Ranged|1|3|4|-2|2
4001|GRENADIER||1||Grenade launcher – krak||24|Ranged|1|3|9|-2|D3
4001|GRENADIER||1||Close combat weapon||Melee|Melee|1|4|3|0|1
4001|GRENADIER||1||Sergeant’s close combat weapon||Melee|Melee|2|4|4|-2|1
4001|GRENADIER||1||Plasma gun – supercharge|hazardous, rapid fire 1|24|Ranged|1|3|8|-3|2
4001|GRENADIER||1||Meltagun|melta 2|12|Ranged|1|3|9|-4|D6
4001|GRENADIER||1||Sergeant’s pistol|pistol|12|Ranged|1|3|3|-1|1
4001|GRENADIER||1||Hot-shot lasgun|rapid fire 1|24|Ranged|1|3|3|-1|1
4002|Dominus Armoured Siege Bombard||1||Hunter-killer missile|one shot|48|Ranged|1|4|14|-3|D6
4002|Dominus Armoured Siege Bombard||1||Lascannon||48|Ranged|1|4|12|-3|D6+1
4002|Dominus Armoured Siege Bombard||1||Storm bolter|rapid fire 2|24|Ranged|2|4|4|0|1
4002|Dominus Armoured Siege Bombard||1||Armoured tracks||Melee|Melee|3|4|6|0|1
4002|Dominus Armoured Siege Bombard||1||Autocannon||48|Ranged|2|4|9|-1|3
4002|Dominus Armoured Siege Bombard||1||Dominus triple bombard|blast, indirect fire|48|Ranged|2D6|4|12|-2|3
4002|Dominus Armoured Siege Bombard||1||Heavy bolter|sustained hits 1|36|Ranged|3|4|5|-1|2
4002|Dominus Armoured Siege Bombard||1||Heavy flamer|ignores cover, torrent|12|Ranged|D6|N/A|5|-1|1
4002|Dominus Armoured Siege Bombard||1||Heavy stubber|rapid fire 3|36|Ranged|3|4|4|0|1
4003|Earthshaker Carriage Battery||1||Earthshaker cannon|blast, heavy, indirect fire|240|Ranged|D6+3|5|8|-2|2
4003|Earthshaker Carriage Battery||1||Battery close combat weapons||Melee|Melee|5|4|3|0|1
4004|Elysian Drop Sentinel||1||Multi-melta|melta 2|18|Ranged|2|4|9|-4|D6
4004|Elysian Drop Sentinel||1||Hunter-killer missile|one shot|48|Ranged|1|4|14|-3|D6
4004|Elysian Drop Sentinel||1||Heavy flamer|ignores cover, torrent|12|Ranged|D6|N/A|5|-1|1
4004|Elysian Drop Sentinel||1||Close combat weapon||Melee|Melee|2|4|6|0|1
4004|Elysian Drop Sentinel||1||Heavy bolter|sustained hits 1|36|Ranged|3|4|5|-1|2
4005|Elysian Sniper Squad||1||Close combat weapon||Melee|Melee|1|4|3|0|1
4005|Elysian Sniper Squad||1||Lasgun|rapid fire 1|24|Ranged|1|4|3|0|1
4005|Elysian Sniper Squad||1||Sniper rifle|heavy, precision|36|Ranged|1|3|4|-2|2
4006|Gorgon Heavy Transport||1||Gorgon mortar|blast, indirect fire|48|Ranged|D6|4|5|0|1
4006|Gorgon Heavy Transport||1||Heavy bolter|sustained hits 1|36|Ranged|3|4|5|-1|2
4006|Gorgon Heavy Transport||1||Heavy flamer|ignores cover, torrent|12|Ranged|D6|N/A|5|-1|1
4006|Gorgon Heavy Transport||1||Heavy stubber|rapid fire 3|36|Ranged|3|4|4|0|1
4006|Gorgon Heavy Transport||1||Hunter-killer missile|one shot|48|Ranged|1|4|14|-3|D6
4006|Gorgon Heavy Transport||1||Landing ramp||Melee|Melee|6|4|8|0|1
4006|Gorgon Heavy Transport||1||Twin heavy stubber|rapid fire 3, twin-linked|36|Ranged|3|4|4|0|1
4007|Griffon Mortar Carrier||1||Heavy stubber|rapid fire 3|36|Ranged|3|4|4|0|1
4007|Griffon Mortar Carrier||1||Armoured tracks||Melee|Melee|3|4|6|0|1
4007|Griffon Mortar Carrier||1||Storm bolter|rapid fire 2|24|Ranged|2|4|4|0|1
4007|Griffon Mortar Carrier||1||Heavy flamer|ignores cover, torrent|12|Ranged|D6|N/A|5|-1|1
4007|Griffon Mortar Carrier||1||Heavy bolter|sustained hits 1|36|Ranged|3|4|5|-1|2
4007|Griffon Mortar Carrier||1||Griffon heavy mortar|blast, indirect fire|48|Ranged|D6|4|7|-1|2
4008|Hades Breaching Drill||1||Melta-cutter drill||Melee|Melee|6|4|9|-4|D6+2
4009|Heavy Mortar Team||1||Close combat weapons||Melee|Melee|3|4|3|0|1
4009|Heavy Mortar Team||1||Heavy mortar|heavy, blast, indirect fire|48|Ranged|D6|5|6|-1|2
4010|Heavy Quad Launcher Team||1||Close combat weapons||Melee|Melee|3|4|3|0|1
4010|Heavy Quad Launcher Team||1||Heavy quad launcher|blast, indirect fire|48|Ranged|2D6|4|5|0|1
4011|Macharius||1||Storm bolter|rapid fire 2|24|Ranged|2|4|4|0|1
4011|Macharius||1||Twin heavy stubber|rapid fire 3, twin-linked|36|Ranged|3|4|4|0|1
4011|Macharius||1||Armoured tracks||Melee|Melee|6|4|8|0|1
4011|Macharius||1||Macharius twin battle cannon|blast, twin-linked|48|Ranged|D6+3|4|10|-1|3
4011|Macharius||1||Heavy bolter|sustained hits 1|36|Ranged|3|4|5|-1|2
4011|Macharius||1||Heavy flamer|ignores cover, torrent|12|Ranged|D6|N/A|5|-1|1
4011|Macharius||1||Heavy stubber|rapid fire 3|36|Ranged|3|4|4|0|1
4011|Macharius||1||Hunter-killer missile|one shot|48|Ranged|1|4|14|-3|D6
4012|Macharius Omega||1||Autocannon||48|Ranged|2|4|9|-1|3
4012|Macharius Omega||1||Storm bolter|rapid fire 2|24|Ranged|2|4|4|0|1
4012|Macharius Omega||1||Heavy bolter|sustained hits 1|36|Ranged|3|4|5|-1|2
4012|Macharius Omega||1||Armoured tracks||Melee|Melee|3|4|6|0|1
4012|Macharius Omega||1||Heavy flamer|ignores cover, torrent|12|Ranged|D6|N/A|5|-1|1
4012|Macharius Omega||1||Heavy stubber|rapid fire 3|36|Ranged|3|4|4|0|1
4012|Macharius Omega||1||Hunter-killer missile|one shot|48|Ranged|1|4|14|-3|D6
4012|Macharius Omega||1||Omega-pattern plasma blastgun – standard|blast|60|Ranged|2D6|4|8|-2|2
4012|Macharius Omega||2||Omega-pattern plasma blastgun – supercharge|blast, hazardous|60|Ranged|2D6|4|9|-3|3
4013|Macharius Vanquisher||1||Macharius twin vanquisher cannon|heavy, twin-linked|72|Ranged|1|4|18|-4|D6+6
4013|Macharius Vanquisher||1||Hunter-killer missile|one shot|48|Ranged|1|4|14|-3|D6
4013|Macharius Vanquisher||1||Heavy stubber|rapid fire 3|36|Ranged|3|4|4|0|1
4013|Macharius Vanquisher||1||Heavy flamer|ignores cover, torrent|12|Ranged|D6|N/A|5|-1|1
4013|Macharius Vanquisher||1||Heavy bolter|sustained hits 1|36|Ranged|3|4|5|-1|2
4013|Macharius Vanquisher||1||Twin heavy stubber|rapid fire 3, twin-linked|36|Ranged|3|4|4|0|1
4013|Macharius Vanquisher||1||Storm bolter|rapid fire 2|24|Ranged|2|4|4|0|1
4013|Macharius Vanquisher||1||Armoured tracks||Melee|Melee|6|4|8|0|1
4014|Macharius Vulcan||1||Armoured tracks||Melee|Melee|6|4|8|0|1
4014|Macharius Vulcan||1||Heavy flamer|ignores cover, torrent|12|Ranged|D6|N/A|5|-1|1
4014|Macharius Vulcan||1||Heavy bolter|sustained hits 1|36|Ranged|3|4|5|-1|2
4014|Macharius Vulcan||1||Heavy stubber|rapid fire 3|36|Ranged|3|4|4|0|1
4014|Macharius Vulcan||1||Hunter-killer missile|one shot|48|Ranged|1|4|14|-3|D6
4014|Macharius Vulcan||1||Macharius vulcan mega-bolter|sustained hits 1|48|Ranged|16|4|6|-1|2
4014|Macharius Vulcan||1||Storm bolter|rapid fire 2|24|Ranged|2|4|4|0|1
4014|Macharius Vulcan||1||Twin heavy stubber|rapid fire 3, twin-linked|36|Ranged|3|4|4|0|1
4015|Malcador||1||Heavy bolter|sustained hits 1|36|Ranged|3|4|5|-1|2
4015|Malcador||1||Heavy stubber|rapid fire 3|36|Ranged|3|4|4|0|1
4015|Malcador||1||Lascannon||48|Ranged|1|4|12|-3|D6+1
4015|Malcador||1||Malcador battle cannon|blast|48|Ranged|D6+3|4|9|-1|3
4015|Malcador||1||Storm bolter|rapid fire 2|24|Ranged|1|4|4|0|1
4015|Malcador||1||Armoured tracks||Melee|Melee|6|4|7|0|1
4015|Malcador||1||Autocannon||48|Ranged|2|4|9|-1|3
4015|Malcador||1||Hunter-killer missile|one shot|48|Ranged|1|4|14|-3|D6
4016|Malcador Annihilator||1||Hunter-killer missile|one shot|48|Ranged|1|4|14|-3|D6
4016|Malcador Annihilator||1||Heavy stubber|rapid fire 3|36|Ranged|3|4|4|0|1
4016|Malcador Annihilator||1||Heavy bolter|sustained hits 1|36|Ranged|3|4|5|-1|2
4016|Malcador Annihilator||1||Demolisher cannon|blast|24|Ranged|D6+3|4|14|-3|D6
4016|Malcador Annihilator||1||Autocannon||48|Ranged|2|4|9|-1|3
4016|Malcador Annihilator||1||Storm bolter|rapid fire 2|24|Ranged|1|4|4|0|1
4016|Malcador Annihilator||1||Malcador twin lascannon|twin-linked|48|Ranged|1|4|12|-3|D6+1
4016|Malcador Annihilator||1||Lascannon||48|Ranged|1|4|12|-3|D6+1
4016|Malcador Annihilator||1||Armoured tracks||Melee|Melee|6|4|7|0|1
4017|Malcador Defender||1||Hunter-killer missile|one shot|48|Ranged|1|4|14|-3|D6
4017|Malcador Defender||1||Armoured tracks||Melee|Melee|6|4|7|0|1
4017|Malcador Defender||1||Autocannon||48|Ranged|2|4|9|-1|3
4017|Malcador Defender||1||Storm bolter|rapid fire 2|24|Ranged|1|4|4|0|1
4017|Malcador Defender||1||Demolisher cannon|blast|24|Ranged|D6+3|4|14|-3|D6
4017|Malcador Defender||1||Heavy bolter|sustained hits 1|36|Ranged|3|4|5|-1|2
4017|Malcador Defender||1||Heavy stubber|rapid fire 3|36|Ranged|3|4|4|0|1
4017|Malcador Defender||1||Lascannon||48|Ranged|1|4|12|-3|D6+1
4018|Malcador Infernus||1||Storm bolter|rapid fire 2|24|Ranged|1|4|4|0|1
4018|Malcador Infernus||1||Inferno gun|ignores cover, torrent|18|Ranged|D6+3|N/A|5|-2|2
4018|Malcador Infernus||1||Autocannon||48|Ranged|2|4|9|-1|3
4018|Malcador Infernus||1||Lascannon||48|Ranged|1|4|12|-3|D6+1
4018|Malcador Infernus||1||Heavy flamer|ignores cover, torrent|12|Ranged|D6|N/A|5|-1|1
4018|Malcador Infernus||1||Armoured tracks||Melee|Melee|6|4|7|0|1
4018|Malcador Infernus||1||Heavy stubber|rapid fire 3|36|Ranged|3|4|4|0|1
4018|Malcador Infernus||1||Hunter-killer missile|one shot|48|Ranged|1|4|14|-3|D6
4018|Malcador Infernus||1||Heavy bolter|sustained hits 1|36|Ranged|3|4|5|-1|2
4019|Medusa Carriage Battery||1||Medusa siege cannon|blast, heavy, indirect fire|36|Ranged|D6|5|10|-3|3
4019|Medusa Carriage Battery||1||Battery close combat weapons||Melee|Melee|5|4|3|0|1
4020|Minotaur||1||Armoured tracks||Melee|Melee|3|4|6|0|1
4020|Minotaur||1||Minotaur twin earthshaker cannon|blast, indirect fire, twin-linked|240|Ranged|D6+3|4|8|-2|2
4021|Mukaali Riders||1||Plasma gun – standard|rapid fire 1|24|Ranged|1|4|7|-2|1
4021|Mukaali Riders||1||Flamer|ignores cover, torrent|12|Ranged|D6|N/A|4|0|1
4021|Mukaali Riders||1||Stomping feet|extra attacks|Melee|Melee|2|4|4|0|1
4021|Mukaali Riders||1||Meltagun|melta 2|12|Ranged|1|4|9|-4|D6
4021|Mukaali Riders||1||Grenade launcher – krak||24|Ranged|1|4|9|-2|D3
4021|Mukaali Riders||1||Power weapon||Melee|Melee|3|4|4|-2|1
4021|Mukaali Riders||1||Grenade launcher – frag|blast|24|Ranged|D3|4|4|0|1
4021|Mukaali Riders||1||Plasma gun – supercharge|hazardous, rapid fire 1|24|Ranged|1|4|8|-3|2
4021|Mukaali Riders||1||Plasma pistol – standard|rapid fire 1|24|Ranged|1|4|7|-2|1
4021|Mukaali Riders||2||Plasma pistol – supercharge|hazardous, rapid fire 1|24|Ranged|1|4|8|-3|2
4021|Mukaali Riders||1||Chainsword||Melee|Melee|4|4|3|0|1
4021|Mukaali Riders||1||Hunting lance|lance|Melee|Melee|3|4|4|0|1
4021|Mukaali Riders||1||Laspistol|pistol|12|Ranged|1|4|3|0|1
4022|Munitorum Servitors||1||Plasma cannon – supercharge|blast, hazardous, heavy|36|Ranged|D3|6|8|-3|2
4022|Munitorum Servitors||1||Close combat weapon||Melee|Melee|1|5|3|0|1
4022|Munitorum Servitors||1||Servitor’s servo-arm||Melee|Melee|1|5|6|-2|3
4022|Munitorum Servitors||1||Multi-melta|heavy, melta 2|18|Ranged|2|6|9|-4|D6
4022|Munitorum Servitors||1||Heavy bolter|heavy, sustained hits 1|36|Ranged|3|6|5|-1|2
4022|Munitorum Servitors||1||Plasma cannon – standard|blast, heavy|36|Ranged|D3|6|7|-2|1
4023|Praetor||1||Praetor launcher – firestorm|blast, heavy, ignores cover, indirect fire|120|Ranged|2D6|4|6|-1|2
4023|Praetor||1||Heavy stubber|rapid fire 3|36|Ranged|3|4|4|0|1
4023|Praetor||1||Praetor launcher – foehammer|anti-monster 4+, anti-vehicle 4+, blast, heavy, indirect fire|120|Ranged|D6+1|4|4|-2|3
4023|Praetor||1||Heavy bolter|sustained hits 1|36|Ranged|3|4|5|-1|2
4023|Praetor||1||Armoured tracks||Melee|Melee|6|4|7|0|1
4023|Praetor||1||Storm bolter|rapid fire 2|24|Ranged|2|4|4|0|1
4024|Rapier Laser Destroyer Battery||1||Laser destroyer|heavy, twin-linked|36|Ranged|2|5|12|-2|D6+1
4024|Rapier Laser Destroyer Battery||1||Close combat weapon||Melee|Melee|2|4|3|0|1
4025|Regimental Attachés||1||Astropath’s stave|psychic|Melee|Melee|1|4|6|-1|D3
4025|Regimental Attachés||1||Laspistol|pistol|12|Ranged|1|4|3|0|1
4025|Regimental Attachés||1||Close combat weapon||Melee|Melee|1|4|3|0|1
4026|Salamander Command Vehicle||1||Heavy stubber|rapid fire 3|36|Ranged|3|4|4|0|1
4026|Salamander Command Vehicle||1||Heavy bolter|sustained hits 1|36|Ranged|3|4|5|-1|2
4026|Salamander Command Vehicle||1||Heavy flamer|ignores cover, torrent|12|Ranged|D6|N/A|5|-1|1
4026|Salamander Command Vehicle||1||Storm bolter|rapid fire 2|24|Ranged|2|4|4|0|1
4026|Salamander Command Vehicle||1||Armoured tracks||Melee|Melee|3|4|6|0|1
4026|Salamander Command Vehicle||1||Hunter-killer missile|one shot|48|Ranged|1|4|14|-3|D6
4027|Salamander Scout Vehicle||1||Heavy bolter|sustained hits 1|36|Ranged|3|4|5|-1|2
4027|Salamander Scout Vehicle||1||Storm bolter|rapid fire 2|24|Ranged|2|4|4|0|1
4027|Salamander Scout Vehicle||1||Hunter-killer missile|one shot|48|Ranged|1|4|14|-3|D6
4027|Salamander Scout Vehicle||1||Heavy stubber|rapid fire 3|36|Ranged|3|4|4|0|1
4027|Salamander Scout Vehicle||1||Autocannon||48|Ranged|2|4|9|-1|3
4027|Salamander Scout Vehicle||1||Armoured tracks||Melee|Melee|3|4|6|0|1
4028|Sentinel Powerlifter||1||Powerlifter||Melee|Melee|3|4|10|-2|D3
4029|Stormblade||1||Hunter-killer missile|one shot|48|Ranged|1|4|14|-3|D6
4029|Stormblade||1||Lascannon||48|Ranged|1|4|12|-3|D6+1
4029|Stormblade||1||Storm bolter|rapid fire 2|24|Ranged|1|4|4|0|1
4029|Stormblade||1||Stormblade plasma blastgun – supercharge|blast, hazardous|48|Ranged|D6+3|4|10|-3|4
4029|Stormblade||1||Twin heavy bolter|sustained hits 1, twin-linked|36|Ranged|3|4|5|-1|2
4029|Stormblade||1||Twin heavy flamer|ignores cover, torrent, twin-linked|12|Ranged|D6|N/A|5|-1|1
4029|Stormblade||1||Armoured tracks||Melee|Melee|6|4|8|0|1
4029|Stormblade||1||Stormblade plasma blastgun – standard|blast|48|Ranged|D6+3|4|9|-2|3
4029|Stormblade||1||Heavy stubber|rapid fire 3|36|Ranged|3|4|4|0|1
4030|Stygies Destroyer Tank Hunter||1||Stygies laser destroyer|heavy|72|Ranged|2|4|14|-4|D6+3
4030|Stygies Destroyer Tank Hunter||1||Heavy stubber|rapid fire 3|36|Ranged|3|4|4|0|1
4030|Stygies Destroyer Tank Hunter||1||Hunter-killer missile|one shot|48|Ranged|1|4|14|-3|D6
4030|Stygies Destroyer Tank Hunter||1||Armoured tracks||Melee|Melee|3|4|6|0|1
4030|Stygies Destroyer Tank Hunter||1||Storm bolter|rapid fire 2|24|Ranged|2|4|4|0|1
4031|Tarantula Battery||1||Close combat weapon||Melee|Melee|1|4|4|0|1
4031|Tarantula Battery||1||Twin lascannon|twin-linked|48|Ranged|1|4|12|-3|D6+1
4031|Tarantula Battery||1||Twin heavy bolter|sustained hits 1, twin-linked|36|Ranged|3|4|5|-1|2
4032|Tauros Assault Vehicle||1||Heavy flamer|ignores cover, torrent|12|Ranged|D6|N/A|5|-1|1
4032|Tauros Assault Vehicle||1||Tauros grenade launcher – krak||24|Ranged|2|4|9|-2|D3
4032|Tauros Assault Vehicle||1||Armoured frame||Melee|Melee|2|4|5|0|1
4032|Tauros Assault Vehicle||1||Hunter-killer missile|one shot|48|Ranged|1|4|14|-3|D6
4032|Tauros Assault Vehicle||1||Tauros grenade launcher – frag|blast|24|Ranged|D6|4|4|0|1
4033|Tauros Venator||1||Armoured frame||Melee|Melee|2|4|5|0|1
4033|Tauros Venator||1||Twin lascannon|twin-linked|48|Ranged|1|4|12|-3|D6+1
4033|Tauros Venator||1||Hunter-killer missile|one shot|48|Ranged|1|4|14|-3|D6
4033|Tauros Venator||1||Twin multi-laser|twin-linked|36|Ranged|4|4|6|0|1
4034|Trojan Support Vehicle||1||Heavy bolter|sustained hits 1|36|Ranged|3|4|5|-1|2
4034|Trojan Support Vehicle||1||Heavy flamer|ignores cover, torrent|12|Ranged|D6|N/A|5|-1|1
4034|Trojan Support Vehicle||1||Hunter-killer missile|one shot|48|Ranged|1|4|14|-3|D6
4034|Trojan Support Vehicle||1||Armoured tracks||Melee|Melee|3|4|6|0|1
4035|Valdor||1||Storm bolter|rapid fire 2|24|Ranged|2|4|4|0|1
4035|Valdor||1||Lascannon||48|Ranged|1|4|12|-3|D6+1
4035|Valdor||1||Hunter-killer missile|one shot|48|Ranged|1|4|14|-3|D6
4035|Valdor||1||Heavy stubber|rapid fire 3|36|Ranged|3|4|4|0|1
4035|Valdor||1||Autocannon||48|Ranged|2|4|9|-1|3
4035|Valdor||1||Heavy bolter|sustained hits 1|36|Ranged|3|4|5|-1|2
4035|Valdor||1||Heavy flamer|ignores cover, torrent|12|Ranged|D6|N/A|5|-1|1
4035|Valdor||1||Armoured tracks||Melee|Melee|6|4|8|0|1
4035|Valdor||1||Valdor neutron laser|heavy|48|Ranged|2|4|16|-4|D6+1
4036|Chaos Lord||1||Plasma pistol – supercharge|pistol, hazardous|12|Ranged|1|2|8|-3|2
4036|Chaos Lord||1||Daemon hammer|devastating wounds|Melee|Melee|5|3|8|-2|2
4036|Chaos Lord||1||Plasma pistol – standard|pistol|12|Ranged|1|2|7|-2|1
4036|Chaos Lord||1||Astartes chainblade||Melee|Melee|7|2|4|-1|1
4036|Chaos Lord||1||Accursed weapon||Melee|Melee|6|2|5|-2|1
4036|Chaos Lord||1||Power fist||Melee|Melee|5|2|8|-2|2
4037|Chaos Lord In Terminator Armour||1||Power fist||Melee|Melee|5|2|8|-2|2
4037|Chaos Lord In Terminator Armour||1||Paired accursed weapons|twin-linked|Melee|Melee|7|2|5|-2|1
4037|Chaos Lord In Terminator Armour||1||Chainfist|anti-vehicle 3+|Melee|Melee|5|3|8|-2|2
4037|Chaos Lord In Terminator Armour||1||Combi-weapon|anti-infantry 4+, devastating wounds, rapid fire 1|24|Ranged|1|3|4|0|1
4037|Chaos Lord In Terminator Armour||1||Combi-bolter|rapid fire 2|24|Ranged|2|2|4|0|1
4037|Chaos Lord In Terminator Armour||1||Exalted weapon||Melee|Melee|6|2|5|-2|2
4038|Chaos Lord||1||Bolt pistol|pistol|12|Ranged|1|2|4|0|1
4038|Chaos Lord||1||Plasma pistol – supercharge|pistol, hazardous|12|Ranged|1|2|8|-3|2
4038|Chaos Lord||1||Accursed weapon||Melee|Melee|6|2|5|-2|1
4038|Chaos Lord||1||Twin lightning claws|TWIN-LINKED|Melee|Melee|6|2|5|-2|1
4038|Chaos Lord||1||Power fist||Melee|Melee|5|2|8|-2|2
4038|Chaos Lord||1||Plasma pistol – standard|pistol|12|Ranged|1|2|7|-2|1
4039|Chaos Lord On Disc Of Tzeentch||1||Astartes chainsword||Melee|Melee|7|2|4|-1|1
4039|Chaos Lord On Disc Of Tzeentch||1||Accursed weapon||Melee|Melee|6|2|5|-2|1
4039|Chaos Lord On Disc Of Tzeentch||1||Plasma pistol – standard|pistol|12|Ranged|1|2|7|-2|1
4039|Chaos Lord On Disc Of Tzeentch||1||Combi-weapon|anti-infantry 4+, devastating wounds, rapid fire 1|24|Ranged|1|4|4|0|1
4039|Chaos Lord On Disc Of Tzeentch||1||Close combat weapon||Melee|Melee|6|2|4|0|1
4039|Chaos Lord On Disc Of Tzeentch||1||Paired accursed weapons|twin-linked|Melee|Melee|7|2|4|-1|1
4039|Chaos Lord On Disc Of Tzeentch||1||Power fist||Melee|Melee|5|2|8|-2|2
4039|Chaos Lord On Disc Of Tzeentch||1||Bolt pistol|pistol|12|Ranged|1|2|4|0|1
4039|Chaos Lord On Disc Of Tzeentch||1||Combi-bolter|rapid fire 2|24|Ranged|2|2|4|0|1
4039|Chaos Lord On Disc Of Tzeentch||1||Plasma pistol – supercharge|hazardous, pistol|12|Ranged|1|2|8|-3|2
4040|Chaos Lord On Juggernaut||1||Power fist||Melee|Melee|5|2|8|-2|2
4040|Chaos Lord On Juggernaut||1||Paired accursed weapons|twin-linked|Melee|Melee|7|2|4|-1|1
4040|Chaos Lord On Juggernaut||1||Close combat weapon||Melee|Melee|6|2|4|0|1
4040|Chaos Lord On Juggernaut||1||Combi-bolter|rapid fire 2|24|Ranged|2|2|4|0|1
4040|Chaos Lord On Juggernaut||1||Plasma pistol – supercharge|hazardous, pistol|12|Ranged|1|2|8|-3|2
4040|Chaos Lord On Juggernaut||1||Bolt pistol|pistol|12|Ranged|1|2|4|0|1
4040|Chaos Lord On Juggernaut||1||Bladed horn|extra attacks, lance|Melee|Melee|4|4|6|-1|1
4040|Chaos Lord On Juggernaut||1||Combi-weapon|anti-infantry 4+, devastating wounds, rapid fire 1|24|Ranged|1|4|4|0|1
4040|Chaos Lord On Juggernaut||1||Plasma pistol – standard|pistol|12|Ranged|1|2|7|-2|1
4040|Chaos Lord On Juggernaut||1||Accursed weapon||Melee|Melee|6|2|5|-2|1
4040|Chaos Lord On Juggernaut||1||Astartes chainsword||Melee|Melee|7|2|4|-1|1
4041|Chaos Lord On Palanquin Of Nurgle||1||Paired accursed weapons|twin-linked|Melee|Melee|7|2|4|-1|1
4041|Chaos Lord On Palanquin Of Nurgle||1||Plasma pistol – supercharge|hazardous, pistol|12|Ranged|1|2|8|-3|2
4041|Chaos Lord On Palanquin Of Nurgle||1||Close combat weapon||Melee|Melee|6|2|4|0|1
4041|Chaos Lord On Palanquin Of Nurgle||1||Accursed weapon||Melee|Melee|6|2|5|-2|1
4041|Chaos Lord On Palanquin Of Nurgle||1||Combi-weapon|anti-infantry 4+, devastating wounds, rapid fire 1|24|Ranged|1|4|4|0|1
4041|Chaos Lord On Palanquin Of Nurgle||1||Nurgling’s claws and teeth|extra attacks, lethal hits|Melee|Melee|4|5|2|0|1
4041|Chaos Lord On Palanquin Of Nurgle||1||Astartes chainsword||Melee|Melee|7|2|4|-1|1
4041|Chaos Lord On Palanquin Of Nurgle||1||Bolt pistol|pistol|12|Ranged|1|2|4|0|1
4041|Chaos Lord On Palanquin Of Nurgle||1||Combi-bolter|rapid fire 2|24|Ranged|2|2|4|0|1
4041|Chaos Lord On Palanquin Of Nurgle||1||Power fist||Melee|Melee|5|2|8|-2|2
4041|Chaos Lord On Palanquin Of Nurgle||1||Plasma pistol – standard|pistol|12|Ranged|1|2|7|-2|1
4042|Chaos Lord On Steed Of Slaanesh||1||Astartes chainsword||Melee|Melee|7|2|4|-1|1
4042|Chaos Lord On Steed Of Slaanesh||1||Paired accursed weapons|twin-linked|Melee|Melee|7|2|4|-1|1
4042|Chaos Lord On Steed Of Slaanesh||1||Plasma pistol – supercharge|hazardous, pistol|12|Ranged|1|2|8|-3|2
4042|Chaos Lord On Steed Of Slaanesh||1||Lashing tongue|extra attacks, lethal hits|Melee|Melee|2|4|4|0|1
4042|Chaos Lord On Steed Of Slaanesh||1||Close combat weapon||Melee|Melee|6|2|4|0|1
4042|Chaos Lord On Steed Of Slaanesh||1||Accursed weapon||Melee|Melee|6|2|5|-2|1
4042|Chaos Lord On Steed Of Slaanesh||1||Plasma pistol – standard|pistol|12|Ranged|1|2|7|-2|1
4042|Chaos Lord On Steed Of Slaanesh||1||Bolt pistol|pistol|12|Ranged|1|2|4|0|1
4042|Chaos Lord On Steed Of Slaanesh||1||Power fist||Melee|Melee|5|2|8|-2|2
4042|Chaos Lord On Steed Of Slaanesh||1||Combi-bolter|rapid fire 2|24|Ranged|2|2|4|0|1
4042|Chaos Lord On Steed Of Slaanesh||1||Combi-weapon|anti-infantry 4+, devastating wounds, rapid fire 1|24|Ranged|1|4|4|0|1
4043|Chaos Terminator Squad||1||Accursed weapon||Melee|Melee|4|3|5|-2|1
4043|Chaos Terminator Squad||1||Reaper autocannon|devastating wounds, sustained hits 1|36|Ranged|4|3|7|-1|1
4043|Chaos Terminator Squad||1||Paired accursed weapons|twin-linked|Melee|Melee|5|3|5|-2|1
4043|Chaos Terminator Squad||1||Heavy flamer|ignores cover, torrent|12|Ranged|D6|N/A|5|-1|1
4043|Chaos Terminator Squad||1||Power fist||Melee|Melee|3|3|8|-2|2
4043|Chaos Terminator Squad||1||Chainfist|anti-vehicle 3+|Melee|Melee|3|4|8|-2|2
4043|Chaos Terminator Squad||1||Combi-bolter|rapid fire 2|24|Ranged|2|3|4|0|1
4043|Chaos Terminator Squad||1||Combi-weapon|anti-infantry 4+, devastating wounds, rapid fire 1|24|Ranged|1|4|4|0|1
4044|Chosen||1||Plasma pistol – standard|pistol|12|Ranged|1|3|7|-2|1
4044|Chosen||1||Power fist||Melee|Melee|4|3|8|-2|2
4044|Chosen||1||Boltgun||24|Ranged|2|3|4|0|1
4044|Chosen||1||Combi-weapon|anti-infantry 4+, devastating wounds, rapid fire 1|24|Ranged|1|4|4|0|1
4044|Chosen||1||Bolt pistol|pistol|12|Ranged|1|3|4|0|1
4044|Chosen||1||Plasma pistol – supercharge|hazardous, pistol|12|Ranged|1|3|8|-3|2
4044|Chosen||1||Paired accursed weapons|twin-linked|Melee|Melee|5|3|5|-2|1
4044|Chosen||1||Accursed weapon||Melee|Melee|4|3|5|-2|1
4045|Cultist Firebrand||1||Balefire pike|IGNORES COVER, TORRENT|12|Ranged|D6+3|N/A|5|-1|1
4045|Cultist Firebrand||1||Close combat weapon||Melee|Melee|4|4|4|-1|1
4046|CULT DEMAGOGUE||1||Commune stave|devastating wounds|Melee|Melee|2|4|3|0|D3
4046|CULT DEMAGOGUE||1||Commune blade||Melee|Melee|2|4|4|-2|1
4046|CULT DEMAGOGUE||1||Close combat weapon||Melee|Melee|1|4|3|0|1
4046|CULT DEMAGOGUE||1||Warp Curse – witchfire|psychic|18|Ranged|3|3|4|-1|2
4046|CULT DEMAGOGUE||1||Autopistol|pistol|12|Ranged|1|4|3|0|1
4046|CULT DEMAGOGUE||1||Warp Curse – focused witchfire|hazardous, psychic, sustained hits 2|18|Ranged|3|3|5|-1|2
4047|TRAITOR ENFORCER||1||Power fist||Melee|Melee|3|3|6|-2|2
4047|TRAITOR ENFORCER||1||Bolt pistol|pistol|12|Ranged|1|3|4|0|1
4047|TRAITOR ENFORCER||1||Ogryn weapons||Melee|Melee|5|3|7|-1|2
4048|Renegade Enforcer||1||Autogun|rapid fire 1|24|Ranged|1|3|3|0|1
4048|Renegade Enforcer||1||Lasgun|rapid fire 1|24|Ranged|1|3|3|0|1
4048|Renegade Enforcer||1||Power fist||Melee|Melee|3|3|6|-2|2
4048|Renegade Enforcer||1||Power weapon||Melee|Melee|3|3|4|-2|1
4048|Renegade Enforcer||1||Shotgun|assault|12|Ranged|2|3|4|0|1
4048|Renegade Enforcer||1||Enforcer melee weapon||Melee|Melee|4|3|4|0|1
4048|Renegade Enforcer||1||Enforcer pistol|pistol|12|Ranged|1|3|4|0|1
4049|Rogue Psyker||1||Psychic Strike – witchfire|blast, devastating wounds, psychic|12|Ranged|D6|3|6|-2|1
4049|Rogue Psyker||1||Chaos stave|psychic|Melee|Melee|1|4|6|-1|D3
4049|Rogue Psyker||1||Laspistol|pistol|12|Ranged|1|4|3|0|1
4049|Rogue Psyker||1||Psychic Strike – focused witchfire|blast, devastating wounds, hazardous, psychic|12|Ranged|D6+3|3|6|-2|2
4050|Cultist Mob||1||Autopistol|pistol|12|Ranged|1|4|3|0|1
4050|Cultist Mob||1||Bolt pistol|pistol|12|Ranged|1|4|4|0|1
4050|Cultist Mob||1||Brutal assault weapon||Melee|Melee|2|4|3|0|1
4051|Cultist Mob with Firearms||1||Autopistol|pistol|12|Ranged|1|4|3|0|1
4051|Cultist Mob with Firearms||1||Bolt pistol|pistol|12|Ranged|1|4|4|0|1
4051|Cultist Mob with Firearms||1||Autogun|rapid fire 1|24|Ranged|1|4|3|0|1
4051|Cultist Mob with Firearms||1||Grenade launcher – krak||24|Ranged|1|4|9|-2|D3
4051|Cultist Mob with Firearms||1||Heavy stubber|heavy, rapid fire 3|36|Ranged|4|5|4|0|1
4051|Cultist Mob with Firearms||1||Brutal assault weapon||Melee|Melee|2|4|3|0|1
4051|Cultist Mob with Firearms||1||Flamer|ignores cover, torrent|12|Ranged|D6|N/A|4|0|1
4051|Cultist Mob with Firearms||1||Grenade launcher – frag|blast|24|Ranged|D3|4|4|0|1
4051|Cultist Mob with Firearms||1||Close combat weapon||Melee|Melee|1|4|3|0|1
4052|MUTANT||1||Blasphemous appendages||Melee|Melee|2|4|4|0|1
4052|MUTANT||1||Hideous mutations||Melee|Melee|D6+2|4|5|-1|2
4053|Fellgor Beastmen||1||Bolt pistol|pistol|12|Ranged|1|4|4|0|1
4053|Fellgor Beastmen||1||Close combat weapon||Melee|Melee|2|4|4|0|1
4053|Fellgor Beastmen||1||Autopistol|pistol|12|Ranged|1|4|3|0|1
4053|Fellgor Beastmen||1||Great weapon||Melee|Melee|2|5|8|-1|2
4053|Fellgor Beastmen||1||Chainsword||Melee|Melee|3|4|4|0|1
4053|Fellgor Beastmen||1||Plasma pistol – supercharge|hazardous, pistol|12|Ranged|1|4|8|-3|2
4053|Fellgor Beastmen||2||Plasma pistol – standard|pistol|12|Ranged|1|4|7|-2|1
4053|Fellgor Beastmen||1||Corrupted stave|devastating wounds, psychic|Melee|Melee|2|4|4|-1|D3
4053|Fellgor Beastmen||1||Corrupted stave|devastating wounds, psychic|18|Ranged|D3|4|5|-1|1
4054|Traitor Guardsmen Squad||1||Meltagun|melta 2|12|Ranged|1|4|9|-4|D6
4054|Traitor Guardsmen Squad||1||Close combat weapon||Melee|Melee|1|4|3|0|1
4054|Traitor Guardsmen Squad||1||Lasgun|rapid fire 1|24|Ranged|1|4|3|0|1
4054|Traitor Guardsmen Squad||1||Flamer|ignores cover, torrent|12|Ranged|D6|N/A|4|0|1
4054|Traitor Guardsmen Squad||1||Cultist sniper rifle|heavy, precision|36|Ranged|1|4|4|-2|2
4054|Traitor Guardsmen Squad||1||Power weapon||Melee|Melee|2|4|4|-2|1
4054|Traitor Guardsmen Squad||1||Chainsword||Melee|Melee|3|4|3|0|1
4054|Traitor Guardsmen Squad||1||Cultist grenade launcher – frag|blast|24|Ranged|D3|4|4|0|1
4054|Traitor Guardsmen Squad||1||Corrupted pistol|pistol|12|Ranged|1|4|4|-1|1
4054|Traitor Guardsmen Squad||1||Boltgun|rapid fire 1|24|Ranged|1|4|4|0|1
4054|Traitor Guardsmen Squad||1||Cultist grenade launcher – krak||24|Ranged|1|4|9|-2|D3
4054|Traitor Guardsmen Squad||1||Plasma gun – supercharge|hazardous, rapid fire 1|24|Ranged|1|4|8|-3|2
4054|Traitor Guardsmen Squad||2||Plasma gun – standard|rapid fire 1|24|Ranged|1|4|7|-2|1
4055|NIGHTMARE HULK||1||Hideous mutations||Melee|Melee|4|4|6|-1|2
4055|NIGHTMARE HULK||1||Belly-flamer|ignores cover, torrent|12|Ranged|D6|N/A|5|0|1
4055|NIGHTMARE HULK||1||Brutal weapons||Melee|Melee|2|4|4|0|1
4056|Mutoid Vermin||1||Diseased claws and fangs|lethal hits|Melee|Melee|2|4|2|0|1
4057|Negavolt Cultists||1||Electro-goads|sustained hits 2|Melee|Melee|3|3|4|0|1
4058|Renegade Heavy Weapons Squad||1||Mortar|blast, heavy, indirect fire|48|Ranged|D6|5|5|0|1
4058|Renegade Heavy Weapons Squad||1||Autocannon|heavy|48|Ranged|2|5|9|-1|3
4058|Renegade Heavy Weapons Squad||1||Heavy bolter|heavy, sustained hits 1|36|Ranged|3|5|5|-1|2
4058|Renegade Heavy Weapons Squad||1||Heavy stubber|heavy, rapid fire 3|36|Ranged|4|5|4|0|1
4058|Renegade Heavy Weapons Squad||1||Lascannon|heavy|48|Ranged|1|5|12|-3|D6+1
4058|Renegade Heavy Weapons Squad||1||Missile launcher – frag|blast, heavy|48|Ranged|D6|5|4|0|1
4058|Renegade Heavy Weapons Squad||2||Missile launcher – krak|heavy|48|Ranged|1|5|9|-2|D6
4058|Renegade Heavy Weapons Squad||1||Renegade firearm|rapid fire 1|24|Ranged|1|4|3|0|1
4058|Renegade Heavy Weapons Squad||1||Close combat weapons||Melee|Melee|2|4|3|0|1
4059|OGRYN PACK MASTER||1||Mauler goad and ripper claw||Melee|Melee|4|3|6|-1|2
4059|OGRYN PACK MASTER||1||Befouled claws and fangs||Melee|Melee|2|3|5|0|1
4060|Renegade Ogryn Brutes||1||Ogryn weapon||Melee|Melee|3|3|6|-1|2
4060|Renegade Ogryn Brutes||1||Ogryn power drill||Melee|Melee|3|3|10|-2|2
4061|Renegade Plague Ogryns||1||Ogryn plague claws|lethal hits|Melee|Melee|3|3|6|-1|2
4062|DARK APOSTLE||1||Accursed crozius||Melee|Melee|5|2|6|-1|2
4062|DARK APOSTLE||1||Close combat weapon||Melee|Melee|1|4|3|0|1
4062|DARK APOSTLE||1||Bolt pistol|pistol|12|Ranged|1|3|4|0|1
4063|Havocs||1||Accursed weapon||Melee|Melee|4|3|5|-2|1
4063|Havocs||1||Astartes chainsword||Melee|Melee|5|3|4|-1|1
4063|Havocs||1||Close combat weapon||Melee|Melee|3|3|4|0|1
4063|Havocs||1||Plasma gun – standard|RAPID FIRE 1|24|Ranged|1|3|7|-2|1
4063|Havocs||1||Flamer|ignores cover, torrent|12|Ranged|D6|N/A|4|0|1
4063|Havocs||1||Havoc heavy bolter|sustained hits 1|36|Ranged|3|3|5|-1|2
4063|Havocs||1||Plasma pistol – supercharge|HAZARDOUS, PISTOL|12|Ranged|1|3|8|-3|2
4063|Havocs||1||Havoc lascannon||48|Ranged|1|3|12|-3|D6+1
4063|Havocs||1||Havoc missile launcher – frag|blast|48|Ranged|D6|3|4|0|1
4063|Havocs||2||Havoc missile launcher – krak||48|Ranged|1|3|9|-2|D6
4063|Havocs||1||Havoc reaper chaincannon||24|Ranged|8|3|5|0|1
4063|Havocs||1||Meltagun|MELTA 2|12|Ranged|1|3|9|-4|D6
4063|Havocs||1||Boltgun||24|Ranged|2|3|4|0|1
4063|Havocs||1||Plasma gun – supercharge|HAZARDOUS, RAPID FIRE 1|24|Ranged|1|3|8|-3|2
4063|Havocs||1||Havoc autocannon||48|Ranged|2|3|9|-1|3
4063|Havocs||1||Plasma pistol – standard |PISTOL|12|Ranged|1|3|7|-2|1
4063|Havocs||1||Power fist||Melee|Melee|3|3|8|-2|2
4064|Legionaries||1||Missile launcher – frag|BLAST, HEAVY|48|Ranged|D6|4|4|0|1
4064|Legionaries||1||Havoc autocannon||48|Ranged|2|4|9|-1|3
4064|Legionaries||1||Flamer|ignores cover, torrent|12|Ranged|D6|N/A|4|0|1
4064|Legionaries||1||Bolt pistol|pistol|12|Ranged|1|3|4|0|1
4064|Legionaries||1||Balefire tome|psychic|18|Ranged|2|3|5|-1|1
4064|Legionaries||1||Boltgun||24|Ranged|2|3|4|0|1
4064|Legionaries||1||Meltagun|melta 2|12|Ranged|1|3|9|-4|D6
4064|Legionaries||1||Heavy bolter|HEAVY, SUSTAINED HITS 1|36|Ranged|3|4|5|-1|2
4064|Legionaries||1||Plasma pistol – supercharge|hazardous, pistol|12|Ranged|1|3|8|-3|2
4064|Legionaries||2||Plasma pistol – standard|pistol|12|Ranged|1|3|7|-2|1
4064|Legionaries||1||Plasma gun – supercharge|HAZARDOUS, RAPID FIRE 1|24|Ranged|1|3|8|-3|2
4064|Legionaries||2||Plasma gun – standard|RAPID FIRE 1|24|Ranged|1|3|7|-2|1
4064|Legionaries||1||Lascannon|HEAVY|48|Ranged|1|4|12|-3|D6+1
4064|Legionaries||1||Missile launcher – krak|HEAVY|48|Ranged|1|4|9|-2|D6
4064|Legionaries||1||Heavy melee weapon||Melee|Melee|3|3|8|-2|2
4064|Legionaries||1||Close combat weapon||Melee|Melee|3|3|4|0|1
4064|Legionaries||1||Astartes chainsword||Melee|Melee|4|3|4|-1|1
4064|Legionaries||1||Accursed weapon||Melee|Melee|4|3|5|-2|1
4064|Legionaries||1||Reaper chaincannon|heavy|24|Ranged|8|4|5|0|1
4065|Master Of Possession||1||Rite of Possession – focused witchfire|anti-psyker 2+, hazardous, pistol, precision, psychic|18|Ranged|2|3|6|-3|3
4065|Master Of Possession||1||Bolt pistol|pistol|12|Ranged|1|3|4|0|1
4065|Master Of Possession||1||Rite of Possession – witchfire|anti-psyker 2+, pistol, precision, psychic|18|Ranged|2|3|4|-3|2
4065|Master Of Possession||1||Staff of possession|anti-psyker 2+, psychic|Melee|Melee|4|3|6|-1|D3
4066|Possessed||1||Hideous mutations||Melee|Melee|4|3|5|-1|2
4067|Raptors||1||Plasma pistol – standard|pistol|12|Ranged|1|3|7|-2|1
4067|Raptors||1||Accursed weapon||Melee|Melee|4|3|5|-2|1
4067|Raptors||1||Plasma gun – supercharge|hazardous, rapid fire 1|24|Ranged|1|3|8|-3|2
4067|Raptors||1||Astartes chainsword||Melee|Melee|4|3|4|-1|1
4067|Raptors||1||Heavy melee weapon||Melee|Melee|3|3|8|-2|2
4067|Raptors||1||Close combat weapon||Melee|Melee|3|3|4|0|1
4067|Raptors||1||Bolt pistol|pistol|12|Ranged|1|3|4|0|1
4067|Raptors||1||Mutations||Melee|Melee|4|3|5|-2|1
4067|Raptors||1||Flamer|ignores cover, torrent|12|Ranged|D6|N/A|4|0|1
4067|Raptors||1||Plasma gun – standard|rapid fire 1|24|Ranged|1|3|7|-2|1
4067|Raptors||1||Plasma pistol – supercharge|hazardous, pistol|12|Ranged|1|3|8|-3|2
4067|Raptors||1||Meltagun|melta 2|12|Ranged|1|3|9|-4|D6
4068|Sorcerer||1||Infernal Gaze – focused witchfire|devastating wounds, hazardous, psychic|24|Ranged|D6|3|6|-2|D3
4068|Sorcerer||1||Force weapon|psychic|Melee|Melee|4|3|6|-1|D3
4068|Sorcerer||1||Bolt pistol|pistol|12|Ranged|1|3|4|0|1
4068|Sorcerer||1||Infernal Gaze – witchfire|psychic|24|Ranged|D6|3|5|-1|D3
4069|Sorcerer On Disc Of Tzeentch||1||Force weapon|psychic|Melee|Melee|4|3|6|-1|D3
4069|Sorcerer On Disc Of Tzeentch||1||Plasma pistol – supercharge|hazardous, pistol|12|Ranged|1|2|8|-3|2
4069|Sorcerer On Disc Of Tzeentch||1||Power fist||Melee|Melee|3|3|8|-2|2
4069|Sorcerer On Disc Of Tzeentch||1||Astartes chainsword||Melee|Melee|5|3|4|-1|1
4069|Sorcerer On Disc Of Tzeentch||1||Accursed weapon||Melee|Melee|4|3|5|-2|1
4069|Sorcerer On Disc Of Tzeentch||1||Plasma pistol – standard|pistol|12|Ranged|1|2|7|-2|1
4069|Sorcerer On Disc Of Tzeentch||1||Infernal Gaze – witchfire|psychic|24|Ranged|D6|3|5|-1|D3
4069|Sorcerer On Disc Of Tzeentch||2||Infernal Gaze – focused witchfire|devastating wounds, hazardous, psychic|24|Ranged|D6|3|6|-2|D3
4069|Sorcerer On Disc Of Tzeentch||1||Combi-weapon|anti-infantry 4+, devastating wounds, rapid fire 1|24|Ranged|1|4|4|0|1
4069|Sorcerer On Disc Of Tzeentch||1||Combi-bolter|rapid fire 2|24|Ranged|2|2|4|0|1
4069|Sorcerer On Disc Of Tzeentch||1||Bolt pistol|pistol|12|Ranged|1|2|4|0|1
4070|Sorcerer On Palanquin Of Nurgle||1||Power fist||Melee|Melee|3|3|8|-2|2
4070|Sorcerer On Palanquin Of Nurgle||1||Nurgling’s claws and teeth|extra attacks, lethal hits|Melee|Melee|4|5|2|0|1
4070|Sorcerer On Palanquin Of Nurgle||1||Force weapon|psychic|Melee|Melee|4|3|6|-1|D3
4070|Sorcerer On Palanquin Of Nurgle||1||Plasma pistol – standard|pistol|12|Ranged|1|2|7|-2|1
4070|Sorcerer On Palanquin Of Nurgle||1||Combi-weapon|anti-infantry 4+, devastating wounds, rapid fire 1|24|Ranged|1|4|4|0|1
4070|Sorcerer On Palanquin Of Nurgle||1||Infernal Gaze – focused witchfire|devastating wounds, hazardous, psychic|24|Ranged|D6|3|6|-2|D3
4070|Sorcerer On Palanquin Of Nurgle||2||Infernal Gaze – witchfire|psychic|24|Ranged|D6|3|5|-1|D3
4070|Sorcerer On Palanquin Of Nurgle||1||Plasma pistol – supercharge|hazardous, pistol|12|Ranged|1|2|8|-3|2
4070|Sorcerer On Palanquin Of Nurgle||1||Accursed weapon||Melee|Melee|4|3|5|-2|1
4070|Sorcerer On Palanquin Of Nurgle||1||Combi-bolter|rapid fire 2|24|Ranged|2|2|4|0|1
4070|Sorcerer On Palanquin Of Nurgle||1||Bolt pistol|pistol|12|Ranged|1|2|4|0|1
4070|Sorcerer On Palanquin Of Nurgle||1||Astartes chainsword||Melee|Melee|5|3|4|-1|1
4071|Sorcerer On Steed Of Slaanesh||1||Astartes chainsword||Melee|Melee|5|3|4|-1|1
4071|Sorcerer On Steed Of Slaanesh||1||Force weapon|psychic|Melee|Melee|4|3|6|-1|D3
4071|Sorcerer On Steed Of Slaanesh||1||Plasma pistol – supercharge|hazardous, pistol|12|Ranged|1|2|8|-3|2
4071|Sorcerer On Steed Of Slaanesh||1||Lashing tongue|extra attacks, lethal hits|Melee|Melee|2|3|4|0|1
4071|Sorcerer On Steed Of Slaanesh||1||Combi-bolter|rapid fire 2|24|Ranged|2|2|4|0|1
4071|Sorcerer On Steed Of Slaanesh||1||Bolt pistol|pistol|12|Ranged|1|2|4|0|1
4071|Sorcerer On Steed Of Slaanesh||1||Power fist||Melee|Melee|3|3|8|-2|2
4071|Sorcerer On Steed Of Slaanesh||1||Combi-weapon|anti-infantry 4+, devastating wounds, rapid fire 1|24|Ranged|1|4|4|0|1
4071|Sorcerer On Steed Of Slaanesh||1||Infernal Gaze – focused witchfire|devastating wounds, hazardous, psychic|24|Ranged|D6|3|6|-2|D3
4071|Sorcerer On Steed Of Slaanesh||2||Infernal Gaze – witchfire|psychic|24|Ranged|D6|3|5|-1|D3
4071|Sorcerer On Steed Of Slaanesh||1||Plasma pistol – standard|pistol|12|Ranged|1|2|7|-2|1
4071|Sorcerer On Steed Of Slaanesh||1||Accursed weapon||Melee|Melee|4|3|5|-2|1
4072|Sorcerer In Terminator Armour||1||Combi-bolter|rapid fire 2|24|Ranged|2|3|4|0|1
4072|Sorcerer In Terminator Armour||1||Infernal Gaze – focused witchfire|devastating wounds, hazardous, psychic|24|Ranged|D6|3|6|-2|D3
4072|Sorcerer In Terminator Armour||2||Infernal Gaze – witchfire|psychic|24|Ranged|D6|3|5|-1|D3
4072|Sorcerer In Terminator Armour||1||Force weapon|psychic|Melee|Melee|4|3|6|-1|D3
4072|Sorcerer In Terminator Armour||1||Combi-weapon|anti-infantry 4+, devastating wounds, rapid fire 1|24|Ranged|1|4|4|0|1
4073|Warp Talons||1||Warp claws|twin-linked|Melee|Melee|4|3|5|-2|1
4074||1|1||Holy fire|ignores cover, one shot, torrent|12|Ranged|D6|N/A|6|-1|2
4074||2|1||Meltagun|melta 2|12|Ranged|1|4|9|-4|D6
4074||3|1||Ministorum flamer|ignores cover, torrent|12|Ranged|D6|N/A|5|0|1
4074||4|1||Ministorum hand flamer|ignores cover, pistol, torrent|12|Ranged|D6|N/A|4|0|1
4074||5|1||Plasma gun – standard|rapid fire 1|24|Ranged|1|4|7|-2|1
4074||6|2||Plasma gun – supercharge|hazardous, rapid fire 1|24|Ranged|1|4|8|-3|2
4074||7|1||Burning hands|devastating wounds|Melee|Melee|1|2|6|-2|3
4074||8|1||Close combat weapon||Melee|Melee|2|3|3|0|1
4074||9|1||Death Cult blades|precision|Melee|Melee|4|2|4|-2|1
4074||10|1||Sanctifier melee weapon||Melee|Melee|3|3|3|0|1
4075||1|1||Holy fire|ignores cover, one shot, torrent|12|Ranged|D6|N/A|6|-1|2
4075||2|1||Meltagun|melta 2|12|Ranged|1|4|9|-4|D6
4075||3|1||Ministorum flamer|ignores cover, torrent|12|Ranged|D6|N/A|5|0|1
4075||4|1||Ministorum hand flamer|ignores cover, pistol, torrent|12|Ranged|D6|N/A|4|0|1
4075||5|1||Plasma gun – standard|rapid fire 1|24|Ranged|1|4|7|-2|1
4075||6|2||Plasma gun – supercharge|hazardous, rapid fire 1|24|Ranged|1|4|8|-3|2
4075||7|1||Burning hands|devastating wounds|Melee|Melee|1|2|6|-2|3
4075||8|1||Close combat weapon||Melee|Melee|2|3|3|0|1
4075||9|1||Death Cult blades|precision|Melee|Melee|4|2|4|-2|1
4075||10|1||Sanctifier melee weapon||Melee|Melee|3|3|3|0|1
4076||1|1||Autopistol|pistol|12|Ranged|1|4|3|0|1
4076||2|1||Blood harpoon|assault, sustained hits d3|18|Ranged|1|4|5|-1|2
4076||3|1||Chainblade|lance|Melee|Melee|3|4|3|0|1
4076||4|1||Close combat weapon||Melee|Melee|2|4|3|0|1
4077|Fulgrim|1|1||Malefic lash|sustained hits 1|12|Ranged|6|2|8|-2|2
4077|Fulgrim|2|1||Daemonic blades – strike|sustained hits 1|Melee|Melee|6|2|14|-3|D6+1
4077|Fulgrim|3|2||Daemonic blades – sweep|sustained hits 1|Melee|Melee|12|2|8|-2|2
4077|Fulgrim|4|1||Serpentine tail|extra attacks|Melee|Melee|6|2|6|-1|1
4078|Lord Exultant|1|1||Bolt pistol|pistol|12|Ranged|1|2|4|0|1
4078|Lord Exultant|2|1||Plasma pistol - standard|pistol|12|Ranged|1|2|7|-2|1
4078|Lord Exultant|3|2||Plasma pistol - supercharge|hazardous, pistol|12|Ranged|1|2|8|-3|2
4078|Lord Exultant|4|1||Screamer pistol|ignores cover, pistol|12|Ranged|3|2|5|-1|2
4078|Lord Exultant|5|1||Close combat weapon||Melee|Melee|6|2|4|0|1
4078|Lord Exultant|6|1||Master-crafted power sword|precision|Melee|Melee|5|2|5|-2|2
4078|Lord Exultant|7|1||Phoenix power spear|lance|Melee|Melee|5|2|7|-2|2
4078|Lord Exultant|8|1||Power fist||Melee|Melee|5|2|8|-2|2
4078|Lord Exultant|9|1||Rapture lash|extra attacks|Melee|Melee|4|2|4|-1|1
4079|Tormentors|1|1||Bolt pistol|pistol, precision|12|Ranged|1|3|4|0|1
4079|Tormentors|2|1||Boltgun|precision|24|Ranged|2|3|4|0|1
4079|Tormentors|3|1||Meltagun|melta 2, precision|12|Ranged|1|3|9|-4|D6
4079|Tormentors|4|1||Plasma gun - standard|precision, rapid fire 1|24|Ranged|1|3|7|-2|1
4079|Tormentors|5|2||Plasma gun - supercharge|hazardous, precision, rapid fire 1|24|Ranged|1|3|8|-3|2
4079|Tormentors|6|1||Plasma pistol - standard|pistol, precision|12|Ranged|1|3|7|-2|1
4079|Tormentors|7|2||Plasma pistol - supercharge|hazardous, pistol, precision|12|Ranged|1|3|8|-3|2
4079|Tormentors|8|1||Close combat weapon||Melee|Melee|3|3|4|0|1
4079|Tormentors|9|1||Power sword||Melee|Melee|4|3|5|-2|1
4079|Tormentors|10|1||Rapture lash||Melee|Melee|6|3|4|-1|1
4080|Infractors|1|1||Bolt pistol|pistol|12|Ranged|1|3|4|0|1
4080|Infractors|2|1||Plasma pistol - standard|pistol|12|Ranged|1|3|7|-2|1
4080|Infractors|3|2||Plasma pistol - supercharge|hazardous, pistol|12|Ranged|1|3|8|-3|2
4080|Infractors|4|1||Duelling sabre|precision|Melee|Melee|4|3|4|-1|1
4080|Infractors|5|1||Power sword|precision|Melee|Melee|4|3|5|-2|1
4080|Infractors|6|1||Rapture lash|precision|Melee|Melee|6|3|4|-1|1
4081|Terminator Squad|1|1||Combi-bolter|rapid fire 2|24|Ranged|2|3|4|0|1
4081|Terminator Squad|2|1||Combi-weapon|anti-infantry 4+, devastating wounds, rapid fire 1|24|Ranged|1|4|4|0|1
4081|Terminator Squad|3|1||Heavy flamer|ignores cover, torrent|12|Ranged|D6|N/A|5|-1|1
4081|Terminator Squad|4|1||Reaper autocannon|devastating wounds, sustained hits 1|36|Ranged|4|3|7|-1|1
4081|Terminator Squad|5|1||Accursed weapon||Melee|Melee|4|3|5|-2|1
4081|Terminator Squad|6|1||Chainfist|anti-vehicle 3+|Melee|Melee|3|4|8|-2|2
4081|Terminator Squad|7|1||Paired accursed weapons|twin-linked|Melee|Melee|5|3|5|-2|1
4081|Terminator Squad|8|1||Power fist||Melee|Melee|3|3|8|-2|2
4082|Chaos Land Raider|1|1||Combi-bolter|rapid fire 2|24|Ranged|2|3|4|0|1
4082|Chaos Land Raider|2|1||Combi-weapon|anti-infantry 4+, devastating wounds, rapid fire 1|24|Ranged|1|4|4|0|1
4082|Chaos Land Raider|3|1||Havoc launcher|blast|48|Ranged|D6|3|5|0|1
4082|Chaos Land Raider|4|1||Soulshatter lascannon||48|Ranged|2|3|12|-3|D6+1
4082|Chaos Land Raider|5|1||Twin heavy bolter|sustained hits 1, twin-linked|36|Ranged|3|3|5|-1|2
4082|Chaos Land Raider|6|1||Armoured tracks||Melee|Melee|6|4|8|0|1
4083|Lucius the Eternal|1|1||Blade of the Laer|precision|Melee|Melee|6|2|8|-3|3
4083|Lucius the Eternal|2|1||Lash of Torment|sustained hits 1|Melee|Melee|10|2|4|-1|1
4084|Lord Kakophonist|1|1||Screamer pistol|ignores cover, pistol|12|Ranged|3|2|5|-1|2
4084|Lord Kakophonist|2|1||Close combat weapon||Melee|Melee|6|2|4|0|1
4084|Lord Kakophonist|3|1||Power sword||Melee|Melee|6|2|5|-2|1
4085|Sorcerer|1|1||Agonising Energies – witchfire|psychic|18|Ranged|D6|3|5|-1|D3
4085|Sorcerer|2|2||Agonising Energies – focused witchfire|devastating wounds, hazardous, psychic|18|Ranged|D6|3|6|-2|D3
4085|Sorcerer|3|1||Bolt pistol|pistol|12|Ranged|1|3|4|0|1
4085|Sorcerer|4|1||Force weapon|psychic|Melee|Melee|4|3|6|-2|D3
4086|Daemon Prince of Slaanesh|1|1||Infernal cannon||24|Ranged|3|2|5|-1|2
4086|Daemon Prince of Slaanesh|2|1||Hellforged weapons – strike||Melee|Melee|6|2|8|-2|3
4086|Daemon Prince of Slaanesh|3|2||Hellforged weapons – sweep||Melee|Melee|14|2|6|0|1
4087|Daemon Prince of Slaanesh with Wings|1|1||Infernal cannon||24|Ranged|3|2|5|-1|2
4087|Daemon Prince of Slaanesh with Wings|2|1||Hellforged weapons – strike||Melee|Melee|6|2|8|-2|3
4087|Daemon Prince of Slaanesh with Wings|3|2||Hellforged weapons – sweep||Melee|Melee|14|2|6|0|1
4088|Noise Marines|1|1||Blastmaster – single frequency|ignores cover|18|Ranged|3|3|10|-2|3
4088|Noise Marines|2|2||Blastmaster – varied frequency|ignores cover|18|Ranged|6|3|6|-2|1
4088|Noise Marines|3|1||Screamer pistol|ignores cover, pistol|12|Ranged|3|3|5|-1|2
4088|Noise Marines|4|1||Sonic blaster|ignores cover|18|Ranged|3|3|5|-1|2
4088|Noise Marines|5|1||Close combat weapon||Melee|Melee|3|3|4|0|1
4088|Noise Marines|6|1||Power sword||Melee|Melee|4|3|5|-2|1
4089|Flawless Blades|1|1||Bolt pistol|pistol|12|Ranged|1|3|4|0|1
4089|Flawless Blades|2|1||Blissblade||Melee|Melee|4|2|6|-3|2
4090|Chaos Spawn|1|1||Hideous mutations||Melee|Melee|D6+2|4|5|-1|2
4091|Maulerfiend|1|1||Magma cutters|melta 2|6|Ranged|2|3|9|-4|D6
4091|Maulerfiend|2|1||Lasher tendrils|extra attacks|Melee|Melee|6|3|7|-1|1
4091|Maulerfiend|3|1||Maulerfiend fists||Melee|Melee|6|3|14|-2|D6+1
4092|Heldrake|1|1||Baleflamer|ignores cover, torrent|12|Ranged|D6+3|N/A|6|-1|2
4092|Heldrake|2|1||Hades autocannon||36|Ranged|6|3|8|-1|2
4092|Heldrake|3|1||Heldrake claws|anti-fly 2+, devastating wounds|Melee|Melee|5|3|7|-1|2
4093|Chaos Rhino|1|1||Combi-bolter|rapid fire 2|24|Ranged|2|3|4|0|1
4093|Chaos Rhino|2|1||Combi-weapon|anti-infantry 4+, devastating wounds, rapid fire 1|24|Ranged|1|4|4|0|1
4093|Chaos Rhino|3|1||Havoc launcher|blast|48|Ranged|D6|3|5|0|1
4093|Chaos Rhino|4|1||Armoured tracks||Melee|Melee|3|4|6|0|1
4094|Shalaxi Helbane|1|1||Lash of Slaanesh|assault|12|Ranged|6|2|6|-1|2
4094|Shalaxi Helbane|2|1||Pavane of Slaanesh – witchfire|devastating wounds, psychic|18|Ranged|D6|2|9|-1|D3
4094|Shalaxi Helbane|3|2||Pavane of Slaanesh – focused witchfire|hazardous, devastating wounds, psychic, sustained hits 3|18|Ranged|D6|2|9|-2|D3
4094|Shalaxi Helbane|4|1||Snapping claws|devastating wounds, extra attacks|Melee|Melee|4|2|6|-2|3
4094|Shalaxi Helbane|5|1||Soulpiercer|precision|Melee|Melee|6|2|12|-3|D6+2
4095|Daemonettes|1|1||Slashing claws|devastating wounds|Melee|Melee|3|3|4|-1|1
4096|Fiends|1|1||Barbed tail and dissecting claws|devastating wounds|Melee|Melee|5|3|5|-2|2
4097|Keeper of Secrets|1|1||Living whip|assault|12|Ranged|6|2|6|-1|2
4097|Keeper of Secrets|2|1||Phantasmagoria – witchfire|devastating wounds, psychic|18|Ranged|6|2|6|-2|1
4097|Keeper of Secrets|3|2||Phantasmagoria – focused witchfire|devastating wounds, hazardous, psychic|18|Ranged|9|2|6|-2|1
4097|Keeper of Secrets|4|1||Ritual knife|extra attacks|Melee|Melee|3|2|6|-2|2
4097|Keeper of Secrets|5|1||Snapping claws|devastating wounds, extra attacks|Melee|Melee|4|2|6|-2|3
4097|Keeper of Secrets|6|1||Witstealer sword||Melee|Melee|6|2|8|-2|3
4098|Seekers|1|1||Lashing tongue|extra attacks, lethal hits|Melee|Melee|2|4|4|0|1
4098|Seekers|2|1||Slashing claws|devastating wounds|Melee|Melee|3|3|4|-1|1
4099|Noise Marines||1||Blastmaster – varied frequency|ignores cover|18|Ranged|6|3|6|-2|1
4099|Noise Marines||2||Blastmaster – single frequency|ignores cover|18|Ranged|3|3|10|-2|3
4099|Noise Marines||1||Screamer pistol|ignores cover, pistol|12|Ranged|3|3|5|-1|2
4099|Noise Marines||1||Sonic blaster|ignores cover|18|Ranged|3|3|5|-1|2
4099|Noise Marines||1||Close combat weapon||Melee|Melee|3|3|4|0|1
4099|Noise Marines||1||Power sword||Melee|Melee|4|3|5|-2|1
4100|Tormentbringer|1|1||Lashes of torment|anti-infantry 3+, assault, pistol|12|Ranged|6|2|4|-1|2
4100|Tormentbringer|2|1||Lashes of torment|anti-infantry 3+, extra attacks|Melee|Melee|6|2|4|-1|2
4100|Tormentbringer|3|1||Seeker tongues|extra attacks, lethal hits|Melee|Melee|4|4|4|0|1
4100|Tormentbringer|4|1||Slashing claws|devastating wounds|Melee|Melee|8|3|4|-1|1
4103||1|1||Lacerator and daemonic claw||Melee|Melee|6|2|10|-2|2
4104|Skarbrand|1|1||Bellow of endless fury|ignores cover, torrent|12|Ranged|2D6|N/A|8|-1|1
4104|Skarbrand|2|1||Slaughter and Carnage – strike||Melee|Melee|8|2|16|-4|6
4104|Skarbrand|3|2||Slaughter and Carnage – sweep||Melee|Melee|16|2|8|-2|2
4105|Bloodthirster|1|1||Bloodflail|devastating wounds|12|Ranged|1|2|16|-3|D6+1
4105|Bloodthirster|2|1||Hellfire breath|ignores cover, torrent|12|Ranged|D6|N/A|5|-1|1
4105|Bloodthirster|3|1||Lash of Khorne||12|Ranged|9|2|8|-1|2
4105|Bloodthirster|4|1||Axe of Khorne – strike||Melee|Melee|8|2|14|-4|D3+1
4105|Bloodthirster|5|2||Axe of Khorne – sweep||Melee|Melee|16|2|8|-2|1
4105|Bloodthirster|6|1||Great axe of Khorne – strike||Melee|Melee|7|2|16|-4|D6+2
4105|Bloodthirster|7|2||Great axe of Khorne – sweep||Melee|Melee|14|2|10|-2|2
4106|Bloodletters|1|1||Hellblade||Melee|Melee|2|3|5|-2|2
4107|Bloodcrushers|1|1||Hellblade||Melee|Melee|2|3|5|-2|2
4107|Bloodcrushers|2|1||Bladed horn|extra attacks, lance|Melee|Melee|4|4|6|-1|1
4108|Flesh Hounds|1|1||Burning roar|ignores cover, torrent|12|Ranged|D6|N/A|4|0|1
4108|Flesh Hounds|2|1||Gore-drenched fangs||Melee|Melee|3|3|5|-1|1
4109|Lord of Poxes|1|1||Plasma pistol – standard|pistol|12|Ranged|1|2|7|-2|1
4109|Lord of Poxes|2|2||Plasma pistol – supercharge|hazardous, pistol|12|Ranged|1|2|8|-3|2
4109|Lord of Poxes|3|1||Great plague blade|devastating wounds, lethal Hits|Melee|Melee|6|2|8|-2|2
4110|Foetid Bloat-drone|1|1||Heavy blight launcher|blast, lethal hits|36|Ranged|D6+2|3|10|-2|3
4110|Foetid Bloat-drone|2|1||Plague probe|lethal hits|Melee|Melee|3|3|6|-1|1
4111|Rotigus|1|1||Streams of brackish filth|devastating wounds, ignores cover, torrent|12|Ranged|2D6|N/A|8|-2|1
4111|Rotigus|2|1||Gnarlrod – strike|lethal hits, psychic|Melee|Melee|7|2|10|-3|3
4111|Rotigus|3|2||Gnarlrod – sweep|lethal hits, psychic|Melee|Melee|14|2|8|-1|1
4112|Great Unclean One|1|1||Plague flail||6|Ranged|D6+1|3|7|-2|2
4112|Great Unclean One|2|1||Putrid vomit|ignores cover, torrent|12|Ranged|D6+3|N/A|5|-2|1
4112|Great Unclean One|3|1||Bileblade|extra attacks, lethal hits|Melee|Melee|3|2|6|-2|2
4112|Great Unclean One|4|1||Bilesword – strike|lethal hits|Melee|Melee|6|2|10|-2|D6+1
4112|Great Unclean One|5|2||Bilesword – sweep|lethal hits|Melee|Melee|12|2|7|-1|1
4112|Great Unclean One|6|1||Doomsday bell|lethal hits, Reverberating summons|Melee|Melee|6|2|7|-1|2
4113|Plaguebearers|1|1||Plaguesword|lethal hits|Melee|Melee|2|3|4|-1|1
4114|Plague Drones|1|1||Death’s heads|blast, lethal hits|12|Ranged|D3|4|4|0|1
4114|Plague Drones|2|1||Foul mouthparts|extra attacks, lethal hits|Melee|Melee|2|4|5|-1|2
4114|Plague Drones|3|1||Plaguesword|lethal hits|Melee|Melee|2|3|4|-1|1
4115|Beasts of Nurgle|1|1||Putrid appendages|devastating wounds|Melee|Melee|6|4|6|-1|2
4116|Nurglings|1|1||Diseased claws and teeth|lethal hits|Melee|Melee|4|5|2|0|1
4117|Ravener Prime|1|1||Venom bolt|assault, ignores cover, torrent|12|Ranged|D6+3|N/A|6|-1|1
4117|Ravener Prime|2|1||Prime claws and talons|anti-monster 5+, anti-vehicle 5+, twin-linked|Melee|Melee|6|3|5|-2|2
4117|Ravener Prime|3|1||Ravener heavy claws and talons|anti-monster 5+, anti-vehicle 5+, twin-linked|Melee|Melee|3|3|5|-2|2
4118|Ravener Prime||1||Ravener heavy claws and talons|anti-monster 5+, anti-vehicle 5+, twin-linked|Melee|Melee|3|3|5|-2|2
4118|Ravener Prime||1||Prime claws and talons|anti-monster 5+, anti-vehicle 5+, twin-linked|Melee|Melee|6|3|5|-2|2
4118|Ravener Prime||1||Venom bolt|assault, ignores cover, torrent|12|Ranged|D6+3|N/A|6|-1|1
4119|Servitor Underseer|1|1||Heavy arc rifle|anti-vehicle 4+, rapid fire 1|30|Ranged|1|4|8|-2|3
4119|Servitor Underseer|2|1||Heavy bolter|heavy, sustained hits 1|36|Ranged|3|4|5|-1|2
4119|Servitor Underseer|3|1||Incendine igniter|ignores cover, torrent|12|Ranged|D6|N/A|3|0|1
4119|Servitor Underseer|4|1||Mechanicus pistol|devastating wounds, pistol|12|Ranged|1|4|6|-1|1
4119|Servitor Underseer|5|1||Meltagun|melta 2|12|Ranged|1|4|9|-4|D6
4119|Servitor Underseer|6|1||Phosphor blaster|ignores cover, rapid fire 1|24|Ranged|1|4|4|0|1
4119|Servitor Underseer|7|1||Dataspikes||Melee|Melee|4|4|4|0|1
4119|Servitor Underseer|8|1||Servo-claw||Melee|Melee|2|4|4|0|1
4120|Daemon Prince of Tzeentch with Wings|1|1||Dark Blessing|ignores cover, psychic, sustained hits 1|24|Ranged|9|2|4|-1|1
4120|Daemon Prince of Tzeentch with Wings|2|1||Infernal cannon||24|Ranged|3|2|5|-2|2
4120|Daemon Prince of Tzeentch with Wings|3|1||Hellforged weapons – strike|devastating wounds, psychic|Melee|Melee|6|2|8|-2|3
4120|Daemon Prince of Tzeentch with Wings|4|2||Hellforged weapons – sweep|devastating wounds, psychic|Melee|Melee|12|2|6|-1|1
4121|Sekhetar Robots|1|1||Heavy warpflamer|ignores cover, torrent|12|Ranged|D6|N/A|5|-2|1
4121|Sekhetar Robots|2|1||Hellfyre missile rack||36|Ranged|2|4|10|-2|3
4121|Sekhetar Robots|3|1||Pyreflux meltagun|melta 2|12|Ranged|1|4|10|-4|D6
4121|Sekhetar Robots|4|1||Warpflame projector|ignores cover, torrent|12|Ranged|D3|N/A|3|-1|1
4121|Sekhetar Robots|5|1||Close combat weapon||Melee|Melee|3|4|5|0|1
4121|Sekhetar Robots|6|1||Power claw||Melee|Melee|3|4|10|-2|2
4122|Tzaangor Enlightened with Fatecaster Greatbows|1|1||Fatecaster greatbow|ignores cover, lethal hits, precision|30|Ranged|2|4|5|-2|2
4122|Tzaangor Enlightened with Fatecaster Greatbows|2|1||Close combat weapon||Melee|Melee|2|4|4|0|1
4123|Kairos Fateweaver|1|1||Infernal Gateway – Witchfire|blast, indirect fire, psychic|24|Ranged|D6+3|2|9|-2|D3
4123|Kairos Fateweaver|2|2||Infernal Gateway – Focused Witchfire|blast, indirect fire, hazardous, psychic|24|Ranged|D3+6|2|9|-2|3
4123|Kairos Fateweaver|3|1||Staff of Tomorrow|psychic|Melee|Melee|5|3|8|-2|2D3
4124|Lord of Change|1|1||Rod of sorcery|psychic|18|Ranged|6|2|8|-1|2
4124|Lord of Change|2|1||Bolt of Change – witchfire|psychic|18|Ranged|9|2|9|-1|1
4124|Lord of Change|3|2||Bolt of Change – focused witchfire|hazardous, psychic|18|Ranged|9|2|9|-2|3
4124|Lord of Change|4|1||Baleful sword|extra attacks|Melee|Melee|3|3|7|-2|3
4124|Lord of Change|5|1||Staff of Tzeentch|psychic|Melee|Melee|5|3|6|-1|3
4125|Flamers|1|1||Flickering flames|ignores cover, psychic, torrent|12|Ranged|D6|N/A|4|-1|1
4125|Flamers|2|1||Flamer mouths||Melee|Melee|3|4|4|0|1
4126|Screamers|1|1||Lamprey bite|anti-monster 4+, anti-vehicle 4+|Melee|Melee|3|3|6|-2|2
4127|PINK HORROR|1|1||Coruscating blue flames|pistol, psychic|18|Ranged|2|4|3|-1|1
4127|PINK HORROR|2|1||Coruscating pink flames|pistol, psychic|18|Ranged|2|3|4|-1|1
4127|PINK HORROR|3|1||Coruscating yellow flames|pistol, psychic|18|Ranged|2|5|2|-1|1
4127|PINK HORROR|4|1||Blue claws||Melee|Melee|1|5|3|0|1
4127|PINK HORROR|5|1||Pink claws||Melee|Melee|1|4|3|0|1
4127|PINK HORROR|6|1||Yellow claws||Melee|Melee|2|5|2|0|1
4128|Blue Horrors/Brimstone Horror|1|1||Coruscating blue flames|pistol, psychic|18|Ranged|2|4|3|-1|1
4128|Blue Horrors/Brimstone Horror|2|1||Coruscating yellow flames|pistol, psychic|18|Ranged|2|5|2|-1|1
4128|Blue Horrors/Brimstone Horror|3|1||Blue claws||Melee|Melee|1|5|3|0|1
4128|Blue Horrors/Brimstone Horror|4|1||Yellow claws||Melee|Melee|2|5|2|0|1
4129|Wolf Priest|1|1||Absolvor bolt pistol|pistol|18|Ranged|1|3|5|-1|2
4129|Wolf Priest|2|1||Crozius arcanum||Melee|Melee|5|2|6|-1|2
4130|Wolf Guard Battle Leader|1|1||Master-crafted bolt carbine||24|Ranged|2|3|4|0|2
4130|Wolf Guard Battle Leader|2|1||Master-crafted heavy bolt pistol|pistol|18|Ranged|1|3|4|-1|2
4130|Wolf Guard Battle Leader|3|1||Plasma pistol – standard|pistol|12|Ranged|1|3|7|-2|1
4130|Wolf Guard Battle Leader|4|2||Plasma pistol – supercharge|hazardous, pistol|12|Ranged|1|3|8|-3|2
4130|Wolf Guard Battle Leader|5|1||Master-crafted power weapon||Melee|Melee|7|2|5|-2|2
4130|Wolf Guard Battle Leader|6|1||Thunder hammer|devastating wounds|Melee|Melee|5|3|8|-2|2
4131|Wolf Guard Headtakers|1|1||Heavy bolt pistol|pistol|18|Ranged|1|3|4|-1|1
4131|Wolf Guard Headtakers|2|1||Master-crafted power weapon||Melee|Melee|4|3|5|-2|2
4131|Wolf Guard Headtakers|3|1||Paired master-crafted power weapons||Melee|Melee|6|3|5|-2|2
4131|Wolf Guard Headtakers|4|1||Teeth and claws||Melee|Melee|3|4|4|0|1
4132|Wulfen|1|1||Stormfrag auto-launcher|assault, blast|12|Ranged|D3|4|4|0|1
4132|Wulfen|2|1||Thunder hammer|anti-monster 3+,anti-vehicle 3+|Melee|Melee|2|3|5|-2|3
4133|Wulfen Dreadnought|1|1||Heavy flamer|ignores cover, torrent|12|Ranged|D6|N/A|5|-1|1
4133|Wulfen Dreadnought|2|1||Storm bolter|rapid fire 2|24|Ranged|2|3|4|0|1
4133|Wulfen Dreadnought|3|1||Fenrisian greataxe – strike||Melee|Melee|6|3|10|-2|D6+1
4133|Wulfen Dreadnought|4|2||Fenrisian greataxe – sweep||Melee|Melee|12|3|6|-2|1
4133|Wulfen Dreadnought|5|1||Great wolf claw||Melee|Melee|6|3|10|-3|3
4134|Knight Ruinator|1|1||Darkflame lance|ignores cover, torrent|18|Ranged|D6+6|N/A|8|-1|2
4134|Knight Ruinator|2|1||Terrorpulse missiles|blast|36|Ranged|D6+6|3|8|-2|2
4134|Knight Ruinator|3|1||Fellbore – strike|anti-monster 2+, anti-vehicle 2+|Melee|Melee|4|3|14|-3|6
4134|Knight Ruinator|4|2||Fellbore – sweep||Melee|Melee|10|3|9|-2|2
4135|Execrator|1|1||Absolvor bolt pistol|pistol|18|Ranged|1|3|5|-1|2
4135|Execrator|2|1||Pyre pistol|ignores cover, pistol, torrent|12|Ranged|D6|N/A|4|0|1
4135|Execrator|3|1||Crozius arcanum||Melee|Melee|5|2|6|-1|2
4135|Execrator|4|1||Master-crafted power weapon|extra attacks, lethal hits|Melee|Melee|3|2|5|-2|2
4136|Crusade Ancient|1|1||Bolt pistol|pistol|12|Ranged|1|3|4|0|1
4136|Crusade Ancient|2|1||Master-crafted power weapon|lethal hits|Melee|Melee|5|2|5|-2|2
4137|Sternguard Veteran Squad|1|1||Combi-weapon|anti-infantry 4+, devastating wounds, rapid fire 1|24|Ranged|1|4|4|0|1
4137|Sternguard Veteran Squad|2|1||Pyrecannon|ignores cover,torrent|12|Ranged|D6+1|N/A|6|-1|1
4137|Sternguard Veteran Squad|3|1||Sternguard bolt pistol|devastating wounds, pistol|12|Ranged|1|3|4|0|1
4137|Sternguard Veteran Squad|4|1||Sternguard bolt rifle|assault, devastating wounds, heavy, rapid fire 1|24|Ranged|2|3|4|-1|1
4137|Sternguard Veteran Squad|5|1||Sternguard heavy bolter|devastating wounds, heavy, sustained hits 1|36|Ranged|3|4|5|-1|2
4137|Sternguard Veteran Squad|6|1||Astartes chainsword||Melee|Melee|4|3|4|-1|1
4137|Sternguard Veteran Squad|7|1||Close combat weapon||Melee|Melee|4|3|4|0|1
4137|Sternguard Veteran Squad|8|1||Power fist||Melee|Melee|3|3|8|-2|2
4137|Sternguard Veteran Squad|9|1||Power weapon||Melee|Melee|5|2|5|-2|1
4138|Terminator Squad|1|1||Assault cannon|devastating wounds|24|Ranged|6|3|6|0|1
4138|Terminator Squad|2|1||Cyclone missile launcher – frag|blast|36|Ranged|2D6|3|4|0|1
4138|Terminator Squad|3|2||Cyclone missile launcher – krak||36|Ranged|2|3|9|-2|D6
4138|Terminator Squad|4|1||Heavy flamer|ignores cover, torrent|12|Ranged|D6|N/A|5|-1|1
4138|Terminator Squad|5|1||Storm bolter|rapid fire 2|24|Ranged|2|3|4|0|1
4138|Terminator Squad|6|1||Chainfist|anti-vehicle 3+|Melee|Melee|3|4|8|-2|2
4138|Terminator Squad|7|1||Power fist||Melee|Melee|3|3|8|-2|2
4138|Terminator Squad|8|1||Power weapon||Melee|Melee|4|3|5|-2|1
4139|Land Raider Crusader|1|1||Hunter-killer missile|one shot|48|Ranged|1|2|14|-3|D6
4139|Land Raider Crusader|2|1||Hurricane bolter|rapid fire 6, twin-linked|24|Ranged|6|3|4|0|1
4139|Land Raider Crusader|3|1||Multi-melta|melta 2|18|Ranged|2|3|9|-4|D6
4139|Land Raider Crusader|4|1||Storm bolter|rapid fire 2|24|Ranged|2|3|4|0|1
4139|Land Raider Crusader|5|1||Twin assault cannon|devastating wounds, twin-linked|24|Ranged|6|3|6|0|1
4139|Land Raider Crusader|6|1||Armoured tracks||Melee|Melee|6|4|8|0|1
4140|Buri Aegnirssen|1|1||Autoch-pattern bolt pistol|pistol|12|Ranged|1|2|4|0|1
4140|Buri Aegnirssen|2|1||Bane – strike|precision|Melee|Melee|5|2|12|-3|3
4140|Buri Aegnirssen|3|2||Bane – sweep||Melee|Melee|10|2|6|-2|1
4141|Memnyr Strategist|1|1||Autoch-pattern bolt pistol|pistol|12|Ranged|1|4|4|0|1
4141|Memnyr Strategist|2|1||Close combat weapon||Melee|Melee|1|4|3|0|1
4142|Arkanyst Evaluator|1|1||Transmatter inverter – half charge|rapid fire 1|12|Ranged|3|2|8|-1|1
4142|Arkanyst Evaluator|2|2||Transmatter inverter – full charge|hazardous, rapid fire 2|18|Ranged|3|2|8|-2|2
4142|Arkanyst Evaluator|3|3||Transmatter inverter – overcharge|hazardous, overcharge, rapid fire 3|24|Ranged|3|2|8|-3|3
4142|Arkanyst Evaluator|4|1||Close combat weapon||Melee|Melee|1|4|3|0|1
4143||1|1||Autoch-pattern bolter|pistol|24|Ranged|2|4|4|0|1
4143||2|1||Heavy volkanite disintegrator|devastating wounds|24|Ranged|6|4|6|-1|1
4143||3|1||Plasma knife||Melee|Melee|2|3|6|-2|1
4143||4|1||Plasma sword|sustained hits 1|Melee|Melee|6|3|6|-2|1
4144||1|1||Autoch-pattern bolter|pistol|24|Ranged|2|4|4|0|1
4144||2|1||Concussion gauntlet|lethal hits|Melee|Melee|3|4|10|-2|2
4144||3|1||Plasma sword|sustained hits 1|Melee|Melee|6|3|6|-2|1
4145||1|1||Autoch-pattern bolt pistol|pistol|12|Ranged|1|4|4|0|1
4145||2|1||Breacher ordnance|blast, heavy, indirect fire|24|Ranged|D6+1|5|10|-1|2
4145||3|1||Tremor shells|blast, heavy, indirect fire|36|Ranged|D6+4|5|6|-1|1
4145||4|1||Plasma picks||Melee|Melee|4|3|5|-2|1
4146||1|1||HYLas rotary cannon|sustained hits 1|24|Ranged|6|4|6|-1|2
4146||2|1||Magna-rail cannon|devastating wounds, heavy|24|Ranged|1|4|14|-4|D3+3
4146||3|1||Twin magna-coil autocannon|twin-linked|24|Ranged|3|4|7|-1|2
4146||4|1||Armoured hull||Melee|Melee|3|4|6|0|1
4147||1|1||Magna-coil autocannon||24|Ranged|3|4|7|-1|2
4147||2|1||Twin magna-coil autocannon|twin-linked|24|Ranged|3|4|7|-1|2
4147||3|1||Armoured hull||Melee|Melee|3|4|6|0|1
4148||1|1||Heavy bolt pistol|pistol|18|Ranged|1|2|4|-1|1
4148||2|1||Claws of Severax|sustained hits 2, twin-linked|Melee|Melee|7|2|5|-2|2
4149|Knight Defender|1|1||Conversion beam obliterator|conversion, sustained hits d3|36|Ranged|3|3|12|-2|4
4149|Knight Defender|2|1||Plasma executor – standard|blast|36|Ranged|D6+3|3|8|-2|2
4149|Knight Defender|3|2||Plasma executor – supercharge|blast, hazardous|36|Ranged|D6+3|3|9|-3|3
4149|Knight Defender|4|1||Phosphor blaster|ignores cover, rapid fire 1|24|Ranged|1|3|5|0|1
4149|Knight Defender|5|1||Twin incendine combustor|ignores cover, torrent, twin-linked|12|Ranged|D6|N/A|6|-1|1
4149|Knight Defender|6|1||Titanic feet||Melee|Melee|4|4|8|-1|2
4150|Greater Daemon|1|1||Infernal scream|ignores cover, torrent|12|Ranged|D6|N/A|5|-1|1
4150|Greater Daemon|2|1||Fell weapon – strike||Melee|Melee|6|2|10|-2|D6+1
4150|Greater Daemon|3|2||Fell weapon – sweep||Melee|Melee|12|2|7|-1|1
4151|Lesser Daemons|1|1||Daemonic weapon||Melee|Melee|3|3|4|-1|1
4152|Abomination|1|1||Hideous mutations||Melee|Melee|D6+2|4|5|-1|2
4153|Daemonic Beasts|1|1||Horns and talons||Melee|Melee|4|3|6|-2|2
4155|Lady Malys|1|1||Lady’s Blade|devastating wounds, hazardous|Melee|Melee|6|2|5|-3|3
4155|Lady Malys|2|1||Razor fan|extra attacks|Melee|Melee|6|2|3|0|1
4156|Hand of the Archon|1|1||Blast pistol|pistol|6|Ranged|1|3|8|-3|D3
4156|Hand of the Archon|2|1||Blaster|assault|18|Ranged|1|3|8|-4|D6+1
4156|Hand of the Archon|3|1||Dark lance|heavy|36|Ranged|1|4|12|-3|D6+2
4156|Hand of the Archon|4|1||Shardcarbine|anti-infantry 3+, assault|18|Ranged|3|3|2|0|1
4156|Hand of the Archon|5|1||Shredder|assault, torrent|18|Ranged|D6|N/A|6|0|1
4156|Hand of the Archon|6|1||Splinter cannon|anti-infantry 3+, heavy, sustained hits 1|36|Ranged|3|4|3|-1|2
4156|Hand of the Archon|7|1||Splinter pistol|anti-infantry 3+, assault, pistol|12|Ranged|1|3|2|0|1
4156|Hand of the Archon|8|1||Splinter rifle|anti-infantry 3+, assault|24|Ranged|2|3|2|0|1
4156|Hand of the Archon|9|1||Stinger pistol|anti-infantry 2+, pistol|12|Ranged|1|3|2|0|1
4156|Hand of the Archon|10|1||Close combat weapon||Melee|Melee|2|3|3|0|1
4156|Hand of the Archon|11|1||Pain sculptors|anti-infantry 4+, twin-linked|Melee|Melee|3|3|4|-1|1
4156|Hand of the Archon|12|1||Power weapon|anti-infantry 3+|Melee|Melee|4|3|3|-2|1
4156|Hand of the Archon|13|1||Razorflail||Melee|Melee|4|3|4|-2|1
4157|Scourges|1|1||Blast pistol|pistol|6|Ranged|1|3|8|-3|D3
4157|Scourges|2|1||Blaster|assault|18|Ranged|1|3|8|-4|D6+1
4157|Scourges|3|1||Shardcarbine|anti-infantry 3+, assault|18|Ranged|3|3|2|0|1
4157|Scourges|4|1||Shredder|assault, torrent|18|Ranged|D6|N/A|6|0|1
4157|Scourges|5|1||Splinter pistol|anti-infantry 3+, assault, pistol|12|Ranged|1|3|2|0|1
4157|Scourges|6|1||Close combat weapon||Melee|Melee|2|3|3|0|1
4157|Scourges|7|1||Power weapon|anti-infantry 3+|Melee|Melee|3|3|3|-2|1
4158|Death Jester||1||Jester’s blade||Melee|Melee|4|2|4|0|1
4158|Death Jester||1||Shrieker cannon||24|Ranged|3|2|6|-2|2
4159|Shadowseer||1||Neuro disruptor|anti-infantry 2+, assault, pistol|12|Ranged|1|2|4|-2|1
4159|Shadowseer||1||Miststave|psychic|Melee|Melee|4|2|5|-1|D3
4159|Shadowseer||1||Shuriken pistol|assault, pistol|12|Ranged|1|2|4|-1|1
4160|Solitaire||1||Solitaire weapons|precision|Melee|Melee|9|2|6|-2|2
4161|Troupe Master||1||Harlequin’s special weapon|devastating wounds|Melee|Melee|6|2|4|-1|2
4161|Troupe Master||1||Shuriken pistol|assault, pistol|12|Ranged|1|2|4|-1|1
4161|Troupe Master||1||Troupe Master’s blade|devastating wounds|Melee|Melee|5|2|5|-2|2
4161|Troupe Master||1||Neuro disruptor|anti-infantry 2+, assault, pistol|12|Ranged|1|2|4|-2|1
4161|Troupe Master||1||Fusion pistol|assault, melta 2, pistol|6|Ranged|1|2|8|-4|D6
4162|Starweaver||1||Close combat weapon||Melee|Melee|4|3|3|0|1
4162|Starweaver||1||Shuriken cannon|lethal hits|24|Ranged|3|3|6|-1|2
4163|Skyweavers||1||Zephyrglaive||Melee|Melee|4|3|6|-2|2
4163|Skyweavers||1||Close combat weapon||Melee|Melee|4|3|3|0|1
4163|Skyweavers||1||Skyweaver haywire cannon|anti-vehicle 4+, devastating wounds|24|Ranged|2|3|3|-1|3
4163|Skyweavers||1||Shuriken cannon|lethal hits|24|Ranged|3|3|6|-1|2
4163|Skyweavers||1||Star bolas||12|Ranged|D3|3|7|-2|2
4164|Troupe||1||Harlequin’s blade|devastating wounds|Melee|Melee|5|3|3|-1|1
4164|Troupe||1||Neuro disruptor|anti-infantry 2+, assault, pistol|12|Ranged|1|3|4|-2|1
4164|Troupe||1||Fusion pistol|assault, melta 2, pistol|6|Ranged|1|3|8|-4|D6
4164|Troupe||1||Harlequin’s special weapon|devastating wounds|Melee|Melee|4|3|4|-1|1
4164|Troupe||1||Power sword|devastating wounds|Melee|Melee|5|3|4|-2|1
4164|Troupe||1||Shuriken pistol|assault, pistol|12|Ranged|1|3|4|-1|1
4165|Voidweaver||1||Close combat weapon||Melee|Melee|4|3|3|0|1
4165|Voidweaver||1||Prismatic cannon – dispersed pulse|blast|24|Ranged|2D6|3|4|0|1
4165|Voidweaver||2||Prismatic cannon – focused lances||24|Ranged|2|3|12|-3|4
4165|Voidweaver||1||Voidweaver haywire cannon|anti-vehicle 4+, devastating wounds|24|Ranged|3|3|4|-1|3
4165|Voidweaver||1||Shuriken cannon|lethal hits|24|Ranged|3|3|6|-1|2
4166|Captain|1|1||Storm bolter|rapid fire 2|24|Ranged|2|2|4|0|1
4166|Captain|2|1||Axiom – strike||Melee|Melee|5|2|8|-2|2
4166|Captain|3|2||Axiom – sweep||Melee|Melee|10|2|5|-2|1
4167|Captain On Bike|1|1||Heavy bolt pistol|pistol|18|Ranged|1|2|4|-1|1
4167|Captain On Bike|2|1||Onslaught gatling cannon|devastating wounds|24|Ranged|8|2|5|0|1
4167|Captain On Bike|3|1||Stormtooth|lance, anti-monster 4+, anti-vehicle 4+|Melee|Melee|6|2|6|-2|2
4167|Captain On Bike|4|1||Power sword||Melee|Melee|8|2|5|-2|1
4168|Corsair Voidreavers||1||Blaster|assault|18|Ranged|1|3|8|-4|D6+1
4168|Corsair Voidreavers||1||Neuro disruptor|anti-infantry 2+, assault, pistol|12|Ranged|1|3|4|-2|1
4168|Corsair Voidreavers||1||Shredder|assault, torrent|18|Ranged|D6|N/A|6|0|1
4168|Corsair Voidreavers||1||Shuriken cannon|lethal hits|24|Ranged|3|3|6|-1|2
4168|Corsair Voidreavers||1||Shuriken rifle|assault, rapid fire 1|24|Ranged|1|3|4|-1|1
4168|Corsair Voidreavers||1||Wraithcannon||18|Ranged|1|3|14|-4|D6+1
4168|Corsair Voidreavers||1||Close combat weapon||Melee|Melee|2|3|3|0|1
4168|Corsair Voidreavers||1||Power sword||Melee|Melee|2|3|4|-2|1
4168|Corsair Voidreavers||1||Shuriken pistol|assault, pistol|12|Ranged|1|3|4|-1|1
4169|Corsair Voidscarred||1||Blaster|assault|18|Ranged|1|3|8|-4|D6+1
4169|Corsair Voidscarred||1||Power sword||Melee|Melee|3|3|4|-2|1
4169|Corsair Voidscarred||1||Paired Hekatarii blades|twin-linked|Melee|Melee|4|2|3|-2|1
4169|Corsair Voidscarred||1||Close combat weapon||Melee|Melee|3|3|3|0|1
4169|Corsair Voidscarred||1||Wraithcannon||18|Ranged|1|3|14|-4|D6+1
4169|Corsair Voidscarred||1||Shuriken rifle|assault, rapid fire 1|24|Ranged|1|3|4|-1|1
4169|Corsair Voidscarred||1||Shuriken cannon|lethal hits|24|Ranged|3|3|6|-1|2
4169|Corsair Voidscarred||1||Neuro disruptor|anti-infantry 2+, assault, pistol|12|Ranged|1|3|4|-2|1
4169|Corsair Voidscarred||1||Fusion pistol|assault, melta 2, pistol|6|Ranged|1|3|8|-4|D6
4169|Corsair Voidscarred||1||Long rifle|heavy, precision|36|Ranged|1|3|4|-1|2
4169|Corsair Voidscarred||1||Shuriken pistol|assault, pistol|12|Ranged|1|3|4|-1|1
4169|Corsair Voidscarred||1||Witch staff|anti-infantry 2+, psychic|Melee|Melee|2|2|3|0|D3
4169|Corsair Voidscarred||1||Executioner|anti-infantry 2+, psychic|18|Ranged|3|3|6|-2|D3
4169|Corsair Voidscarred||1||Shredder|assault, torrent|18|Ranged|D6|N/A|6|0|1
4170|Corsair Cloud Dancer Band||1||Dark lance||36|Ranged|1|3|12|-3|D6+2
4170|Corsair Cloud Dancer Band||1||Twin shuriken catapult|assault, twin-linked|18|Ranged|2|3|4|-3|1
4170|Corsair Cloud Dancer Band||1||Void sabre||Melee|Melee|3|3|4|-2|1
4170|Corsair Cloud Dancer Band||1||Dissonance pistol|devastating wounds, pistol|12|Ranged|1|3|6|-1|1
4170|Corsair Cloud Dancer Band||1||Close combat weapon||Melee|Melee|2|3|3|0|1
4170|Corsair Cloud Dancer Band||1||Splinter cannon|anti-infantry 3+, sustained hits 1|36|Ranged|3|3|3|-1|2
4170|Corsair Cloud Dancer Band||1||Shuriken cannon|sustained hits 1|24|Ranged|3|3|6|-1|2
4170|Corsair Cloud Dancer Band||1||Dissonance cannon|devastating wounds|24|Ranged|3|3|6|-1|2
4170|Corsair Cloud Dancer Band||1||Brace of pistols|assault, pistol|12|Ranged|2|3|3|0|1
4170|Corsair Cloud Dancer Band||1||Scatter laser||36|Ranged|6|3|5|0|1
4171|Corsair Reaver Band||1||Splinter cannon|anti-infantry 3+, sustained hits 1|36|Ranged|3|3|3|-1|2
4171|Corsair Reaver Band||1||Close combat weapon||Melee|Melee|2|3|3|0|1
4171|Corsair Reaver Band||1||Spar-glaive||Melee|Melee|4|3|3|0|1
4171|Corsair Reaver Band||1||Void sabre||Melee|Melee|3|3|4|-2|1
4171|Corsair Reaver Band||1||Aeldari missile launcher – starshot ||48|Ranged|1|3|10|-2|D6
4171|Corsair Reaver Band||1||Brace of pistols|assault, pistol|12|Ranged|2|3|3|0|1
4171|Corsair Reaver Band||1||Shuriken cannon|sustained hits 1|24|Ranged|3|3|6|-1|2
4171|Corsair Reaver Band||1||Blaster|assault|18|Ranged|1|3|8|-4|D6+1
4171|Corsair Reaver Band||1||Aeldari missile launcher – sunburst|BLAST|48|Ranged|D6|3|4|-1|1
4171|Corsair Reaver Band||1||Corsair firearm|assault, lethal hits|24|Ranged|4|3|4|0|1
4171|Corsair Reaver Band||1||Dark lance|heavy|36|Ranged|1|4|12|-3|D6+2
4171|Corsair Reaver Band||1||Dissonance pistol|devastating wounds, pistol|12|Ranged|1|3|6|-1|1
4171|Corsair Reaver Band||1||Flamer|assault, ignores cover, torrent|12|Ranged|D6|N/A|4|0|1
4171|Corsair Reaver Band||1||Fusion gun|assault, melta 2|12|Ranged|1|3|8|-4|D6+1
4171|Corsair Reaver Band||1||Shredder|assault, torrent|18|Ranged|D6|N/A|6|0|1
4173|INQUISITOR OSTROMANDEUS|1|1||Inferno pistol|melta 2, pistol|6|Ranged|1|3|8|-4|D3
4173|INQUISITOR OSTROMANDEUS|2|1||Hydraulic vox-ram||Melee|Melee|3|4|6|-2|2
4173|INQUISITOR OSTROMANDEUS|3|1||Power sword||Melee|Melee|5|3|4|-2|1
4174|KILL TEAM SERGEANT, DEATHWATCH VETERAN|1|1||Astartes grenade launcher – frag|blast|24|Ranged|D3|3|4|0|1
4174|KILL TEAM SERGEANT, DEATHWATCH VETERAN|1|2||Astartes grenade launcher – krak||24|Ranged|1|3|9|-2|D3
4174|KILL TEAM SERGEANT, DEATHWATCH VETERAN|2|1||Bolt pistol|pistol, lethal hits|12|Ranged|1|3|4|0|1
4174|KILL TEAM SERGEANT, DEATHWATCH VETERAN|3|1||Deathwatch marksman bolt carbine|heavy, lethal hits|24|Ranged|2|3|5|-1|1
4174|KILL TEAM SERGEANT, DEATHWATCH VETERAN|4|1||Frag cannon|blast, heavy, lethal hits, rapid fire d3|18|Ranged|D3|3|7|-2|2
4174|KILL TEAM SERGEANT, DEATHWATCH VETERAN|5|1||Hellstorm bolt rifle|assault, heavy, lethal hits|30|Ranged|2|3|5|-2|2
4174|KILL TEAM SERGEANT, DEATHWATCH VETERAN|6|1||Infernus heavy bolter – heavy bolter|SUSTAINED HITS 1|36|Ranged|3|3|5|-1|2
4174|KILL TEAM SERGEANT, DEATHWATCH VETERAN|6|2||Infernus heavy bolter – heavy flamer|IGNORES COVER, TORRENT|12|Ranged|D6|N/A|5|-1|1
4174|KILL TEAM SERGEANT, DEATHWATCH VETERAN|7|1||Plasma incinerator – standard|assault, heavy|24|Ranged|2|3|7|-2|1
4174|KILL TEAM SERGEANT, DEATHWATCH VETERAN|8|2||Plasma incinerator – supercharge|assault, hazardous, heavy|24|Ranged|2|3|8|-3|2
4174|KILL TEAM SERGEANT, DEATHWATCH VETERAN|9|1||Plasma pistol – standard|PISTOL|12|Ranged|1|3|7|-2|1
4174|KILL TEAM SERGEANT, DEATHWATCH VETERAN|9|2||Plasma pistol – supercharge|HAZARDOUS, PISTOL|12|Ranged|1|3|8|-3|2
4174|KILL TEAM SERGEANT, DEATHWATCH VETERAN|10|1||Special-issue bolt pistol|pistol, precision, lethal hits|18|Ranged|1|3|4|-1|1
4174|KILL TEAM SERGEANT, DEATHWATCH VETERAN|11|1||Stalker bolt rifle|heavy, lethal hits, precision|30|Ranged|2|3|5|-2|2
4174|KILL TEAM SERGEANT, DEATHWATCH VETERAN|12|1||Close combat weapon||Melee|Melee|3|3|4|0|1
4174|KILL TEAM SERGEANT, DEATHWATCH VETERAN|13|1||Combat knife|precision|Melee|Melee|4|3|4|-1|1
4174|KILL TEAM SERGEANT, DEATHWATCH VETERAN|14|1||Heavy thunder hammer|devastating wounds|Melee|Melee|3|4|10|-2|3
4174|KILL TEAM SERGEANT, DEATHWATCH VETERAN|15|1||Power weapon|sustained hits 1|Melee|Melee|4|3|5|-2|2
4174|KILL TEAM SERGEANT, DEATHWATCH VETERAN|16|1||Xenophase blade|devastating wounds|Melee|Melee|4|3|5|-2|1
4175|KILL TEAM SERGEANT, DEATHWATCH VETERAN|1|1||Astartes grenade launcher – frag|blast|24|Ranged|D3|3|4|0|1
4175|KILL TEAM SERGEANT, DEATHWATCH VETERAN|1|2||Astartes grenade launcher – krak||24|Ranged|1|3|9|-2|D3
4175|KILL TEAM SERGEANT, DEATHWATCH VETERAN|2|1||Bolt pistol|pistol, lethal hits|12|Ranged|1|3|4|0|1
4175|KILL TEAM SERGEANT, DEATHWATCH VETERAN|3|1||Deathwatch marksman bolt carbine|heavy, lethal hits|24|Ranged|2|3|5|-1|1
4175|KILL TEAM SERGEANT, DEATHWATCH VETERAN|4|1||Frag cannon|blast, heavy, lethal hits, rapid fire d3|18|Ranged|D3|3|7|-2|2
4175|KILL TEAM SERGEANT, DEATHWATCH VETERAN|5|1||Hellstorm bolt rifle|assault, heavy, lethal hits|30|Ranged|2|3|5|-2|2
4175|KILL TEAM SERGEANT, DEATHWATCH VETERAN|6|1||Infernus heavy bolter – heavy bolter|SUSTAINED HITS 1|36|Ranged|3|3|5|-2|3
4175|KILL TEAM SERGEANT, DEATHWATCH VETERAN|6|2||Infernus heavy bolter – heavy flamer|IGNORES COVER, TORRENT|12|Ranged|D6|N/A|5|-1|1
4175|KILL TEAM SERGEANT, DEATHWATCH VETERAN|7|1||Plasma incinerator – standard|assault, heavy|24|Ranged|2|3|7|-2|1
4175|KILL TEAM SERGEANT, DEATHWATCH VETERAN|8|2||Plasma incinerator – supercharge|assault, hazardous, heavy|24|Ranged|2|3|8|-3|2
4175|KILL TEAM SERGEANT, DEATHWATCH VETERAN|9|1||Plasma pistol - standard|PISTOL|12|Ranged|1|3|7|-2|1
4175|KILL TEAM SERGEANT, DEATHWATCH VETERAN|9|2||Plasma pistol - supercharge|HAZARDOUS, PISTOL|12|Ranged|1|3|8|-3|2
4175|KILL TEAM SERGEANT, DEATHWATCH VETERAN|10|1||Special-issue bolt pistol|pistol, precision, lethal hits|18|Ranged|1|3|4|-1|1
4175|KILL TEAM SERGEANT, DEATHWATCH VETERAN|11|1||Stalker bolt rifle|heavy, lethal hits, precision|30|Ranged|2|3|5|-2|2
4175|KILL TEAM SERGEANT, DEATHWATCH VETERAN|12|1||Close combat weapon||Melee|Melee|3|3|4|0|1
4175|KILL TEAM SERGEANT, DEATHWATCH VETERAN|13|1||Combat knife|precision|Melee|Melee|4|3|4|-1|1
4175|KILL TEAM SERGEANT, DEATHWATCH VETERAN|14|1||Heavy thunder hammer|devastating wounds|Melee|Melee|3|4|10|-2|3
4175|KILL TEAM SERGEANT, DEATHWATCH VETERAN|15|1||Power weapon|sustained hits 1|Melee|Melee|4|3|5|-2|2
4175|KILL TEAM SERGEANT, DEATHWATCH VETERAN|16|1||Xenophase blade|devastating wounds|Melee|Melee|4|3|5|-2|1
4176|Canoptek Macrocytes|1|1||Atomiser beam||12|Ranged|1|4|6|-1|1
4176|Canoptek Macrocytes|2|1||Gauss scalpel|lethal hits|18|Ranged|1|4|4|-1|1
4176|Canoptek Macrocytes|3|1||Tesla caster|assault, sustained hits 1|18|Ranged|1|4|5|0|1
4176|Canoptek Macrocytes|4|1||Claws||Melee|Melee|2|4|4|-1|1
4177|Canoptek Tomb Crawlers|1|1||Transdimensional isolator||12|Ranged|2|4|4|-2|2
4177|Canoptek Tomb Crawlers|2|1||Twin gauss reaper|lethal hits, twin-linked|12|Ranged|2|4|4|-1|1
4177|Canoptek Tomb Crawlers|3|1||Claws||Melee|Melee|4|4|6|-1|1
4178|Geomancer|1|1||Tremorglaive – reverberating beam|melta 2|18|Ranged|2|4|8|-2|2
4178|Geomancer|2|2||Tremorglaive – shock wave pulse|ignores cover, torrent|18|Ranged|D6+2|N/A|4|0|1
4178|Geomancer|3|1||Tremorglaive||Melee|Melee|2|4|8|-2|2
4182|WOLF SCOUTS|1|1||Bolt pistol|pistol|12|Ranged|1|3|4|0|1
4182|WOLF SCOUTS|2|1||Instigator bolt carbine|precision|24|Ranged|1|3|4|-2|2
4182|WOLF SCOUTS|3|1||Plasma gun – standard|rapid fire 1|24|Ranged|1|3|7|-2|1
4182|WOLF SCOUTS|4|2||Plasma gun – supercharge|hazardous, rapid fire 1|24|Ranged|1|3|8|-3|2
4182|WOLF SCOUTS|5|1||Plasma pistol – standard|pistol|12|Ranged|1|3|7|-2|1
4182|WOLF SCOUTS|6|2||Plasma pistol – supercharge|hazardous, pistol|12|Ranged|1|3|8|-3|2
4182|WOLF SCOUTS|7|1||Thunderclap|blast, psychic|12|Ranged|D3|3|5|-1|2
4182|WOLF SCOUTS|8|1||Combat blade||Melee|Melee|4|3|4|-1|1
4182|WOLF SCOUTS|9|1||Power weapon||Melee|Melee|4|3|5|-2|1
4182|WOLF SCOUTS|10|1||Runic stave|psychic|Melee|Melee|3|3|6|-1|D3
4182|WOLF SCOUTS|11|1||Teeth and claws||Melee|Melee|2|4|4|0|1
4183|MARNEUS CALGAR|1|1||Gauntlets of Ultramar|pistol, twin-linked|18|Ranged|4|2|4|-1|2
4183|MARNEUS CALGAR|2|1||Gauntlets of Ultramar|twin-linked|Melee|Melee|6|2|8|-3|3
4184|Cato Sicarius|1|1||Artisan plasma pistol|pistol|12|Ranged|1|2|8|-3|2
4184|Cato Sicarius|2|1||Talassarian tempest blade – strike|devastating wounds|Melee|Melee|4|2|6|-3|3
4184|Cato Sicarius|3|2||Talassarian tempest blade – sweep|sustained hits 1|Melee|Melee|9|2|5|-2|1
4184|Cato Sicarius|4|3||Talassarian tempest blade – coup de grace|precision|Melee|Melee|6|2|5|-2|2
4185|Victrix Honour Guard|1|1||Master-crafted bolt carbine||24|Ranged|2|2|4|-1|2
4185|Victrix Honour Guard|2|1||Blades of honour|precision, twin-linked|Melee|Melee|6|2|5|-2|2
4185|Victrix Honour Guard|3|1||Master-crafted power weapon||Melee|Melee|5|2|5|-2|2
4186|Nekrosor Ammentar|1|1||Enmitic disintegrators|ignores cover, pistol, sustained hits 2|18|Ranged|4|2|6|-2|1
4186|Nekrosor Ammentar|2|1||Blade tail and whip coils|extra attacks|Melee|Melee|6|2|6|-1|1
4186|Nekrosor Ammentar|3|1||Unmaker Gauntlet||Melee|Melee|6|2|10|-3|3
4187|Captain Titus|1|1||Bolt pistol|PISTOL|12|Ranged|1|3|4|0|1
4187|Captain Titus|2|1||Master-crafted bolter|assault, heavy|24|Ranged|2|2|4|-1|2
4187|Captain Titus|3|1||Master-crafted chainsword|ANTI-INFANTRY 2+|Melee|Melee|8|2|5|-1|2
4188|Ancient Gadriel, Veteran Sergeant Metaurus|1|1||Archeotech laspistol|pistol|12|Ranged|1|3|4|-1|1
4188|Ancient Gadriel, Veteran Sergeant Metaurus|2|1||Astropathic Blast|blast, psychic|12|Ranged|D6|3|4|-1|1
4188|Ancient Gadriel, Veteran Sergeant Metaurus|3|1||Bolt rifle|assault, heavy|24|Ranged|2|3|4|-1|1
4188|Ancient Gadriel, Veteran Sergeant Metaurus|4|1||Heavy bolt pistol|pistol|18|Ranged|1|3|4|-1|1
4188|Ancient Gadriel, Veteran Sergeant Metaurus|5|1||Close combat weapon||Melee|Melee|4|2|4|0|1
4188|Ancient Gadriel, Veteran Sergeant Metaurus|6|1||Force stave|psychic|Melee|Melee|1|2|5|-2|2
4188|Ancient Gadriel, Veteran Sergeant Metaurus|7|1||Power weapon||Melee|Melee|4|2|4|-2|1
4188|Ancient Gadriel, Veteran Sergeant Metaurus|8|1||Master-crafted power weapon||Melee|Melee|5|2|5|-2|2
4189|Celestian Insidiants|1|1||Condemnor bolt pistol|anti-psyker 4+, devastating wounds, pistol|12|Ranged|1|3|4|0|1
4189|Celestian Insidiants|2|1||Inferno pistol|melta 2, pistol|6|Ranged|1|3|8|-4|D3
4189|Celestian Insidiants|3|1||Ministorum hand flamer|ignores cover, pistol, torrent|12|Ranged|D6|N/A|4|0|1
4189|Celestian Insidiants|4|1||Blessed sword|lethal hits|Melee|Melee|3|3|4|-2|2
4189|Celestian Insidiants|5|1||Null mace|anti-psyker 4+, devastating wounds|Melee|Melee|3|3|4|-1|1
4189|Celestian Insidiants|6|1||Virge of admonition|anti-psyker 4+, devastating wounds|Melee|Melee|3|4|6|-2|3
4190|GARLON SOULEATER, GARREON THE CORPSEMASTER, KATAR GARRIX|1|1||Absolvor bolt pistol|pistol|18|Ranged|1|3|5|-1|2
4190|GARLON SOULEATER, GARREON THE CORPSEMASTER, KATAR GARRIX|2|1||Bolt pistol|pistol|12|Ranged|1|3|4|-1|1
4190|GARLON SOULEATER, GARREON THE CORPSEMASTER, KATAR GARRIX|3|1||Laspistol|pistol|12|Ranged|1|3|4|-1|1
4190|GARLON SOULEATER, GARREON THE CORPSEMASTER, KATAR GARRIX|4|1||Londaxi maimer|assault|18|Ranged|3|3|4|-1|1
4190|GARLON SOULEATER, GARREON THE CORPSEMASTER, KATAR GARRIX|5|1||Mind Wrench|precision, psychic|12|Ranged|1|2|6|-2|D6+1
4190|GARLON SOULEATER, GARREON THE CORPSEMASTER, KATAR GARRIX|6|1||Axe of Ending|anti-character 2+, precision|Melee|Melee|6|2|6|-2|2
4190|GARLON SOULEATER, GARREON THE CORPSEMASTER, KATAR GARRIX|7|1||Bionic gauntlet||Melee|Melee|1|2|6|-2|2
4190|GARLON SOULEATER, GARREON THE CORPSEMASTER, KATAR GARRIX|8|1||Force stave|psychic|Melee|Melee|4|2|6|-2|2
4190|GARLON SOULEATER, GARREON THE CORPSEMASTER, KATAR GARRIX|9|1||Power sabre||Melee|Melee|4|3|4|-2|1
4190|GARLON SOULEATER, GARREON THE CORPSEMASTER, KATAR GARRIX|10|1||Reductor array||Melee|Melee|6|3|4|-2|1
4191||1|1||Bolt pistol|pistol|12|Ranged|1|3|4|0|1
4191||2|1||Boltgun||24|Ranged|2|3|4|0|1
4191||3|1||Hand flamer|ignores cover, pistol, torrent|12|Ranged|D6|N/A|3|0|1
4191||4|1||Meltagun|melta 2|12|Ranged|1|3|9|-4|D6
4191||5|1||Power fist||Melee|Melee|3|3|8|-2|2
4191||6|1||Reaver’s blade||Melee|Melee|4|3|5|-1|1
4192||1|1||Bolt pistol|pistol|12|Ranged|1|2|4|0|1
4192||2|1||Plasma pistol – standard|pistol|12|Ranged|1|2|7|-2|1
4192||3|2||Plasma pistol – supercharge|hazardous, pistol|12|Ranged|1|2|8|-3|2
4192||4|1||Power maul||Melee|Melee|5|2|5|-2|2
4192||5|1||Power sword|sustained hits 1|Melee|Melee|7|2|5|-2|1
4193|Prince Yriel|1|1||Eye of Wrath|assault, pistol|6|Ranged|3|2|6|-2|2
4193|Prince Yriel|2|1||Shuriken pistol|assault, pistol|12|Ranged|1|2|4|-1|1
4193|Prince Yriel|3|1||Spear of Twilight|lance|Melee|Melee|5|2|7|-3|3
4194|Prince Yriel|1|1||Dread of the Deep Void|anti-infantry 2+, blast, hazardous, ignores cover, psychic|24|Ranged|D6+2|3|3|-2|1
4194|Prince Yriel|2|1||Waystave|anti-infantry 2+, psychic|Melee|Melee|3|2|3|0|3
4195|Starfangs|1|1||Disintegrator cannon|assault|36|Ranged|3|3|6|-3|2
4195|Starfangs|2|1||Starfang grenade launcher|assault, blast|36|Ranged|D3|3|6|-3|2
4195|Starfangs|3|1||Wraithbone hull||Melee|Melee|3|4|6|0|1
4196|Corsair Skyreavers|1|1||Blaster|assault|18|Ranged|1|3|8|-4|D6+1
4196|Corsair Skyreavers|2|1||Blast pistol|assault, pistol|6|Ranged|1|3|8|-3|D3
4196|Corsair Skyreavers|3|1||Flamer|assault, ignores cover, torrent|12|Ranged|D6|N/A|4|0|1
4196|Corsair Skyreavers|4|1||Fusion gun|assault, melta 2|12|Ranged|1|3|8|-4|D6
4196|Corsair Skyreavers|5|1||Neuro disruptor|anti-infantry 2+, assault, pistol|12|Ranged|1|3|4|-2|1
4196|Corsair Skyreavers|6|1||Shredder|assault, torrent|18|Ranged|D6|N/A|6|0|1
4196|Corsair Skyreavers|7|1||Shuriken pistol|assault, pistol|12|Ranged|1|3|4|-1|1
4196|Corsair Skyreavers|8|1||Corsair blade||Melee|Melee|3|3|4|-2|1
4196|Corsair Skyreavers|9|1||Close combat weapon||Melee|Melee|3|3|3|0|1
4197|Prince Yriel||1||Dread of the Deep Void|anti-infantry 2+, blast, hazardous, ignores cover, psychic|24|Ranged|D6+2|3|3|-2|1
4197|Prince Yriel||1||Waystave|anti-infantry 2+, psychic|Melee|Melee|3|2|3|0|3
4198|Prince Yriel||1||Eye of Wrath|assault, pistol|6|Ranged|3|2|6|-2|2
4198|Prince Yriel||1||Spear of Twilight|lance|Melee|Melee|5|2|7|-3|3
4198|Prince Yriel||1||Shuriken pistol|assault, pistol|12|Ranged|1|2|4|-1|1
4199|Corsair Skyreavers||1||Neuro disruptor|anti-infantry 2+, assault, pistol|12|Ranged|1|3|4|-2|1
4199|Corsair Skyreavers||1||Shredder|assault, torrent|18|Ranged|D6|N/A|6|0|1
4199|Corsair Skyreavers||1||Shuriken pistol|assault, pistol|12|Ranged|1|3|4|-1|1
4199|Corsair Skyreavers||1||Corsair blade||Melee|Melee|3|3|4|-2|1
4199|Corsair Skyreavers||1||Close combat weapon||Melee|Melee|3|3|3|0|1
4199|Corsair Skyreavers||1||Blaster|assault|18|Ranged|1|3|8|-4|D6+1
4199|Corsair Skyreavers||1||Blast pistol|assault, pistol|6|Ranged|1|3|8|-3|D3
4199|Corsair Skyreavers||1||Flamer|assault, ignores cover, torrent|12|Ranged|D6|N/A|4|0|1
4199|Corsair Skyreavers||1||Fusion gun|assault, melta 2|12|Ranged|1|3|8|-4|D6
4200|Starfangs||1||Disintegrator cannon|assault|36|Ranged|3|3|6|-3|2
4200|Starfangs||1||Starfang grenade launcher|assault, blast|36|Ranged|D3|3|6|-3|2
4200|Starfangs||1||Wraithbone hull||Melee|Melee|3|4|6|0|1
4201||1|1||Kromlôk’s Revenge – graviton strikes|anti-monster 3+, anti-vehicle 3+|Melee|Melee|4|2|10|-2|4
4201||2|2||Kromlôk’s Revenge – plasma sweeps||Melee|Melee|8|2|7|-2|2
4201||3|1||Warforge Gauntlets|extra attacks|Melee|Melee|2|2|6|-2|1
4202||1|1||Rending claw||Melee|Melee|4|2|8|-2|3
4202||2|1||Lash whip|extra attacks|Melee|Melee|8|2|4|-2|1
4202||3|1||Scything talons||Melee|Melee|6|2|6|-2|2
4203||1|1||Fusion eliminator|melta 2|18|Ranged|2|2|10|-4|D6
4203||2|1||Ion scattercannon – standard|rapid fire 2|18|Ranged|4|2|7|-2|2
4203||3|2||Ion scattercannon – overcharge|hazardous, rapid fire 2|18|Ranged|4|2|8|-3|3
4203||4|1||Shardstorm burst system|pistol|18|Ranged|D6|2|5|0|1
4203||5|1||Twin pulse blaster|assault, twin-linked|10|Ranged|2|5|6|-1|1
4203||6|1||XV pulse pistol|rapid fire 2|12|Ranged|2|2|6|-1|2
4203||7|1||Fusion eliminator|extra attacks|Melee|Melee|1|4|10|-4|D6+2
4203||8|1||Ion scattercannon|extra attacks|Melee|Melee|3|4|7|-2|2
4203||9|1||XV pulse pistol||Melee|Melee|4|3|6|-1|2
4204|Ferren Areios|1|1||Heavy bolt pistol |Pistol|18|Ranged|1|2|4|-1|1
4204|Ferren Areios|2|1||Relic thunder hammer|devastating wounds|Melee|Melee|5|2|8|-2|3
4205||1|1||Baleflamer|ignores cover, torrent|12|Ranged|D6+3|N/A|6|-1|2
4205||2|1||Combi-bolter|rapid fire 2|24|Ranged|2|2|4|0|1
4205||3|1||Last Argument and power fist|devastating wounds|Melee|Melee|7|2|10|-2|2
4205||4|1||Servo-harness|extra attacks, anti-vehicle 2+|Melee|Melee|3|2|6|-2|2
4206|Mutilators|1|1||Fleshmetal weapons - clawed sweeps||Melee|Melee|6|3|6|-2|1
4206|Mutilators|2|2||Fleshmetal weapons - rending strikes||Melee|Melee|4|3|9|-3|3
4206|Mutilators|3|3||Fleshmetal weapons - thunderous blows||Melee|Melee|2|3|12|-4|D6+2
4207|Defiler|1|1||Ectoplasma destructor|blast, rapid fire 2|36|Ranged|D6|4|12|-3|3
4207|Defiler|2|1||Excruciator cannon|rapid fire 3|36|Ranged|6|4|6|-1|2
4207|Defiler|3|1||Heavy baleflamer|ignores cover, torrent|12|Ranged|D6+3|N/A|7|-2|2
4207|Defiler|4|1||Hades battle cannon|blast, rapid fire 3|48|Ranged|D6+3|4|10|-1|3
4207|Defiler|5|1||Hades lascannon|rapid fire 1|48|Ranged|2|4|12|-3|D6+1
4207|Defiler|6|1||Heavy missile launcher – krak|rapid fire 1|48|Ranged|2|4|10|-2|D6+1
4207|Defiler|7|2||Heavy missile launcher – frag|blast, rapid fire 3|48|Ranged|2D6|4|5|-1|1
4207|Defiler|8|1||Heavy reaper autocannon|devastating wounds, rapid fire 2, sustained hits 1|48|Ranged|4|4|9|-1|3
4207|Defiler|9|1||Magma cutters|melta 2, rapid fire 1|12|Ranged|2|4|9|-4|D6
4207|Defiler|10|1||Electroscourge|extra attacks, sustained hits 2|Melee|Melee|7|3|12|-2|2
4207|Defiler|11|1||Shearing claws – strike||Melee|Melee|6|3|16|-3|D6+1
4207|Defiler|12|2||Shearing claws – sweep||Melee|Melee|12|3|6|-2|1
4208|Defiler|1|1||Hades battle cannon|blast|48|Ranged|D6+3|3|10|-1|3
4208|Defiler|2|1||Ectoplasma destructor|blast|36|Ranged|D6|3|12|-3|3
4208|Defiler|3|1||Excruciator cannon||36|Ranged|6|3|6|-1|2
4208|Defiler|4|1||Magma cutters|melta 2|12|Ranged|2|3|9|-4|D6
4208|Defiler|5|1||Heavy baleflamer|ignores cover, torrent|12|Ranged|D6+3|N/A|7|-2|2
4208|Defiler|6|1||Hades lascannon||48|Ranged|2|3|12|-3|D6+1
4208|Defiler|7|1||Heavy reaper autocannon|devastating wounds, sustained hits 1|48|Ranged|4|3|9|-1|3
4208|Defiler|8|1||Heavy missile launcher – krak||48|Ranged|2|3|10|-2|D6+1
4208|Defiler|9|2||Heavy missile launcher – frag|blast|48|Ranged|2D6|3|5|-1|1
4208|Defiler|10|1||Shearing claws – strike|precision|Melee|Melee|5|3|16|-3|D6+1
4208|Defiler|11|2||Shearing claws – sweep||Melee|Melee|10|3|6|-2|1
4208|Defiler|12|1||Electroscourge|extra attacks, sustained hits 2|Melee|Melee|5|3|12|-2|2
4209|Defiler|1|1||Ectoplasma destructor|blast, lethal hits|36|Ranged|D6|3|12|-3|3
4209|Defiler|2|1||Excruciator cannon|lethal hits|36|Ranged|6|3|6|-1|2
4209|Defiler|3|1||Hades battle cannon|blast, lethal hits|48|Ranged|D6+3|3|10|-1|3
4209|Defiler|4|1||Hades lascannon|lethal hits|48|Ranged|2|3|12|-3|D6+1
4209|Defiler|5|1||Heavy baleflamer|ignores cover, torrent|12|Ranged|D6+3|N/A|7|-2|2
4209|Defiler|6|1||Heavy missile launcher – krak|lethal hits|48|Ranged|2|3|10|-2|D6+1
4209|Defiler|7|2||Heavy missile launcher – frag|blast, lethal hits|48|Ranged|2D6|3|5|-1|1
4209|Defiler|8|1||Heavy reaper autocannon|devastating wounds, lethal hits, sustained hits 1|48|Ranged|4|3|9|-1|3
4209|Defiler|9|1||Magma cutters|lethal hits, melta 2|12|Ranged|2|3|9|-4|D6
4209|Defiler|10|1||Electroscourge|extra attacks, sustained hits 2|Melee|Melee|5|3|12|-2|2
4209|Defiler|11|1||Shearing claws – strike|lethal hits|Melee|Melee|5|3|16|-3|D6+1
4209|Defiler|12|2||Shearing claws – sweep|lethal hits|Melee|Melee|10|3|6|-2|1
4210|Thulia Ghuld|1|1||Jericho-class conversion resonator – titanic impact|devastating wounds|24|Ranged|2|2|12|-3|D6+2
4210|Thulia Ghuld|2|2||Jericho-class conversion resonator – shockwave|blast, sustained hits 1|24|Ranged|D6+2|2|6|-2|1
4210|Thulia Ghuld|3|1||Rod of the War Forge – strike||Melee|Melee|6|2|10|-2|3
4210|Thulia Ghuld|4|2||Rod of the War Forge – sweep||Melee|Melee|12|2|6|-1|1
4211|Hastarii Exterminators|1|1||Hastarii arc blaster|anti-vehicle 4+, devastating wounds|18|Ranged|1|4|6|-1|2
4211|Hastarii Exterminators|2|1||Eradication caster – dissipated|anti-infantry 4+|30|Ranged|2|4|5|-1|2
4211|Hastarii Exterminators|3|2||Eradication caster – focused|anti-infantry 4+|15|Ranged|2|4|5|-2|2
4211|Hastarii Exterminators|4|1||Close-combat weapon||Melee|Melee|1|4|4|0|1
4211|Hastarii Exterminators|5|1||Power weapon||Melee|Melee|2|4|5|-2|1
4212|Hastarii Fusiliers|1|1||Neutron fusil||24|Ranged|1|4|12|-3|D6+1
4212|Hastarii Fusiliers|2|1||Hastarii phosphor blaster|ignores cover|18|Ranged|2|4|5|0|1
4212|Hastarii Fusiliers|3|1||Close-combat weapon||Melee|Melee|1|4|4|0|1
4212|Hastarii Fusiliers|4|1||Power weapon||Melee|Melee|2|4|5|-2|1
4213|Knight Destrier|1|1||Chastiser gatling cannon|assault|24|Ranged|12|3|6|-1|2
4213|Knight Destrier|2|1||Frag bombard|assault, blast, rapid fire d6+3|24|Ranged|D6+3|3|7|-1|2
4213|Knight Destrier|3|1||Questoris heavy stubber|assault, rapid fire 3|36|Ranged|6|3|4|-1|1
4213|Knight Destrier|4|1||Bellatus reaper chainsword – strike||Melee|Melee|5|3|12|-3|D3+3
4213|Knight Destrier|5|2||Bellatus reaper chainsword – sweep||Melee|Melee|10|3|8|-2|2
4213|Knight Destrier|6|1||Thundershock spear – strike|lance|Melee|Melee|4|3|12|-3|D3+3
4213|Knight Destrier|7|2||Thundershock spear – sweep|lance|Melee|Melee|8|3|6|-3|2
4213|Knight Destrier|8|1||Titanic feet||Melee|Melee|4|4|7|-1|2
4214|Inquisitor Kroyle|1|1||Jindarii tox-cycler|anti-monster 2+, heavy, precision|36|Ranged|1|2|6|-2|2
4214|Inquisitor Kroyle|2|1||Stubcarbine|pistol|12|Ranged|2|2|5|-2|2
4214|Inquisitor Kroyle|3|1||Butcher blade||Melee|Melee|5|3|4|-2|1
4214|Inquisitor Kroyle|4|1||Garralisk's claws and teeth|extra attacks|Melee|Melee|4|4|5|-1|1
4215|Intranzia Fraye|1|1||Heavy bolter|sustained hits 1|36|Ranged|3|2|5|-1|2
4215|Intranzia Fraye|2|1||Melta missile array|melta 2|24|Ranged|2|2|9|-2|D3
4215|Intranzia Fraye|3|1||Ministorum heavy flamer|ignores cover, torrent|12|Ranged|D6|N/A|6|-1|1
4215|Intranzia Fraye|4|1||Mace of Saint Praxedes|sustained hits 1|Melee|Melee|4|2|6|-2|2
4215|Intranzia Fraye|5|1||Throne of Blame|extra attacks|Melee|Melee|4|4|6|0|1
4216|Commissar Yarrick|1|1||Bale Eye|precision|12|Ranged|2|2|6|-2|D3+1
4216|Commissar Yarrick|2|1||Laspistol|pistol|12|Ranged|1|2|3|0|1
4216|Commissar Yarrick|3|1||Storm bolter|rapid fire 2|24|Ranged|2|2|4|0|1
4216|Commissar Yarrick|4|1||Power klaw||Melee|Melee|4|2|8|-2|2
4216|Commissar Yarrick|5|1||Power sword||Melee|Melee|6|2|4|-2|1
4217|Commissar Graves|1|1||Chiron gatling cannon||24|Ranged|12|3|5|0|1
4217|Commissar Graves|2|1||Prefectus heavy stubber|rapid fire 3|36|Ranged|3|3|5|0|1
4217|Commissar Graves|3|1||Armoured hull|extra attacks|Melee|Melee|3|4|6|0|1
4217|Commissar Graves|4|1||Enforcer crew|extra attacks|Melee|Melee|10|4|3|0|1
4217|Commissar Graves|5|1||Power sword and Manus Mortis|lance|Melee|Melee|5|2|6|-2|2
4218|Commissar Graves on Foot|1|1||Bolt pistol|pistol|12|Ranged|1|2|4|0|1
4218|Commissar Graves on Foot|2|1||Power sword and Manus Mortis||Melee|Melee|5|2|6|-2|2
4219|Hippogriff AFV|1|1||Chiron gatling cannon|assault|24|Ranged|12|4|5|0|1
4219|Hippogriff AFV|2|1||Heavy stubber|assault, rapid fire 3|36|Ranged|3|4|4|0|1
4219|Hippogriff AFV|3|1||Lascannon|assault|48|Ranged|1|4|12|-3|D6+1
4219|Hippogriff AFV|4|1||Melta cannon|assault, melta 2|18|Ranged|2|4|9|-4|D6
4219|Hippogriff AFV|5|1||Meltagun|assault, melta 2|12|Ranged|1|4|9|-4|D6
4219|Hippogriff AFV|6|1||Vigilator cannon|assault, blast|36|Ranged|D6|4|8|-1|2
4219|Hippogriff AFV|7|1||Armoured hull||Melee|Melee|3|4|5|0|1
4220|Centaur RSV|1|1||Pintle-mounted heavy stubber|rapid fire 3|36|Ranged|3|4|4|0|1
4220|Centaur RSV|2|1||Armoured hull||Melee|Melee|3|4|6|0|1
4221|Wazdakka Gutsmek|1|1||Grabba Dragga|ASSAULT, Precision|12|Ranged|1|2|10|-2|3
4221|Wazdakka Gutsmek|2|1||Psyko-gatler|ASSAULT, LETHAL HITS: non-MONSTER/VEHICLE, Sustained Hits 1|24|Ranged|12|4|6|-2|2
4221|Wazdakka Gutsmek|3|1||Speeding Bulk and Flaming Exhaust|CLEAVE 1, Extra Attacks|Melee|Melee|3|2|5|-1|1
4221|Wazdakka Gutsmek|4|1||Fixit’s Wrench|Extra Attacks|Melee|Melee|1|4|3|0|1
4221|Wazdakka Gutsmek|5|1||Grabba Dragga|CLEAVE 2, Lance|Melee|Melee|6|2|10|-2|3
4222|Centaur RSV||1||Pintle-mounted heavy stubber|rapid fire 3|36|Ranged|3|4|4|0|1
4222|Centaur RSV||1||Armoured hull||Melee|Melee|3|4|6|0|1
4223|Hippogriff AFV||1||Vigilator cannon|assault, blast|36|Ranged|D6|4|8|-1|2
4223|Hippogriff AFV||1||Chiron gatling cannon|assault|24|Ranged|12|4|5|0|1
4223|Hippogriff AFV||1||Heavy stubber|assault, rapid fire 3|36|Ranged|3|4|4|0|1
4223|Hippogriff AFV||1||Lascannon|assault|48|Ranged|1|4|12|-3|D6+1
4223|Hippogriff AFV||1||Melta cannon|assault, melta 2|18|Ranged|2|4|9|-4|D6
4223|Hippogriff AFV||1||Meltagun|assault, melta 2|12|Ranged|1|4|9|-4|D6
4223|Hippogriff AFV||1||Armoured hull||Melee|Melee|3|4|5|0|1
4224|Cadian Recon Squad|1|1||Autostubber|rapid fire 3|24|Ranged|3|4|4|0|1
4224|Cadian Recon Squad|2|1||Lasgun|assault, rapid fire 1|24|Ranged|1|4|3|0|1
4224|Cadian Recon Squad|3|1||Laspistol|pistol|12|Ranged|1|4|3|0|1
4224|Cadian Recon Squad|4|1||Long-las|heavy, precision|36|Ranged|1|4|4|-2|2
4224|Cadian Recon Squad|5|1||Meltagun|melta 2|12|Ranged|1|4|9|-4|D6
4224|Cadian Recon Squad|6|1||Missile launcher – frag|blast, heavy|48|Ranged|D6|5|4|0|1
4224|Cadian Recon Squad|7|2||Missile launcher – krak|heavy|48|Ranged|1|5|9|-2|D6
4224|Cadian Recon Squad|8|1||Plasma gun – standard|rapid fire 1|24|Ranged|1|4|7|-2|1
4224|Cadian Recon Squad|9|2||Plasma gun – supercharge|hazardous, rapid fire 1|24|Ranged|1|4|8|-3|2
4224|Cadian Recon Squad|10|1||Close combat weapon||Melee|Melee|1|4|3|0|1
4225||1|1||Gaping maw|extra attacks, devastating wounds, precision|Melee|Melee|1|2|5|-|D3+2
4225||2|1||Scything talons||Melee|Melee|12|2|7|-2|2
4226|||1||Scything talons||Melee|Melee|12|2|7|-2|2
4226|||1||Gaping maw|extra attacks, devastating wounds, precision|Melee|Melee|1|2|5|-|D3+2
4227|Bannernob|1|1||Shoota|LETHAL HITS: non-MONSTER/VEHICLE, Rapid Fire 1|18|Ranged|2|5|4|0|1
4227|Bannernob|2|1||Kustom Choppa||Melee|Melee|4|3|5|-2|2
4228|Bigboss|1|1||Slugga|CLOSE-QUARTERS, LETHAL HITS: non-MONSTER/VEHICLE|12|Ranged|1|5|4|0|1
4228|Bigboss|2|1||Big Choppa|Precision|Melee|Melee|5|3|7|-2|2
4229|Big Mek Dakkarig|1|1||Blitzkannon|Ignores Cover, LETHAL HITS: non-MONSTER/VEHICLE|24|Ranged|8|4|7|-2|2
4229|Big Mek Dakkarig|2|1||Multi-busta Launcha|Ignores Cover, Lethal Hits|24|Ranged|6|5|10|-2|3
4229|Big Mek Dakkarig|3|1||Stompy Feet||Melee|Melee|4|3|6|-1|1
4231|Eradicator Squad|1|1||Bolt pistol|close-quarters|12|Ranged|1|3|4|0|1
4231|Eradicator Squad|2|1||Heavy bolter|heavy, sustained hits 1|36|Ranged|3|3|5|-1|2
4231|Eradicator Squad|3|1||Close-combat weapon||Melee|Melee|3|3|4|0|1
4232|Wolf Guard Battle Leader In Terminator Armour|1|1||Combi-weapon|anti-infantry 4+, devastating wounds, rapid fire 1|24|Ranged|1|3|4|0|1
4232|Wolf Guard Battle Leader In Terminator Armour|2|1||Storm bolter|rapid fire 2|24|Ranged|2|2|4|0|1
4232|Wolf Guard Battle Leader In Terminator Armour|3|1||Chainfist|anti-vehicle 3+|Melee|Melee|4|3|8|-2|2
4232|Wolf Guard Battle Leader In Terminator Armour|4|1||Close combat weapon||Melee|Melee|5|3|4|0|1
4232|Wolf Guard Battle Leader In Terminator Armour|5|1||Power weapon||Melee|Melee|5|2|5|-2|1
4232|Wolf Guard Battle Leader In Terminator Armour|6|1||Power fist||Melee|Melee|4|2|8|-2|2
4232|Wolf Guard Battle Leader In Terminator Armour|7|1||Thunder hammer|devastating wounds|Melee|Melee|4|3|8|-2|2
4232|Wolf Guard Battle Leader In Terminator Armour|8|1||Twin lightning claws|twin-linked|Melee|Melee|6|2|5|-2|1
4233|Wolf Guard Battle Leader On Thunderwolf|1|1||Bolt pistol|pistol|12|Ranged|1|2|4|0|1
4233|Wolf Guard Battle Leader On Thunderwolf|2|1||Combi-weapon|anti-infantry 4+, devastating wounds, rapid fire 1|24|Ranged|1|3|4|0|1
4233|Wolf Guard Battle Leader On Thunderwolf|3|1||Master-crafted boltgun||24|Ranged|2|2|4|0|2
4233|Wolf Guard Battle Leader On Thunderwolf|4|1||Plasma pistol – standard|pistol|12|Ranged|1|2|7|-2|1
4233|Wolf Guard Battle Leader On Thunderwolf|5|2||Plasma pistol – supercharge|hazardous, pistol|12|Ranged|1|2|8|-3|2
4233|Wolf Guard Battle Leader On Thunderwolf|6|1||Storm bolter|rapid fire 2|24|Ranged|2|2|4|0|1
4233|Wolf Guard Battle Leader On Thunderwolf|7|1||Close combat weapon||Melee|Melee|5|3|4|0|1
4233|Wolf Guard Battle Leader On Thunderwolf|8|1||Crushing teeth and claws|extra attacks|Melee|Melee|3|4|5|-1|1
4233|Wolf Guard Battle Leader On Thunderwolf|9|1||Power fist||Melee|Melee|4|2|8|-2|2
4233|Wolf Guard Battle Leader On Thunderwolf|10|1||Relic weapon||Melee|Melee|5|2|5|-2|2
4233|Wolf Guard Battle Leader On Thunderwolf|11|1||Thunder hammer|devastating wounds|Melee|Melee|4|3|8|-2|2
4233|Wolf Guard Battle Leader On Thunderwolf|12|1||Twin lightning claws|twin-linked|Melee|Melee|6|2|5|-2|1
4234|Company Champion On Bike|1|1||Bolt pistol|pistol|12|Ranged|1|3|4|0|1
4234|Company Champion On Bike|2|1||Twin boltgun|twin-linked|24|Ranged|2|3|4|0|1
4234|Company Champion On Bike|3|1||Master-crafted power weapon|precision|Melee|Melee|4|2|5|-2|2
4235|Dragon Knights|1|1||Laser Lance|assault|6|Ranged|1|3|6|-2|3
4235|Dragon Knights|2|1||Solar Carbine|Rapid Fire 2|18|Ranged|2|3|4|0|1
4235|Dragon Knights|3|1||Drakesteed Fangs and Talons|Extra Attacks|Melee|Melee|3|3|5|-1|1
4235|Dragon Knights|4|1||Laser Lance|Lance|Melee|Melee|3|3|6|-2|3
4236|Leystalker|1|1||Long Rifle|DEVASTATING WOUNDS: non-MONSTER/VEHICLE, Precision|36|Ranged|2|2|6|-2|3
4236|Leystalker|2|1||Drakesteed Fangs and Talons|Extra Attacks|Melee|Melee|3|3|5|-1|1
4236|Leystalker|3|1||Hunting Blades||Melee|Melee|2|3|3|-1|1
4237|Stonesinger|1|1||Song of Waning|ANTI-MONSTER/VEHICLE 3+, PSYCHIC|24|Ranged|3|3|4|-2|3
4237|Stonesinger|2|1||Solar Carbine|Rapid Fire 2|18|Ranged|2|3|4|0|1
4237|Stonesinger|3|1||Venomcrest Spit|ANTI-non-MONSTER/VEHICLE 3+, BLAST 1, Torrent|12|Ranged|3|-|3|-2|2
4237|Stonesinger|4|1||Drakesteed Fangs and Talons|Extra Attacks|Melee|Melee|3|3|5|-1|1
4237|Stonesinger|5|1||Stone Stave|ANTI-non-MONSTER/VEHICLE 2+, PSYCHIC|Melee|Melee|3|3|3|-1|2
4238|Clanblade|1|1||Solar Carbine|Rapid Fire 2|18|Ranged|2|3|4|0|1
4238|Clanblade|2|1||Drakesteed Fangs and Talons|Extra Attacks|Melee|Melee|3|3|5|-1|1
4238|Clanblade|3|1||Moonblades|Lethal Hits, Twin-linked|Melee|Melee|5|2|4|-2|2
4239|Runtherd|1|1||Slugga|CLOSE-QUARTERS, LETHAL HITS: non-MONSTER/VEHICLE|12|Ranged|1|5|4|0|1
4239|Runtherd|2|1||Runtherd’s Toolz||Melee|Melee|3|3|5|0|1
4240|Wartrakk|1|1||Kustom Shoota|LETHAL HITS: non-MONSTER/VEHICLE, Rapid Fire 2|18|Ranged|4|5|4|0|1
4240|Wartrakk|2|1||Multi-busta Launcha||24|Ranged|D3+3|5|10|-2|3
4240|Wartrakk|3|1||Kustom Choppa||Melee|Melee|4|3|5|-2|2
4241|Gunwagon|1|1||Big Shoota|LETHAL HITS: non-MONSTER/VEHICLE, Rapid Fire 2|36|Ranged|3|5|5|0|1
4241|Gunwagon|2|1||Kannon - Frag|BLAST 3, Rapid Fire 4|36|Ranged|4|4|5|0|1
4241|Gunwagon|3|2||Kannon - Shell|Rapid Fire 2|36|Ranged|2|4|10|-2|D6+1
4241|Gunwagon|4|1||Killkannon|Anti-Infantry 3+, BLAST 1, Rapid Fire 4|24|Ranged|4|4|6|-3|2
4241|Gunwagon|5|1||Lobba|BLAST 3, Indirect Fire|48|Ranged|3|4|5|0|1
4241|Gunwagon|6|1||Zzap Gun|ANTI-MONSTER/VEHICLE 4+, DEVASTATING WOUNDS: MONSTER/VEHICLE, Rapid Fire 2, Sustained Hits 2|36|Ranged|2|4|8|-2|4
4241|Gunwagon|7|1||Crushin’ Bulk|CLEAVE 2|Melee|Melee|6|3|8|-2|2
4241|Gunwagon|8|1||Grabbin’ Klaw|Extra Attacks|Melee|Melee|2|3|10|-2|2
4241|Gunwagon|9|1||Wreckin’ Ball|CLEAVE 2, Extra Attacks|Melee|Melee|1|3|10|0|D6
4242|Nazdreg|1|1||Kustom Blasta X - Gatler|Hazardous|24|Ranged|6|4|9|-2|3
4242|Nazdreg|2|2||Kustom Blasta X - Shoota|LETHAL HITS: non-MONSTER/VEHICLE, Rapid Fire 2|18|Ranged|4|4|5|-1|1
4242|Nazdreg|3|3||Kustom Blasta X - Skorcha|BLAST 1, Torrent|12|Ranged|3|-|5|-1|1
4242|Nazdreg|4|1||Kustom Blasta X|CLEAVE 1, Extra Attacks|Melee|Melee|6|2|5|-1|1
4242|Nazdreg|5|1||Moonchewa|CLEAVE 1, Twin-linked|Melee|Melee|5|2|12|-2|3
4243|Rukkatrukk Squigbuggy|1|1||Sawn-off Shotgun|ASSAULT, LETHAL HITS: non-MONSTER/VEHICLE|12|Ranged|2|5|4|0|1
4243|Rukkatrukk Squigbuggy|2|1||Squig Launchas|Ignores Cover|24|Ranged|D6+6|4|5|-1|2
4243|Rukkatrukk Squigbuggy|3|1||Saw Blades|CLEAVE 1|Melee|Melee|4|3|7|-1|2
4244|Commissar|1|1||Laspistols|PRECISION|12|Ranged|2|2|3|-1|1
4244|Commissar|2|1||Meltagun|MELTA 2|12|Ranged|1|2|9|-4|D6
4244|Commissar|3|1||Chainsword and Gun But||Melee|Melee|6|2|3|-1|1
